Product Name,Product URL,Price Before,Price After,Stock,Publisher
1968,https://elainpublishinghouse.com/books/1968/,125,125,in stock,دار العين للنشر
آخر من تبقى في طرابلس,https://elainpublishinghouse.com/books/%d8%a2%d8%ae%d8%b1-%d9%85%d9%86-%d8%aa%d8%a8%d9%82%d9%89-%d9%81%d9%8a-%d8%b7%d8%b1%d8%a7%d8%a8%d9%84%d8%b3/,350,350,in stock,دار العين للنشر
آيات عاشق,https://elainpublishinghouse.com/books/%d8%a2%d9%8a%d8%a7%d8%aa-%d8%b9%d8%a7%d8%b4%d9%82/,150,150,in stock,دار العين للنشر
أبناء السبيل,https://elainpublishinghouse.com/books/%d9%85%d8%b5%d8%b1-%d9%88%d8%a5%d8%b3%d8%b1%d8%a7%d8%a6%d9%8a%d9%84-%d9%88%d8%af%d9%88%d9%84-%d8%ad%d9%88%d8%b6-%d8%a7%d9%84%d9%86%d9%8a%d9%84/,350,350,in stock,دار العين للنشر
أبو المحاسن بن تغري بردي مؤرخ مصر المملوكية,https://elainpublishinghouse.com/books/%d8%a3%d8%a8%d9%88-%d8%a7%d9%84%d9%85%d8%ad%d8%a7%d8%b3%d9%86-%d8%a8%d9%86-%d8%aa%d8%ba%d8%b1%d9%8a-%d8%a8%d8%b1%d8%af%d9%8a/,250,250,in stock,دار العين للنشر
أبو حريبة: مأساة إيزيس الثانية,https://elainpublishinghouse.com/books/%d8%a3%d8%a8%d9%88-%d8%ad%d8%b1%d9%8a%d8%a8%d8%a9-%d9%85%d8%a3%d8%b3%d8%a7%d8%a9-%d8%a5%d9%8a%d8%b2%d9%8a%d8%b3-%d8%a7%d9%84%d8%ab%d8%a7%d9%86%d9%8a%d8%a9/,200,200,in stock,دار العين للنشر
أثار جانبية للوردة,https://elainpublishinghouse.com/books/%d8%a3%d8%ab%d8%a7%d8%b1-%d8%ac%d8%a7%d9%86%d8%a8%d9%8a%d8%a9-%d9%84%d9%84%d9%88%d8%b1%d8%af%d8%a9/,125,125,in stock,دار العين للنشر
أجراس لا يسمعها أحد,https://elainpublishinghouse.com/books/%d8%a3%d8%ac%d8%b1%d8%a7%d8%b3-%d9%84%d8%a7-%d9%8a%d8%b3%d9%85%d8%b9%d9%87%d8%a7-%d8%a3%d8%ad%d8%af/,300,300,in stock,دار العين للنشر
أحسن القصص.. نحو قراءة دلالية في القرآن الكريم,https://elainpublishinghouse.com/books/%d8%a3%d8%ad%d8%b3%d9%86-%d8%a7%d9%84%d9%82%d8%b5%d8%b5-%d9%86%d8%ad%d9%88-%d9%82%d8%b1%d8%a7%d8%a1%d8%a9-%d8%af%d9%84%d8%a7%d9%84%d9%8a%d8%a9-%d9%81%d9%8a-%d8%a7%d9%84%d9%82%d8%b1%d8%a2%d9%86/,300,300,in stock,دار العين للنشر
أحلام صوفية,https://elainpublishinghouse.com/books/%d8%a3%d8%ad%d9%84%d8%a7%d9%85-%d8%b5%d9%88%d9%81%d9%8a%d8%a9/,125,125,in stock,دار العين للنشر
أحلام قابلة للتقشف,https://elainpublishinghouse.com/books/%d8%a3%d8%ad%d9%84%d8%a7%d9%85-%d9%82%d8%a7%d8%a8%d9%84%d8%a9-%d9%84%d9%84%d8%aa%d9%82%d8%b4%d9%81/,100,100,in stock,دار العين للنشر
أحلام ماكلوهان,https://elainpublishinghouse.com/books/%d8%a3%d8%ad%d9%84%d8%a7%d9%85-%d9%85%d8%a7%d9%83%d9%84%d9%88%d9%87%d8%a7%d9%86/,200,200,in stock,دار العين للنشر
أحياء ذاكرة المصريين,https://elainpublishinghouse.com/books/%d8%a3%d8%ad%d9%8a%d8%a7%d8%a1-%d8%b0%d8%a7%d9%83%d8%b1%d8%a9-%d8%a7%d9%84%d9%85%d8%b5%d8%b1%d9%8a%d9%8a%d9%86/,250,250,in stock,دار العين للنشر
أرض الآلات السائبة,https://elainpublishinghouse.com/books/%d8%a3%d8%b1%d8%b6-%d8%a7%d9%84%d8%a2%d9%84%d8%a7%d8%aa-%d8%a7%d9%84%d8%b3%d8%a7%d8%a6%d8%a8%d8%a9/,200,200,in stock,دار العين للنشر
أرض الحذر,https://elainpublishinghouse.com/books/%d8%a3%d8%b1%d8%b6-%d8%a7%d9%84%d8%ad%d8%b0%d8%b1/,250,250,in stock,دار العين للنشر
أركض طاويا العالم تحت إبطى,https://elainpublishinghouse.com/books/%d8%a3%d8%b1%d9%83%d8%b6-%d8%b7%d8%a7%d9%88%d9%8a%d8%a7-%d8%a7%d9%84%d8%b9%d8%a7%d9%84%d9%85-%d8%aa%d8%ad%d8%aa-%d8%a5%d8%a8%d8%b7%d9%89/,100,100,in stock,دار العين للنشر
أسفار النسيان,https://elainpublishinghouse.com/books/%d8%a3%d8%b3%d9%81%d8%a7%d8%b1-%d8%a7%d9%84%d9%86%d8%b3%d9%8a%d8%a7%d9%86/,200,200,in stock,دار العين للنشر
أسلي غربتي يدفء الرخام,https://elainpublishinghouse.com/books/%d8%a3%d8%b3%d9%84%d9%8a-%d8%ba%d8%b1%d8%a8%d8%aa%d9%8a-%d9%8a%d8%af%d9%81%d8%a1-%d8%a7%d9%84%d8%b1%d8%ae%d8%a7%d9%85/,150,150,in stock,دار العين للنشر
أسمح لي أسألك,https://elainpublishinghouse.com/books/%d8%a3%d8%b3%d9%85%d8%ad-%d9%84%d9%8a-%d8%a3%d8%b3%d8%a3%d9%84%d9%83/,175,175,in stock,دار العين للنشر
أشاكس الافق,https://elainpublishinghouse.com/books/%d8%a3%d8%b4%d8%a7%d9%83%d8%b3-%d8%a7%d9%84%d8%a7%d9%81%d9%82/,75,75,in stock,دار العين للنشر
أغار,https://elainpublishinghouse.com/books/%d8%a3%d8%ba%d8%a7%d8%b1/,75,75,in stock,دار العين للنشر
أغنية لامي,https://elainpublishinghouse.com/books/%d8%a3%d8%ba%d9%86%d9%8a%d8%a9-%d9%84%d8%a7%d9%85%d9%8a/,200,200,in stock,دار العين للنشر
أقباط مصر,https://elainpublishinghouse.com/books/%d8%a3%d9%82%d8%a8%d8%a7%d8%b7-%d9%85%d8%b5%d8%b1/,200,200,in stock,دار العين للنشر
أكتب إليك من دمشق,https://elainpublishinghouse.com/books/%d8%a3%d9%83%d8%aa%d8%a8-%d8%a5%d9%84%d9%8a%d9%83-%d9%85%d9%86-%d8%af%d9%85%d8%b4%d9%82/,125,125,in stock,دار العين للنشر
ألغام اليمن السعيد,https://elainpublishinghouse.com/books/%d8%a3%d9%84%d8%ba%d8%a7%d9%85-%d8%a7%d9%84%d9%8a%d9%85%d9%86-%d8%a7%d9%84%d8%b3%d8%b9%d9%8a%d8%af/,125,125,in stock,دار العين للنشر
ألف حكاية وحكاية من الأدب العربي القديم ج1,https://elainpublishinghouse.com/books/%d8%a7%d9%84%d9%81-%d8%ad%d9%83%d8%a7%d9%8a%d8%a9-%d9%88%d8%ad%d9%83%d8%a7%d9%8a%d8%a9-%d9%85%d9%86-%d8%a7%d9%84%d8%a3%d8%af%d8%a8-%d8%a7%d9%84%d8%b9%d8%b1%d8%a8%d9%8a-%d8%a7%d9%84%d9%82%d8%af%d9%8a/,350,350,in stock,دار العين للنشر
ألف حكاية وحكاية من الأدب العربي القديم ج2,https://elainpublishinghouse.com/books/%d8%a3%d9%84%d9%81-%d8%ad%d9%83%d8%a7%d9%8a%d8%a9-%d9%88%d8%ad%d9%83%d8%a7%d9%8a%d8%a9-%d9%85%d9%86-%d8%a7%d9%84%d8%a3%d8%af%d8%a8-%d8%a7%d9%84%d8%b9%d8%b1%d8%a8%d9%8a-%d8%a7%d9%84%d9%82%d8%af%d9%8a/,450,450,in stock,دار العين للنشر
أمين العلواني,https://elainpublishinghouse.com/books/%d8%a3%d9%85%d9%8a%d9%86-%d8%a7%d9%84%d8%b9%d9%84%d9%88%d8%a7%d9%86%d9%8a/,75,75,in stock,دار العين للنشر
أنا وآدم والمونتيسوري,https://elainpublishinghouse.com/books/%d8%a3%d9%86%d8%a7-%d9%88%d8%a2%d8%af%d9%85-%d9%88%d8%a7%d9%84%d9%85%d9%88%d9%86%d8%aa%d9%8a%d8%b3%d9%88%d8%b1%d9%8a/,150,150,in stock,دار العين للنشر
أنفض عنى الغبار,https://elainpublishinghouse.com/books/%d8%a3%d9%86%d9%81%d8%b6-%d8%b9%d9%86%d9%89-%d8%a7%d9%84%d8%ba%d8%a8%d8%a7%d8%b1/,125,125,in stock,دار العين للنشر
أنياب عاجية,https://elainpublishinghouse.com/books/%d8%a3%d9%86%d9%8a%d8%a7%d8%a8-%d8%b9%d8%a7%d8%ac%d9%8a%d8%a9/,250,250,in stock,دار العين للنشر
أهل الحيل والالعاب السحرية في العصر الايوبي والمملوكي,https://elainpublishinghouse.com/books/%d8%a3%d9%87%d9%84-%d8%a7%d9%84%d8%ad%d9%8a%d9%84-%d9%88%d8%a7%d9%84%d8%a7%d9%84%d8%b9%d8%a7%d8%a8-%d8%a7%d9%84%d8%b3%d8%ad%d8%b1%d9%8a%d8%a9-%d9%81%d9%8a-%d8%a7%d9%84%d8%b9%d8%b5%d8%b1-%d8%a7%d9%84/,300,300,in stock,دار العين للنشر
أوجه عديدة للموت: تلاوات البعث,https://elainpublishinghouse.com/books/%d8%a3%d9%88%d8%ac%d9%87-%d8%b9%d8%af%d9%8a%d8%af%d8%a9-%d9%84%d9%84%d9%85%d9%88%d8%aa-%d8%aa%d9%84%d8%a7%d9%88%d8%a7%d8%aa-%d8%a7%d9%84%d8%a8%d8%b9%d8%ab/,300,300,in stock,دار العين للنشر
أوراق الغريب,https://elainpublishinghouse.com/books/%d8%a3%d9%88%d8%b1%d8%a7%d9%82-%d8%a7%d9%84%d8%ba%d8%b1%d9%8a%d8%a8/,225,225,in stock,دار العين للنشر
أورلاندو,https://elainpublishinghouse.com/books/%d8%a3%d9%88%d8%b1%d9%84%d8%a7%d9%86%d8%af%d9%88/,200,200,in stock,دار العين للنشر
أولاد حارتنا,https://elainpublishinghouse.com/books/%d8%a3%d9%88%d9%84%d8%a7%d8%af-%d8%ad%d8%a7%d8%b1%d8%aa%d9%86%d8%a7/,200,200,in stock,دار العين للنشر
أيام الشتات,https://elainpublishinghouse.com/books/%d8%a3%d9%8a%d8%a7%d9%85-%d8%a7%d9%84%d8%b4%d8%aa%d8%a7%d8%aa/,250,250,in stock,دار العين للنشر
أيام جنوب النهر,https://elainpublishinghouse.com/books/%d8%a3%d9%8a%d8%a7%d9%85-%d8%ac%d9%86%d9%88%d8%a8-%d8%a7%d9%84%d9%86%d9%87%d8%b1/,250,250,in stock,دار العين للنشر
أيام كارلوس فى الخرطوم,https://elainpublishinghouse.com/books/%d8%a3%d9%8a%d8%a7%d9%85-%d9%83%d8%a7%d8%b1%d9%84%d9%88%d8%b3-%d9%81%d9%89-%d8%a7%d9%84%d8%ae%d8%b1%d8%b7%d9%88%d9%85/,225,225,in stock,دار العين للنشر
أيام لاتنسي,https://elainpublishinghouse.com/books/%d8%a3%d9%8a%d8%a7%d9%85-%d9%84%d8%a7%d8%aa%d9%86%d8%b3%d9%8a/,50,50,in stock,دار العين للنشر
أيامي مع جوجول,https://elainpublishinghouse.com/books/%d8%a3%d9%8a%d8%a7%d9%85%d9%8a-%d9%85%d8%b9-%d8%ac%d9%88%d8%ac%d9%88%d9%84/,350,350,in stock,دار العين للنشر
إكس لارج,https://elainpublishinghouse.com/books/%d8%a5%d9%83%d8%b3-%d9%84%d8%a7%d8%b1%d8%ac/,150,150,in stock,دار العين للنشر
ابنه القس,https://elainpublishinghouse.com/books/%d8%a7%d8%a8%d9%86%d9%87-%d8%a7%d9%84%d9%82%d8%b3/,125,125,in stock,دار العين للنشر
احتمالات لا نهائية للغياب,https://elainpublishinghouse.com/books/%d8%a7%d8%ad%d8%aa%d9%85%d8%a7%d9%84%d8%a7%d8%aa-%d9%84%d8%a7-%d9%86%d9%87%d8%a7%d8%a6%d9%8a%d8%a9-%d9%84%d9%84%d8%ba%d9%8a%d8%a7%d8%a8/,100,100,in stock,دار العين للنشر
احلام العودة,https://elainpublishinghouse.com/books/%d8%a7%d8%ad%d9%84%d8%a7%d9%85-%d8%a7%d9%84%d8%b9%d9%88%d8%af%d8%a9/,250,250,in stock,دار العين للنشر
احلام فترة العزلة,https://elainpublishinghouse.com/books/%d8%a7%d8%ad%d9%84%d8%a7%d9%85-%d9%81%d8%aa%d8%b1%d8%a9-%d8%a7%d9%84%d8%b9%d8%b2%d9%84%d8%a9/,300,300,in stock,دار العين للنشر
استقلال المرأة فى الاسلام,https://elainpublishinghouse.com/books/%d8%a7%d8%b3%d8%aa%d9%82%d9%84%d8%a7%d9%84-%d8%a7%d9%84%d9%85%d8%b1%d8%a3%d8%a9-%d9%81%d9%89-%d8%a7%d9%84%d8%a7%d8%b3%d9%84%d8%a7%d9%85/,150,150,in stock,دار العين للنشر
استكشاف كنوز وآثار الصحراء الشرقية المصرية: مصر عام 1907,https://elainpublishinghouse.com/books/%d8%a7%d8%b3%d8%aa%d9%83%d8%b4%d8%a7%d9%81-%d9%83%d9%86%d9%88%d8%b2-%d9%88%d8%a2%d8%ab%d8%a7%d8%b1-%d8%a7%d9%84%d8%b5%d8%ad%d8%b1%d8%a7%d8%a1-%d8%a7%d9%84%d8%b4%d8%b1%d9%82%d9%8a%d8%a9-%d8%a7%d9%84/,350,350,in stock,دار العين للنشر
استل خنجرك واتربص بجسدي,https://elainpublishinghouse.com/books/%d8%a7%d8%b3%d8%aa%d9%84-%d8%ae%d9%86%d8%ac%d8%b1%d9%83-%d9%88%d8%a7%d8%aa%d8%b1%d8%a8%d8%b5-%d8%a8%d8%ac%d8%b3%d8%af%d8%b3/,200,200,in stock,دار العين للنشر
اسرار حميمة,https://elainpublishinghouse.com/books/%d8%a7%d8%b3%d8%b1%d8%a7%d8%b1-%d8%ad%d9%85%d9%8a%d9%85%d8%a9/,150,150,in stock,دار العين للنشر
اسكندرية فين ؟,https://elainpublishinghouse.com/books/%d8%a7%d8%b3%d9%83%d9%86%d8%af%d8%b1%d9%8a%d8%a9-%d9%81%d9%8a%d9%86-%d8%9f/,150,150,in stock,دار العين للنشر
اطلاق الروح البرية للمرأة,https://elainpublishinghouse.com/books/%d8%a7%d8%b7%d9%84%d8%a7%d9%82-%d8%a7%d9%84%d8%b1%d9%88%d8%ad-%d8%a7%d9%84%d8%a8%d8%b1%d9%8a%d8%a9-%d9%84%d9%84%d9%85%d8%b1%d8%a3%d8%a9/,200,200,in stock,دار العين للنشر
افريقيا المدهشة,https://elainpublishinghouse.com/books/%d8%a7%d9%81%d8%b1%d9%8a%d9%82%d9%8a%d8%a7-%d8%a7%d9%84%d9%85%d8%af%d9%87%d8%b4%d8%a9/,200,200,in stock,دار العين للنشر
الأخلاق,https://elainpublishinghouse.com/books/%d8%a7%d9%84%d8%a3%d8%ae%d9%84%d8%a7%d9%82/,90,90,in stock,دار العين للنشر
الأرجوحة 13,https://elainpublishinghouse.com/books/%d8%a7%d9%84%d8%a3%d8%b1%d8%ac%d9%88%d8%ad%d8%a9-13/,150,150,in stock,دار العين للنشر
الأصنام,https://elainpublishinghouse.com/books/%d8%a7%d9%84%d8%a3%d8%b5%d9%86%d8%a7%d9%85/,200,200,in stock,دار العين للنشر
الأميرة تاراكانوفا,https://elainpublishinghouse.com/books/%d8%a7%d9%84%d8%a3%d9%85%d9%8a%d8%b1%d8%a9-%d8%aa%d8%a7%d8%b1%d8%a7%d9%83%d8%a7%d9%86%d9%88%d9%81%d8%a7/,350,350,in stock,دار العين للنشر
الأوغاد لا يسمعون الموسيقى,https://elainpublishinghouse.com/books/%d8%a7%d9%84%d8%a3%d9%88%d8%ba%d8%a7%d8%af-%d9%84%d8%a7-%d9%8a%d8%b3%d9%85%d8%b9%d9%88%d9%86-%d8%a7%d9%84%d9%85%d9%88%d8%b3%d9%8a%d9%82%d9%89/,125,125,in stock,دار العين للنشر
الإدارة والدستور.. التوازن المفقود,https://elainpublishinghouse.com/books/%d8%a7%d9%84%d8%a5%d8%af%d8%a7%d8%b1%d8%a9-%d9%88%d8%a7%d9%84%d8%af%d8%b3%d8%aa%d9%88%d8%b1-%d8%a7%d9%84%d8%aa%d9%88%d8%a7%d8%b2%d9%86-%d8%a7%d9%84%d9%85%d9%81%d9%82%d9%88%d8%af/,300,300,in stock,دار العين للنشر
الإسلام الوهابى وتراث العفاريت,https://elainpublishinghouse.com/books/%d8%a7%d9%84%d8%a5%d8%b3%d9%84%d8%a7%d9%85-%d8%a7%d9%84%d9%88%d9%87%d8%a7%d8%a8%d9%89-%d9%88%d8%aa%d8%b1%d8%a7%d8%ab-%d8%a7%d9%84%d8%b9%d9%81%d8%a7%d8%b1%d9%8a%d8%aa/,250,250,in stock,دار العين للنشر
الابواب المنزلقة,https://elainpublishinghouse.com/books/%d8%a7%d9%84%d8%a7%d8%a8%d9%88%d8%a7%d8%a8-%d8%a7%d9%84%d9%85%d9%86%d8%b2%d9%84%d9%82%d8%a9/,100,100,in stock,دار العين للنشر
الاشياء في ملكوتها,https://elainpublishinghouse.com/books/%d8%a7%d9%84%d8%a7%d8%b4%d9%8a%d8%a7%d8%a1-%d9%81%d9%8a-%d9%85%d9%84%d9%83%d9%88%d8%aa%d9%87%d8%a7/,150,150,in stock,دار العين للنشر
الاقباط والدولة المسلمة الملتبسة,https://elainpublishinghouse.com/books/%d8%a7%d9%84%d8%a7%d9%82%d8%a8%d8%a7%d8%b7-%d9%88%d8%a7%d9%84%d8%af%d9%88%d9%84%d8%a9-%d8%a7%d9%84%d9%85%d8%b3%d9%84%d9%85%d8%a9-%d8%a7%d9%84%d9%85%d9%84%d8%aa%d8%a8%d8%b3%d8%a9/,350,350,in stock,دار العين للنشر
الام أسفل الظهر و الانزلاق الغضروفى,https://elainpublishinghouse.com/books/%d8%a7%d9%84%d8%a7%d9%85-%d8%a3%d8%b3%d9%81%d9%84-%d8%a7%d9%84%d8%b8%d9%87%d8%b1-%d9%88-%d8%a7%d9%84%d8%a7%d9%86%d8%b2%d9%84%d8%a7%d9%82-%d8%a7%d9%84%d8%ba%d8%b6%d8%b1%d9%88%d9%81%d9%89/,150,150,in stock,دار العين للنشر
الامية المقدسة,https://elainpublishinghouse.com/books/%d8%a7%d9%84%d8%a7%d9%85%d9%8a%d8%a9-%d8%a7%d9%84%d9%85%d9%82%d8%af%d8%b3%d8%a9/,200,200,in stock,دار العين للنشر
الباذنجانة الزرقاء,https://elainpublishinghouse.com/books/%d8%a7%d9%84%d8%a8%d8%a7%d8%b0%d9%86%d8%ac%d8%a7%d9%86%d8%a9-%d8%a7%d9%84%d8%b2%d8%b1%d9%82%d8%a7%d8%a1/,250,250,in stock,دار العين للنشر
البلاغة العامة والبلاغات الخاصة,https://elainpublishinghouse.com/books/%d8%a7%d9%84%d8%a8%d9%84%d8%a7%d8%ba%d8%a9-%d8%a7%d9%84%d8%b9%d8%a7%d9%85%d8%a9-%d9%88%d8%a7%d9%84%d8%a8%d9%84%d8%a7%d8%ba%d8%a7%d8%aa-%d8%a7%d9%84%d8%ae%d8%a7%d8%b5%d8%a9/,200,200,in stock,دار العين للنشر
البلاغة والفلسفة,https://elainpublishinghouse.com/books/%d8%a7%d9%84%d8%a8%d9%84%d8%a7%d8%ba%d8%a9-%d9%88%d8%a7%d9%84%d9%81%d9%84%d8%b3%d9%81%d8%a9/,75,75,in stock,دار العين للنشر
التحفة الذكية في سياحتي مصر والازبكية,https://elainpublishinghouse.com/books/%d8%a7%d9%84%d8%aa%d8%ad%d9%81%d8%a9-%d8%a7%d9%84%d8%b0%d9%83%d9%8a%d8%a9-%d9%81%d9%8a-%d8%b3%d9%8a%d8%a7%d8%ad%d8%aa%d9%8a-%d9%85%d8%b5%d8%b1-%d9%88%d8%a7%d9%84%d8%a7%d8%b2%d8%a8%d9%83%d9%8a%d8%a9/,200,200,in stock,دار العين للنشر
الترجمة الأدبية بين النظرية والتطبيق,https://elainpublishinghouse.com/books/%d8%a7%d9%84%d8%aa%d8%b1%d8%ac%d9%85%d8%a9-%d8%a7%d9%84%d8%a3%d8%af%d8%a8%d9%8a%d8%a9-%d8%a8%d9%8a%d9%86-%d8%a7%d9%84%d9%86%d8%b8%d8%b1%d9%8a%d8%a9-%d9%88%d8%a7%d9%84%d8%aa%d8%b7%d8%a8%d9%8a%d9%82/,250,250,in stock,دار العين للنشر
التغلب على القلق الاجتماعي,https://elainpublishinghouse.com/books/%d8%a7%d9%84%d8%aa%d8%ba%d9%84%d8%a8-%d8%b9%d9%84%d9%89-%d8%a7%d9%84%d9%82%d9%84%d9%82-%d8%a7%d9%84%d8%a7%d8%ac%d8%aa%d9%85%d8%a7%d8%b9%d9%8a/,200,200,in stock,دار العين للنشر
التفرد والنرجسية,https://elainpublishinghouse.com/books/%d8%a7%d9%84%d8%aa%d9%81%d8%b1%d8%af-%d9%88%d8%a7%d9%84%d9%86%d8%b1%d8%ac%d8%b3%d9%8a%d8%a9/,250,250,in stock,دار العين للنشر
التلاوة المصرية.. قصة التوهج ومسارات الانطفاء,https://elainpublishinghouse.com/books/%d8%a7%d9%84%d8%aa%d9%84%d8%a7%d9%88%d8%a9-%d8%a7%d9%84%d9%85%d8%b5%d8%b1%d9%8a%d8%a9-%d9%82%d8%b5%d8%a9-%d8%a7%d9%84%d8%aa%d9%88%d9%87%d8%ac-%d9%88%d9%85%d8%b3%d8%a7%d8%b1%d8%a7%d8%aa-%d8%a7%d9%84/,300,300,in stock,دار العين للنشر
التموج على ضفة وادي النسيان,https://elainpublishinghouse.com/books/%d8%a7%d9%84%d8%aa%d9%85%d9%88%d8%ac-%d8%b9%d9%84%d9%89-%d8%b6%d9%81%d8%a9-%d9%88%d8%a7%d8%af%d9%8a-%d8%a7%d9%84%d9%86%d8%b3%d9%8a%d8%a7%d9%86/,250,250,in stock,دار العين للنشر
التنشئة السياسية للطرق الصوفية في مصر,https://elainpublishinghouse.com/books/%d8%a7%d9%84%d8%aa%d9%86%d8%b4%d8%a6%d8%a9-%d8%a7%d9%84%d8%b3%d9%8a%d8%a7%d8%b3%d9%8a%d8%a9-%d9%84%d9%84%d8%b7%d8%b1%d9%82-%d8%a7%d9%84%d8%b5%d9%88%d9%81%d9%8a%d8%a9-%d9%81%d9%8a-%d9%85%d8%b5%d8%b1/,80,80,in stock,دار العين للنشر
الثورة الذهنية,https://elainpublishinghouse.com/books/%d8%a7%d9%84%d8%ab%d9%88%d8%b1%d8%a9-%d8%a7%d9%84%d8%b0%d9%87%d9%86%d9%8a%d8%a9/,100,100,in stock,دار العين للنشر
الجرائم ضد الإنسانية بحق الأرمن والمسؤلية الدولية عنها,https://elainpublishinghouse.com/books/%d8%a7%d9%84%d8%ac%d8%b1%d8%a7%d8%a6%d9%85-%d8%b6%d8%af-%d8%a7%d9%84%d8%a5%d9%86%d8%b3%d8%a7%d9%86%d9%8a%d8%a9-%d8%a8%d8%ad%d9%82-%d8%a7%d9%84%d8%a3%d8%b1%d9%85%d9%86-%d9%88%d8%a7%d9%84%d9%85%d8%b3/,325,325,in stock,دار العين للنشر
الجمال في زمن القبح,https://elainpublishinghouse.com/books/%d8%a7%d9%84%d8%ac%d9%85%d8%a7%d9%84-%d9%81%d9%8a-%d8%b2%d9%85%d9%86-%d8%a7%d9%84%d9%82%d8%a8%d8%ad/,200,200,in stock,دار العين للنشر
الجملة العربية,https://elainpublishinghouse.com/books/%d8%a7%d9%84%d8%ac%d9%85%d9%84%d8%a9-%d8%a7%d9%84%d8%b9%d8%b1%d8%a8%d9%8a%d8%a9/,100,100,in stock,دار العين للنشر
الجميلات الثلاث,https://elainpublishinghouse.com/books/%d8%a7%d9%84%d8%ac%d9%85%d9%8a%d9%84%d8%a7%d8%aa-%d8%a7%d9%84%d8%ab%d9%84%d8%a7%d8%ab/,600,600,in stock,دار العين للنشر
الجميلة سوف تأتى,https://elainpublishinghouse.com/books/%d8%a7%d9%84%d8%ac%d9%85%d9%8a%d9%84%d8%a9-%d8%b3%d9%88%d9%81-%d8%aa%d8%a3%d8%aa%d9%89/,175,175,in stock,دار العين للنشر
الحرب والجسد,https://elainpublishinghouse.com/books/%d8%a7%d9%84%d8%ad%d8%b1%d8%a8-%d9%88%d8%a7%d9%84%d8%ac%d8%b3%d8%af/,300,300,in stock,دار العين للنشر
الحزب السياسي,https://elainpublishinghouse.com/books/%d8%a7%d9%84%d8%ad%d8%b2%d8%a8-%d8%a7%d9%84%d8%b3%d9%8a%d8%a7%d8%b3%d9%8a/,250,250,in stock,دار العين للنشر
الحشاشون: صفحات من تاريخ وأساطير النزارية,https://elainpublishinghouse.com/books/%d8%a7%d9%84%d8%ad%d8%b4%d8%a7%d8%b4%d9%88%d9%86-%d8%b5%d9%81%d8%ad%d8%a7%d8%aa-%d9%85%d9%86-%d8%aa%d8%a7%d8%b1%d9%8a%d8%ae-%d9%88%d8%a3%d8%b3%d8%a7%d8%b7%d9%8a%d8%b1-%d8%a7%d9%84%d9%86%d8%b2%d8%a7/,250,250,in stock,دار العين للنشر
الحلم والاوباش,https://elainpublishinghouse.com/books/%d8%a7%d9%84%d8%ad%d9%84%d9%85-%d9%88%d8%a7%d9%84%d8%a7%d9%88%d8%a8%d8%a7%d8%b4/,200,200,in stock,دار العين للنشر
الحنين إلى أسوأ حديقة حيوان في العالم,https://elainpublishinghouse.com/books/%d8%a7%d9%84%d8%ad%d9%86%d9%8a%d9%86-%d8%a5%d9%84%d9%89-%d8%a3%d8%b3%d9%88%d8%a3-%d8%ad%d8%af%d9%8a%d9%82%d8%a9-%d8%ad%d9%8a%d9%88%d8%a7%d9%86-%d9%81%d9%8a-%d8%a7%d9%84%d8%b9%d8%a7%d9%84%d9%85/,300,300,in stock,دار العين للنشر
الخالة أم هاني,https://elainpublishinghouse.com/books/%d8%a7%d9%84%d8%ae%d8%a7%d9%84%d8%a9-%d8%a3%d9%85-%d9%87%d8%a7%d9%86%d9%8a/,225,225,in stock,دار العين للنشر
الخباء,https://elainpublishinghouse.com/books/%d8%a7%d9%84%d8%ae%d8%a8%d8%a7%d8%a1/,150,150,in stock,دار العين للنشر
الخروج من مصر,https://elainpublishinghouse.com/books/%d8%a7%d9%84%d8%ae%d8%b1%d9%88%d8%ac-%d9%85%d9%86-%d9%85%d8%b5%d8%b1/,150,150,in stock,دار العين للنشر
الخطابة السياسية في العصر الحديث,https://elainpublishinghouse.com/books/%d8%a7%d9%84%d8%ae%d8%b7%d8%a7%d8%a8%d8%a9-%d8%a7%d9%84%d8%b3%d9%8a%d8%a7%d8%b3%d9%8a%d8%a9-%d9%81%d9%8a-%d8%a7%d9%84%d8%b9%d8%b5%d8%b1-%d8%a7%d9%84%d8%ad%d8%af%d9%8a%d8%ab/,150,150,in stock,دار العين للنشر
الدجاج ايضا بامكانه الطيران,https://elainpublishinghouse.com/books/%d8%a7%d9%84%d8%af%d8%ac%d8%a7%d8%ac-%d8%a7%d9%8a%d8%b6%d8%a7-%d8%a8%d8%a7%d9%85%d9%83%d8%a7%d9%86%d9%87-%d8%a7%d9%84%d8%b7%d9%8a%d8%b1%d8%a7%d9%86/,150,150,in stock,دار العين للنشر
الدخان واللهب,https://elainpublishinghouse.com/books/%d8%a7%d9%84%d8%af%d8%ae%d8%a7%d9%86-%d9%88%d8%a7%d9%84%d9%84%d9%87%d8%a8/,250,250,in stock,دار العين للنشر
الديلى فرانس كافيه,https://elainpublishinghouse.com/books/%d8%a7%d9%84%d8%af%d9%8a%d9%84%d9%89-%d9%81%d8%b1%d8%a7%d9%86%d8%b3-%d9%83%d8%a7%d9%81%d9%8a%d9%87/,125,125,in stock,دار العين للنشر
الذوق الحديث في اثاث وديكور الافلام المصرية,https://elainpublishinghouse.com/books/%d8%a7%d9%84%d8%b0%d9%88%d9%82-%d8%a7%d9%84%d8%ad%d8%af%d9%8a%d8%ab-%d9%81%d9%8a-%d8%a7%d8%ab%d8%a7%d8%ab-%d9%88%d8%af%d9%8a%d9%83%d9%88%d8%b1-%d8%a7%d9%84%d8%a7%d9%81%d9%84%d8%a7%d9%85-%d8%a7%d9%84/,400,400,in stock,دار العين للنشر
الراوى الشبح,https://elainpublishinghouse.com/books/%d8%a7%d9%84%d8%b1%d8%a7%d9%88%d9%89-%d8%a7%d9%84%d8%b4%d8%a8%d8%ad/,200,200,in stock,دار العين للنشر
الرجال الذين حملوني وصيتهم,https://elainpublishinghouse.com/books/%d8%a7%d9%84%d8%b1%d8%ac%d8%a7%d9%84-%d8%a7%d9%84%d8%b0%d9%8a%d9%86-%d8%ad%d9%85%d9%84%d9%88%d9%86%d9%8a-%d9%88%d8%b5%d9%8a%d8%aa%d9%87%d9%85/,200,200,in stock,دار العين للنشر
الرجل الذي تحول الي مكتبة,https://elainpublishinghouse.com/books/%d8%a7%d9%84%d8%b1%d8%ac%d9%84-%d8%a7%d9%84%d8%b0%d9%8a-%d8%aa%d8%ad%d9%88%d9%84-%d8%a7%d9%84%d9%8a-%d9%85%d9%83%d8%aa%d8%a8%d8%a9/,250,250,in stock,دار العين للنشر
الرجل النملة,https://elainpublishinghouse.com/books/%d8%a7%d9%84%d8%b1%d8%ac%d9%84-%d8%a7%d9%84%d9%86%d9%85%d9%84%d8%a9/,75,75,in stock,دار العين للنشر
الزهور لا تنمو على نهايات الجلادين,https://elainpublishinghouse.com/books/%d8%a7%d9%84%d8%b2%d9%87%d9%88%d8%b1-%d9%84%d8%a7-%d8%aa%d9%86%d9%85%d9%88-%d8%b9%d9%84%d9%89-%d9%86%d9%87%d8%a7%d9%8a%d8%a7%d8%aa-%d8%a7%d9%84%d8%ac%d9%84%d8%a7%d8%af%d9%8a%d9%86/,200,200,in stock,دار العين للنشر
الساخطون,https://elainpublishinghouse.com/books/%d8%a7%d9%84%d8%b3%d8%a7%d8%ae%d8%b7%d9%88%d9%86/,150,150,in stock,دار العين للنشر
الست,https://elainpublishinghouse.com/books/%d8%a7%d9%84%d8%b3%d8%aa/,175,175,in stock,دار العين للنشر
السرجم.. يأجوج ومأجوج وسفر الحفر,https://elainpublishinghouse.com/books/%d8%a7%d9%84%d8%b3%d8%b1%d8%ac%d9%85/,300,300,in stock,دار العين للنشر
السرديات الخضراء,https://elainpublishinghouse.com/books/%d8%a7%d9%84%d8%b3%d8%b1%d8%af%d9%8a%d8%a7%d8%aa-%d8%a7%d9%84%d8%ae%d8%b6%d8%b1%d8%a7%d8%a1/,200,200,in stock,دار العين للنشر
السريالية في مصر,https://elainpublishinghouse.com/books/%d8%a7%d9%84%d8%b3%d8%b1%d9%8a%d8%a7%d9%84%d9%8a%d8%a9-%d9%81%d9%8a-%d9%85%d8%b5%d8%b1/,500,500,in stock,دار العين للنشر
السياسة الايرانية تجاه دول مجلس التعاون الخليجى,https://elainpublishinghouse.com/books/%d8%a7%d9%84%d8%b3%d9%8a%d8%a7%d8%b3%d8%a9-%d8%a7%d9%84%d8%a7%d9%8a%d8%b1%d8%a7%d9%86%d9%8a%d8%a9-%d8%aa%d8%ac%d8%a7%d9%87-%d8%af%d9%88%d9%84-%d9%85%d8%ac%d9%84%d8%b3-%d8%a7%d9%84%d8%aa%d8%b9%d8%a7/,325,325,in stock,دار العين للنشر
السياسة الثقافية في عهد ثروت عكاشة,https://elainpublishinghouse.com/books/%d8%a7%d9%84%d8%b3%d9%8a%d8%a7%d8%b3%d8%a9-%d8%a7%d9%84%d8%ab%d9%82%d8%a7%d9%81%d9%8a%d8%a9-%d9%81%d9%8a-%d8%b9%d9%87%d8%af-%d8%ab%d8%b1%d9%88%d8%aa-%d8%b9%d9%83%d8%a7%d8%b4%d8%a9/,475,475,in stock,دار العين للنشر
السيدة الرئيسة,https://elainpublishinghouse.com/books/%d8%a7%d9%84%d8%b3%d9%8a%d8%af%d8%a9-%d8%a7%d9%84%d8%b1%d8%a6%d9%8a%d8%b3%d8%a9/,475,475,in stock,دار العين للنشر
السيرة الابوية,https://elainpublishinghouse.com/books/%d8%a7%d9%84%d8%b3%d9%8a%d8%b1%d8%a9-%d8%a7%d9%84%d8%a7%d8%a8%d9%88%d9%8a%d8%a9/,200,200,in stock,دار العين للنشر
السينما الافريقية,https://elainpublishinghouse.com/books/%d8%a7%d9%84%d8%b3%d9%8a%d9%86%d9%85%d8%a7-%d8%a7%d9%84%d8%a7%d9%81%d8%b1%d9%8a%d9%82%d9%8a%d8%a9/,200,200,in stock,دار العين للنشر
الشخصية القبطية في الأدب المصري,https://elainpublishinghouse.com/books/%d8%a7%d9%84%d8%b4%d8%ae%d8%b5%d9%8a%d8%a9-%d8%a7%d9%84%d9%82%d8%a8%d8%b7%d9%8a%d8%a9-%d9%81%d9%8a-%d8%a7%d9%84%d8%a3%d8%af%d8%a8-%d8%a7%d9%84%d9%85%d8%b5%d8%b1%d9%8a/,250,250,in stock,دار العين للنشر
الشركة السرية لافلام عبده بارديزو,https://elainpublishinghouse.com/books/%d8%a7%d9%84%d8%b4%d8%b1%d9%83%d8%a9-%d8%a7%d9%84%d8%b3%d8%b1%d9%8a%d8%a9-%d9%84%d8%a7%d9%81%d9%84%d8%a7%d9%85-%d8%b9%d8%a8%d8%af%d9%87-%d8%a8%d8%a7%d8%b1%d8%af%d9%8a%d8%b2%d9%88/,125,125,in stock,دار العين للنشر
الشريد,https://elainpublishinghouse.com/books/%d8%a7%d9%84%d8%b4%d8%b1%d9%8a%d8%af/,350,350,in stock,دار العين للنشر
الشوارع الضالة,https://elainpublishinghouse.com/books/%d8%a7%d9%84%d8%b4%d9%88%d8%a7%d8%b1%d8%b9-%d8%a7%d9%84%d8%b6%d8%a7%d9%84%d8%a9/,150,150,in stock,دار العين للنشر
الصعيدي,https://elainpublishinghouse.com/books/%d8%a7%d9%84%d8%b5%d8%b9%d9%8a%d8%af%d9%8a/,350,350,in stock,دار العين للنشر
الصنادقية,https://elainpublishinghouse.com/books/%d8%a7%d9%84%d8%b5%d9%86%d8%a7%d8%af%d9%82%d9%8a%d8%a9/,150,150,in stock,دار العين للنشر
الصور والاحداث الزائفة,https://elainpublishinghouse.com/books/%d8%a7%d9%84%d8%b5%d9%88%d8%b1-%d9%88%d8%a7%d9%84%d8%a7%d8%ad%d8%af%d8%a7%d8%ab-%d8%a7%d9%84%d8%b2%d8%a7%d8%a6%d9%81%d8%a9/,400,400,in stock,دار العين للنشر
الضحك في تجربة قصة حياتي لشارلي شابلن,https://elainpublishinghouse.com/books/%d8%a7%d9%84%d8%b6%d8%ad%d9%83-%d9%81%d9%8a-%d8%aa%d8%ac%d8%b1%d8%a8%d8%a9-%d9%82%d8%b5%d8%a9-%d8%ad%d9%8a%d8%a7%d8%aa%d9%8a-%d9%84%d8%b4%d8%a7%d8%b1%d9%84%d9%8a-%d8%b4%d8%a7%d8%a8%d9%84%d9%86/,200,200,in stock,دار العين للنشر
الطائفة,https://elainpublishinghouse.com/books/%d8%a7%d9%84%d8%b7%d8%a7%d8%a6%d9%81%d8%a9/,200,200,in stock,دار العين للنشر
الطيور على أشكالها تطير,https://elainpublishinghouse.com/books/%d8%a7%d9%84%d8%b7%d9%8a%d9%88%d8%b1-%d8%b9%d9%84%d9%89-%d8%a3%d8%b4%d9%83%d8%a7%d9%84%d9%87%d8%a7-%d8%aa%d8%b7%d9%8a%d8%b1/,125,125,in stock,دار العين للنشر
العجوزان,https://elainpublishinghouse.com/books/%d8%a7%d9%84%d8%b9%d8%ac%d9%88%d8%b2%d8%a7%d9%86/,600,600,in stock,دار العين للنشر
العشاء الاخير لكارل ماركس,https://elainpublishinghouse.com/books/%d8%a7%d9%84%d8%b9%d8%b4%d8%a7%d8%a1-%d8%a7%d9%84%d8%a7%d8%ae%d9%8a%d8%b1-%d9%84%d9%83%d8%a7%d8%b1%d9%84-%d9%85%d8%a7%d8%b1%d9%83%d8%b3/,100,100,in stock,دار العين للنشر
العلم,https://elainpublishinghouse.com/books/%d8%a7%d9%84%d8%b9%d9%84%d9%85/,90,90,in stock,دار العين للنشر
الغرب,https://elainpublishinghouse.com/books/%d8%a7%d9%84%d8%ba%d8%b1%d8%a8/,90,90,in stock,دار العين للنشر
الغرفة 102,https://elainpublishinghouse.com/books/%d8%a7%d9%84%d8%ba%d8%b1%d9%81%d8%a9-102/,225,225,in stock,دار العين للنشر
الغرق,https://elainpublishinghouse.com/books/%d8%a7%d9%84%d8%ba%d8%b1%d9%82/,150,150,in stock,دار العين للنشر
الفاشوش في حكم قراقوش,https://elainpublishinghouse.com/books/%d8%a7%d9%84%d9%81%d8%a7%d8%b4%d9%88%d8%b4-%d9%81%d9%8a-%d8%ad%d9%83%d9%85-%d9%82%d8%b1%d8%a7%d9%82%d9%88%d8%b4/,275,275,in stock,دار العين للنشر
الفتوحات الباريسية,https://elainpublishinghouse.com/books/%d8%a7%d9%84%d9%81%d8%aa%d9%88%d8%ad%d8%a7%d8%aa-%d8%a7%d9%84%d8%a8%d8%a7%d8%b1%d9%8a%d8%b3%d9%8a%d8%a9/,200,200,in stock,دار العين للنشر
الفجم,https://elainpublishinghouse.com/books/%d8%a7%d9%84%d9%81%d8%ac%d9%85/,200,200,in stock,دار العين للنشر
الفخار في العصر الروماني,https://elainpublishinghouse.com/books/%d8%a7%d9%84%d9%81%d8%ae%d8%a7%d8%b1-%d9%81%d9%8a-%d8%a7%d9%84%d8%b9%d8%b5%d8%b1-%d8%a7%d9%84%d8%b1%d9%88%d9%85%d8%a7%d9%86%d9%8a/,150,150,in stock,دار العين للنشر
الفراشات لا تعيش هنا,https://elainpublishinghouse.com/books/%d8%a7%d9%84%d9%81%d8%b1%d8%a7%d8%b4%d8%a7%d8%aa-%d9%84%d8%a7-%d8%aa%d8%b9%d9%8a%d8%b4-%d9%87%d9%86%d8%a7/,250,250,in stock,دار العين للنشر
الفردوس البعيد,https://elainpublishinghouse.com/books/%d8%a7%d9%84%d9%81%d8%b1%d8%af%d9%88%d8%b3-%d8%a7%d9%84%d8%a8%d8%b9%d9%8a%d8%af/,300,300,in stock,دار العين للنشر
الفسطاط وابوابها,https://elainpublishinghouse.com/books/%d8%a7%d9%84%d9%81%d8%b3%d8%b7%d8%a7%d8%b7-%d9%88%d8%a7%d8%a8%d9%88%d8%a7%d8%a8%d9%87%d8%a7/,100,100,in stock,دار العين للنشر
الفلسفة,https://elainpublishinghouse.com/books/%d8%a7%d9%84%d9%81%d9%84%d8%b3%d9%81%d8%a9/,90,90,in stock,دار العين للنشر
الفوتوغرافيا والسينما,https://elainpublishinghouse.com/books/%d8%a7%d9%84%d9%81%d9%88%d8%aa%d9%88%d8%ba%d8%b1%d8%a7%d9%81%d9%8a%d8%a7-%d9%88%d8%a7%d9%84%d8%b3%d9%8a%d9%86%d9%85%d8%a7/,250,250,in stock,دار العين للنشر
القاهرة الملكية,https://elainpublishinghouse.com/books/%d8%a7%d9%84%d9%82%d8%a7%d9%87%d8%b1%d8%a9-%d8%a7%d9%84%d9%85%d9%84%d9%83%d9%8a%d8%a9/,300,300,in stock,دار العين للنشر
القاهرة المملوكية في بابات ابن دانيال,https://elainpublishinghouse.com/books/%d8%a7%d9%84%d9%82%d8%a7%d9%87%d8%b1%d8%a9-%d8%a7%d9%84%d9%85%d9%85%d9%84%d9%88%d9%83%d9%8a%d8%a9-%d9%81%d9%8a-%d8%a8%d8%a7%d8%a8%d8%a7%d8%aa-%d8%a7%d8%a8%d9%86-%d8%af%d8%a7%d9%86%d9%8a%d8%a7%d9%84/,250,250,in stock,دار العين للنشر
القاهرة مؤرخة الجزء الاول,https://elainpublishinghouse.com/books/%d8%a7%d9%84%d9%82%d8%a7%d9%87%d8%b1%d8%a9-%d9%85%d8%a4%d8%b1%d8%ae%d8%a9-%d8%a7%d9%84%d8%ac%d8%b2%d8%a1-%d8%a7%d9%84%d8%a7%d9%88%d9%84/,200,200,in stock,دار العين للنشر
القاهرة مؤرخة الجزء الثاني,https://elainpublishinghouse.com/books/%d8%a7%d9%84%d9%82%d8%a7%d9%87%d8%b1%d8%a9-%d9%85%d8%a4%d8%b1%d8%ae%d8%a9-%d8%a7%d9%84%d8%ac%d8%b2%d8%a1-%d8%a7%d9%84%d8%ab%d8%a7%d9%86%d9%8a/,300,300,in stock,دار العين للنشر
القاهرة وعمرانها,https://elainpublishinghouse.com/books/%d8%a7%d9%84%d9%82%d8%a7%d9%87%d8%b1%d8%a9-%d9%88%d8%b9%d9%85%d8%b1%d8%a7%d9%86%d9%87%d8%a7/,350,350,in stock,دار العين للنشر
القرآن من النص الى الخطاب,https://elainpublishinghouse.com/books/%d8%a7%d9%84%d9%82%d8%b1%d8%a2%d9%86-%d9%85%d9%86-%d8%a7%d9%84%d9%86%d8%b5-%d8%a7%d9%84%d9%89-%d8%a7%d9%84%d8%ae%d8%b7%d8%a7%d8%a8/,200,200,in stock,دار العين للنشر
القنديل أبي,https://elainpublishinghouse.com/books/%d8%a7%d9%84%d9%82%d9%86%d8%af%d9%8a%d9%84-%d8%a3%d8%a8%d9%8a/,1000,1000,in stock,دار العين للنشر
الكونج,https://elainpublishinghouse.com/books/%d8%a7%d9%84%d9%83%d9%88%d9%86%d8%ac/,200,200,in stock,دار العين للنشر
اللا عنف,https://elainpublishinghouse.com/books/%d8%a7%d9%84%d9%84%d8%a7-%d8%b9%d9%86%d9%81/,90,90,in stock,دار العين للنشر
اللا وعى,https://elainpublishinghouse.com/books/%d8%a7%d9%84%d9%84%d8%a7-%d9%88%d8%b9%d9%89/,90,90,in stock,دار العين للنشر
اللذة والمتعة في اعمال كمال رحيم,https://elainpublishinghouse.com/books/%d8%a7%d9%84%d9%84%d8%b0%d8%a9-%d9%88%d8%a7%d9%84%d9%85%d8%aa%d8%b9%d8%a9-%d9%81%d9%8a-%d8%a7%d8%b9%d9%85%d8%a7%d9%84-%d9%83%d9%85%d8%a7%d9%84-%d8%b1%d8%ad%d9%8a%d9%85/,250,250,in stock,دار العين للنشر
اللمعة في عينيه,https://elainpublishinghouse.com/books/%d8%a7%d9%84%d9%84%d9%85%d8%b9%d8%a9-%d9%81%d9%8a-%d8%b9%d9%8a%d9%86%d9%8a%d9%87/,100,100,in stock,دار العين للنشر
اللوكاندة الحمراء,https://elainpublishinghouse.com/books/%d8%a7%d9%84%d9%84%d9%88%d9%83%d8%a7%d9%86%d8%af%d8%a9-%d8%a7%d9%84%d8%ad%d9%85%d8%b1%d8%a7%d8%a1/,350,350,in stock,دار العين للنشر
الليلة الاولى من دونك,https://elainpublishinghouse.com/books/%d8%a7%d9%84%d9%84%d9%8a%d9%84%d8%a9-%d8%a7%d9%84%d8%a7%d9%88%d9%84%d9%89-%d9%85%d9%86-%d8%af%d9%88%d9%86%d9%83/,200,200,in stock,دار العين للنشر
المايسترو,https://elainpublishinghouse.com/books/%d8%a7%d9%84%d9%85%d8%a7%d9%8a%d8%b3%d8%aa%d8%b1%d9%88/,350,350,in stock,دار العين للنشر
المتوحش اللي جوايا,https://elainpublishinghouse.com/books/%d8%a7%d9%84%d9%85%d8%aa%d9%88%d8%ad%d8%b4-%d8%a7%d9%84%d9%84%d9%8a-%d8%ac%d9%88%d8%a7%d9%8a%d8%a7/,200,200,in stock,دار العين للنشر
المسرح المصري,https://elainpublishinghouse.com/books/%d8%a7%d9%84%d9%85%d8%b3%d8%b1%d8%ad-%d8%a7%d9%84%d9%85%d8%b5%d8%b1%d9%8a/,300,300,in stock,دار العين للنشر
المسلم اليهودي,https://elainpublishinghouse.com/books/%d8%a7%d9%84%d9%85%d8%b3%d9%84%d9%85-%d8%a7%d9%84%d9%8a%d9%87%d9%88%d8%af%d9%8a/,200,200,in stock,دار العين للنشر
المشترك الابراهيمي,https://elainpublishinghouse.com/books/%d8%a7%d9%84%d9%85%d8%b4%d8%aa%d8%b1%d9%83-%d8%a7%d9%84%d8%a7%d8%a8%d8%b1%d8%a7%d9%87%d9%8a%d9%85%d9%8a/,350,350,in stock,دار العين للنشر
المعادي 1942,https://elainpublishinghouse.com/books/%d8%a7%d9%84%d9%85%d8%b9%d8%a7%d8%af%d9%8a-1942/,300,300,in stock,دار العين للنشر
المعبودات المصرية,https://elainpublishinghouse.com/books/%d8%a7%d9%84%d9%85%d8%b9%d8%a8%d9%88%d8%af%d8%a7%d8%aa-%d8%a7%d9%84%d9%85%d8%b5%d8%b1%d9%8a%d8%a9/,90,90,in stock,دار العين للنشر
المعلب,https://elainpublishinghouse.com/books/%d8%a7%d9%84%d9%85%d8%b9%d9%84%d8%a8/,300,300,in stock,دار العين للنشر
المكفنة,https://elainpublishinghouse.com/books/%d8%a7%d9%84%d9%85%d9%83%d9%81%d9%86%d8%a9/,150,150,in stock,دار العين للنشر
المنزل,https://elainpublishinghouse.com/books/%d8%a7%d9%84%d9%85%d9%86%d8%b2%d9%84/,150,150,in stock,دار العين للنشر
المنفي والملكوت,https://elainpublishinghouse.com/books/%d8%a7%d9%84%d9%85%d9%86%d9%81%d9%8a-%d9%88%d8%a7%d9%84%d9%85%d9%84%d9%83%d9%88%d8%aa/,200,200,in stock,دار العين للنشر
المواطنة والهوية جدل النضال والابداع في مصر,https://elainpublishinghouse.com/books/%d8%a7%d9%84%d9%85%d9%88%d8%a7%d8%b7%d9%86%d8%a9-%d9%88%d8%a7%d9%84%d9%87%d9%88%d9%8a%d8%a9-%d8%ac%d8%af%d9%84-%d8%a7%d9%84%d9%86%d8%b6%d8%a7%d9%84-%d9%88%d8%a7%d9%84%d8%a7%d8%a8%d8%af%d8%a7%d8%b9/,100,100,in stock,دار العين للنشر
المواطنة:الهوية الوطنية والمسئولية الاجتماعية,https://elainpublishinghouse.com/books/%d8%a7%d9%84%d9%85%d9%88%d8%a7%d8%b7%d9%86%d8%a9%d8%a7%d9%84%d9%87%d9%88%d9%8a%d8%a9-%d8%a7%d9%84%d9%88%d8%b7%d9%86%d9%8a%d8%a9-%d9%88%d8%a7%d9%84%d9%85%d8%b3%d8%a6%d9%88%d9%84%d9%8a%d8%a9-%d8%a7/,200,200,in stock,دار العين للنشر
الموت عمل شاق,https://elainpublishinghouse.com/books/%d8%a7%d9%84%d9%85%d9%88%d8%aa-%d8%b9%d9%85%d9%84-%d8%b4%d8%a7%d9%82/,325,325,in stock,دار العين للنشر
الموت يريد أن أقبل اعتذاره,https://elainpublishinghouse.com/books/%d8%a7%d9%84%d9%85%d9%88%d8%aa-%d9%8a%d8%b1%d9%8a%d8%af-%d8%a3%d9%86-%d8%a3%d9%82%d8%a8%d9%84-%d8%a7%d8%b9%d8%aa%d8%b0%d8%a7%d8%b1%d9%87/,125,125,in stock,دار العين للنشر
الناس في إفريقية: دراسة في الجغرافيا البشرية,https://elainpublishinghouse.com/books/%d8%a7%d9%84%d9%86%d8%a7%d8%b3-%d9%81%d9%8a-%d8%a5%d9%81%d8%b1%d9%8a%d9%82%d9%8a%d8%a9-%d8%af%d8%b1%d8%a7%d8%b3%d8%a9-%d9%81%d9%8a-%d8%a7%d9%84%d8%ac%d8%ba%d8%b1%d8%a7%d9%81%d9%8a%d8%a7-%d8%a7%d9%84/,300,300,in stock,دار العين للنشر
النبي الإفريقي,https://elainpublishinghouse.com/books/%d8%a7%d9%84%d9%86%d8%a8%d9%8a-%d8%a7%d9%84%d8%a5%d9%81%d8%b1%d9%8a%d9%82%d9%8a/,250,250,in stock,دار العين للنشر
النساء والحملات الصليبية,https://elainpublishinghouse.com/books/%d8%a7%d9%84%d9%86%d8%b3%d8%a7%d8%a1-%d9%88%d8%a7%d9%84%d8%ad%d9%85%d9%84%d8%a7%d8%aa-%d8%a7%d9%84%d8%b5%d9%84%d9%8a%d8%a8%d9%8a%d8%a9/,450,450,in stock,دار العين للنشر
النص والسلطة والمجتمع: القيم السياسية في الرواية العربية,https://elainpublishinghouse.com/books/%d8%a7%d9%84%d9%86%d8%b5-%d9%88%d8%a7%d9%84%d8%b3%d9%84%d8%b7%d8%a9-%d9%88%d8%a7%d9%84%d9%85%d8%ac%d8%aa%d9%85%d8%b9-%d8%a7%d9%84%d9%82%d9%8a%d9%85-%d8%a7%d9%84%d8%b3%d9%8a%d8%a7%d8%b3%d9%8a%d8%a9/,250,250,in stock,دار العين للنشر
النظرية العامة للتشغيل,https://elainpublishinghouse.com/books/%d8%a7%d9%84%d9%86%d8%b8%d8%b1%d9%8a%d8%a9-%d8%a7%d9%84%d8%b9%d8%a7%d9%85%d8%a9-%d9%84%d9%84%d8%aa%d8%b4%d8%ba%d9%8a%d9%84/,300,300,in stock,دار العين للنشر
النفق في نهاية الضوء,https://elainpublishinghouse.com/books/%d8%a7%d9%84%d9%86%d9%81%d9%82-%d9%81%d9%8a-%d9%86%d9%87%d8%a7%d9%8a%d8%a9-%d8%a7%d9%84%d8%b6%d9%88%d8%a1/,250,250,in stock,دار العين للنشر
النمر,https://elainpublishinghouse.com/books/%d8%a7%d9%84%d9%86%d9%85%d8%b1/,200,200,in stock,دار العين للنشر
النهر يعض على ذيله,https://elainpublishinghouse.com/books/%d8%a7%d9%84%d9%86%d9%87%d8%b1-%d9%8a%d8%b9%d8%b6-%d8%b9%d9%84%d9%89-%d8%b0%d9%8a%d9%84%d9%87/,250,250,in stock,دار العين للنشر
النوم عند قدمي الجبل,https://elainpublishinghouse.com/books/%d8%a7%d9%84%d9%86%d9%88%d9%85-%d8%b9%d9%86%d8%af-%d9%82%d8%af%d9%85%d9%8a-%d8%a7%d9%84%d8%ac%d8%a8%d9%84/,150,150,in stock,دار العين للنشر
النومة الاخرى,https://elainpublishinghouse.com/books/%d8%a7%d9%84%d9%86%d9%88%d9%85%d8%a9-%d8%a7%d9%84%d8%a7%d8%ae%d8%b1%d9%89/,250,250,in stock,دار العين للنشر
الهائم فى البرية,https://elainpublishinghouse.com/books/%d8%a7%d9%84%d9%87%d8%a7%d8%a6%d9%85-%d9%81%d9%89-%d8%a7%d9%84%d8%a8%d8%b1%d9%8a%d8%a9/,250,250,in stock,دار العين للنشر
الهة اليونان,https://elainpublishinghouse.com/books/%d8%a7%d9%84%d9%87%d8%a9-%d8%a7%d9%84%d9%8a%d9%88%d9%86%d8%a7%d9%86/,90,90,in stock,دار العين للنشر
الهنغاري,https://elainpublishinghouse.com/books/%d8%a7%d9%84%d9%87%d9%86%d8%ba%d8%a7%d8%b1%d9%8a/,150,150,in stock,دار العين للنشر
الواهمة,https://elainpublishinghouse.com/books/%d8%a7%d9%84%d9%88%d8%a7%d9%87%d9%85%d8%a9/,90,90,in stock,دار العين للنشر
الياقوت,https://elainpublishinghouse.com/books/%d8%a7%d9%84%d9%8a%d8%a7%d9%82%d9%88%d8%aa/,150,150,in stock,دار العين للنشر
اليهود في العالم العربي,https://elainpublishinghouse.com/books/%d8%a7%d9%84%d9%8a%d9%87%d9%88%d8%af-%d9%81%d9%8a-%d8%a7%d9%84%d8%b9%d8%a7%d9%84%d9%85-%d8%a7%d9%84%d8%b9%d8%b1%d8%a8%d9%8a/,75,75,in stock,دار العين للنشر
انثي موازية,https://elainpublishinghouse.com/books/%d8%a7%d9%86%d8%ab%d9%8a-%d9%85%d9%88%d8%a7%d8%b2%d9%8a%d8%a9/,150,150,in stock,دار العين للنشر
انغمار,https://elainpublishinghouse.com/books/%d8%a7%d9%86%d8%ba%d9%85%d8%a7%d8%b1/,90,90,in stock,دار العين للنشر
اوراق قديمة,https://elainpublishinghouse.com/books/%d8%a7%d9%88%d8%b1%d8%a7%d9%82-%d9%82%d8%af%d9%8a%d9%85%d8%a9/,100,100,in stock,دار العين للنشر
ايام الشمس المشرقة,https://elainpublishinghouse.com/books/%d8%a7%d9%8a%d8%a7%d9%85-%d8%a7%d9%84%d8%b4%d9%85%d8%b3-%d8%a7%d9%84%d9%85%d8%b4%d8%b1%d9%82%d8%a9/,300,300,in stock,دار العين للنشر
بائع الهوى,https://elainpublishinghouse.com/books/%d8%a8%d8%a7%d8%a6%d8%b9-%d8%a7%d9%84%d9%87%d9%88%d9%89/,200,200,in stock,دار العين للنشر
باب البيت,https://elainpublishinghouse.com/books/%d8%a8%d8%a7%d8%a8-%d8%a7%d9%84%d8%a8%d9%8a%d8%aa/,125,125,in stock,دار العين للنشر
باب الخيمة,https://elainpublishinghouse.com/books/%d8%a8%d8%a7%d8%a8-%d8%a7%d9%84%d8%ae%d9%8a%d9%85%d8%a9/,100,100,in stock,دار العين للنشر
باب الزوار,https://elainpublishinghouse.com/books/%d8%a8%d8%a7%d8%a8-%d8%a7%d9%84%d8%b2%d9%88%d8%a7%d8%b1/,200,200,in stock,دار العين للنشر
بالصدفة والمواعيد,https://elainpublishinghouse.com/books/%d8%a8%d8%a7%d9%84%d8%b5%d8%af%d9%81%d8%a9-%d9%88%d8%a7%d9%84%d9%85%d9%88%d8%a7%d8%b9%d9%8a%d8%af/,150,150,in stock,دار العين للنشر
بحر اسكندرية,https://elainpublishinghouse.com/books/%d8%a8%d8%ad%d8%b1-%d8%a7%d8%b3%d9%83%d9%86%d8%af%d8%b1%d9%8a%d8%a9/,175,175,in stock,دار العين للنشر
برج الحوت,https://elainpublishinghouse.com/books/%d8%a8%d8%b1%d8%ac-%d8%a7%d9%84%d8%ad%d9%88%d8%aa/,200,200,in stock,دار العين للنشر
بروكلين هايتس,https://elainpublishinghouse.com/books/%d8%a8%d8%b1%d9%88%d9%83%d9%84%d9%8a%d9%86-%d9%87%d8%a7%d9%8a%d8%aa%d8%b3/,200,200,in stock,دار العين للنشر
بستان الغزال المرقط,https://elainpublishinghouse.com/books/%d8%a8%d8%b3%d8%aa%d8%a7%d9%86-%d8%a7%d9%84%d8%ba%d8%b2%d8%a7%d9%84-%d8%a7%d9%84%d9%85%d8%b1%d9%82%d8%b7/,150,150,in stock,دار العين للنشر
بصارة الحاج بيلوتشي,https://elainpublishinghouse.com/books/%d8%a8%d8%b5%d8%a7%d8%b1%d8%a9-%d8%a7%d9%84%d8%ad%d8%a7%d8%ac-%d8%a8%d9%8a%d9%84%d9%88%d8%aa%d8%b4%d9%8a/,350,350,in stock,دار العين للنشر
بعد 1897 صاحب المدينة,https://elainpublishinghouse.com/books/%d8%a8%d8%b9%d8%af-1897-%d8%b5%d8%a7%d8%ad%d8%a8-%d8%a7%d9%84%d9%85%d8%af%d9%8a%d9%86%d8%a9/,150,150,in stock,دار العين للنشر
بعد الحفلة,https://elainpublishinghouse.com/books/%d8%a8%d8%b9%d8%af-%d8%a7%d9%84%d8%ad%d9%81%d9%84%d8%a9/,100,100,in stock,دار العين للنشر
بلاغة الاستمالة,https://elainpublishinghouse.com/books/%d8%a8%d9%84%d8%a7%d8%ba%d8%a9-%d8%a7%d9%84%d8%a7%d8%b3%d8%aa%d9%85%d8%a7%d9%84%d8%a9/,200,200,in stock,دار العين للنشر
بمثل هذه البساطه,https://elainpublishinghouse.com/books/%d8%a8%d9%85%d8%ab%d9%84-%d9%87%d8%b0%d9%87-%d8%a7%d9%84%d8%a8%d8%b3%d8%a7%d8%b7%d9%87/,125,125,in stock,دار العين للنشر
بنات السلطان,https://elainpublishinghouse.com/books/%d8%a8%d9%86%d8%a7%d8%aa-%d8%a7%d9%84%d8%b3%d9%84%d8%b7%d8%a7%d9%86/,200,200,in stock,دار العين للنشر
بنت الباشا,https://elainpublishinghouse.com/books/%d8%a8%d9%86%d8%aa-%d8%a7%d9%84%d8%a8%d8%a7%d8%b4%d8%a7/,300,300,in stock,دار العين للنشر
بنت شيخ العربان,https://elainpublishinghouse.com/books/%d8%a8%d9%86%d8%aa-%d8%b4%d9%8a%d8%ae-%d8%a7%d9%84%d8%b9%d8%b1%d8%a8%d8%a7%d9%86/,200,200,in stock,دار العين للنشر
بنت في حقيبة,https://elainpublishinghouse.com/books/%d8%a8%d9%86%d8%aa-%d9%81%d9%8a-%d8%ad%d9%82%d9%8a%d8%a8%d8%a9/,200,200,in stock,دار العين للنشر
بنداري,https://elainpublishinghouse.com/books/%d8%a8%d9%86%d8%af%d8%a7%d8%b1%d9%8a/,400,400,in stock,دار العين للنشر
بورسعيد 68,https://elainpublishinghouse.com/books/%d8%a8%d9%88%d8%b1%d8%b3%d8%b9%d9%8a%d8%af-68/,250,250,in stock,دار العين للنشر
بوستة عزيز ضومط,https://elainpublishinghouse.com/books/%d8%a8%d9%88%d8%b3%d8%aa%d8%a9-%d8%b9%d8%b2%d9%8a%d8%b2-%d8%b6%d9%88%d9%85%d8%b7/,150,150,in stock,دار العين للنشر
بياصة الشوام,https://elainpublishinghouse.com/books/%d8%a8%d9%8a%d8%a7%d8%b5%d8%a9-%d8%a7%d9%84%d8%b4%d9%88%d8%a7%d9%85/,400,400,in stock,دار العين للنشر
بياض على مد البصر,https://elainpublishinghouse.com/books/%d8%a8%d9%8a%d8%a7%d8%b6-%d8%b9%d9%84%d9%89-%d9%85%d8%af-%d8%a7%d9%84%d8%a8%d8%b5%d8%b1/,250,250,in stock,دار العين للنشر
بياعين الفرح,https://elainpublishinghouse.com/books/%d8%a8%d9%8a%d8%a7%d8%b9%d9%8a%d9%86-%d8%a7%d9%84%d9%81%d8%b1%d8%ad/,150,150,in stock,دار العين للنشر
بيت النقب,https://elainpublishinghouse.com/books/%d8%a8%d9%8a%d8%aa-%d8%a7%d9%84%d9%86%d9%82%d8%a8/,100,100,in stock,دار العين للنشر
بيتنا الكبير,https://elainpublishinghouse.com/books/%d8%a8%d9%8a%d8%aa%d9%86%d8%a7-%d8%a7%d9%84%d9%83%d8%a8%d9%8a%d8%b1/,150,150,in stock,دار العين للنشر
بيتى له بابان,https://elainpublishinghouse.com/books/%d8%a8%d9%8a%d8%aa%d9%89-%d9%84%d9%87-%d8%a8%d8%a7%d8%a8%d8%a7%d9%86/,250,250,in stock,دار العين للنشر
بين ضفتين,https://elainpublishinghouse.com/books/%d8%a8%d9%8a%d9%86-%d8%b6%d9%81%d8%aa%d9%8a%d9%86/,150,150,in stock,دار العين للنشر
بيوت عارية,https://elainpublishinghouse.com/books/%d8%a8%d9%8a%d9%88%d8%aa-%d8%b9%d8%a7%d8%b1%d9%8a%d8%a9/,75,75,in stock,دار العين للنشر
تأملات في الوضع البشري,https://elainpublishinghouse.com/books/%d8%aa%d8%a3%d9%85%d9%84%d8%a7%d8%aa-%d9%81%d9%8a-%d8%a7%d9%84%d9%88%d8%b6%d8%b9-%d8%a7%d9%84%d8%a8%d8%b4%d8%b1%d9%8a/,200,200,in stock,دار العين للنشر
تاريخ موجز للخليقة وشرق القاهرة,https://elainpublishinghouse.com/books/%d8%aa%d8%a7%d8%b1%d9%8a%d8%ae-%d9%85%d9%88%d8%ac%d8%b2-%d9%84%d9%84%d8%ae%d9%84%d9%8a%d9%82%d8%a9-%d9%88%d8%b4%d8%b1%d9%82-%d8%a7%d9%84%d9%82%d8%a7%d9%87%d8%b1%d8%a9/,300,300,in stock,دار العين للنشر
تحرير المرأة العربية في عصر النهضة,https://elainpublishinghouse.com/books/%d8%aa%d8%ad%d8%b1%d9%8a%d8%b1-%d8%a7%d9%84%d9%85%d8%b1%d8%a3%d8%a9-%d8%a7%d9%84%d8%b9%d8%b1%d8%a8%d9%8a%d8%a9-%d9%81%d9%8a-%d8%b9%d8%b5%d8%b1-%d8%a7%d9%84%d9%86%d9%87%d8%b6%d8%a9/,300,300,in stock,دار العين للنشر
تسقط من شرفة دهشتها,https://elainpublishinghouse.com/books/%d8%aa%d8%b3%d9%82%d8%b7-%d9%85%d9%86-%d8%b4%d8%b1%d9%81%d8%a9-%d8%af%d9%87%d8%b4%d8%aa%d9%87%d8%a7/,250,250,in stock,دار العين للنشر
تسونامي الاسكندرية,https://elainpublishinghouse.com/books/%d8%aa%d8%b3%d9%88%d9%86%d8%a7%d9%85%d9%8a-%d8%a7%d9%84%d8%a7%d8%b3%d9%83%d9%86%d8%af%d8%b1%d9%8a%d8%a9/,200,200,in stock,دار العين للنشر
تشيخوف بين روتشيلد والخال فانيا,https://elainpublishinghouse.com/books/%d8%aa%d8%b4%d9%8a%d8%ae%d9%88%d9%81-%d8%a8%d9%8a%d9%86-%d8%b1%d9%88%d8%aa%d8%b4%d9%8a%d9%84%d8%af-%d9%88%d8%a7%d9%84%d8%ae%d8%a7%d9%84-%d9%81%d8%a7%d9%86%d9%8a%d8%a7/,150,150,in stock,دار العين للنشر
تعاليم قروية,https://elainpublishinghouse.com/books/%d8%aa%d8%b9%d8%a7%d9%84%d9%8a%d9%85-%d9%82%d8%b1%d9%88%d9%8a%d8%a9/,300,300,in stock,دار العين للنشر
تعليم الكفاف,https://elainpublishinghouse.com/books/%d8%aa%d8%b9%d9%84%d9%8a%d9%85-%d8%a7%d9%84%d9%83%d9%81%d8%a7%d9%81/,125,125,in stock,دار العين للنشر
تفسير التغير المناخي,https://elainpublishinghouse.com/books/%d8%aa%d9%81%d8%b3%d9%8a%d8%b1-%d8%a7%d9%84%d8%aa%d8%ba%d9%8a%d8%b1-%d8%a7%d9%84%d9%85%d9%86%d8%a7%d8%ae%d9%8a/,125,125,in stock,دار العين للنشر
تفك أزرار الوحدة,https://elainpublishinghouse.com/books/%d8%aa%d9%81%d9%83-%d8%a3%d8%b2%d8%b1%d8%a7%d8%b1-%d8%a7%d9%84%d9%88%d8%ad%d8%af%d8%a9/,150,150,in stock,دار العين للنشر
تقاليد التراث,https://elainpublishinghouse.com/books/%d8%aa%d9%82%d8%a7%d9%84%d9%8a%d8%af-%d8%a7%d9%84%d8%aa%d8%b1%d8%a7%d8%ab/,100,100,in stock,دار العين للنشر
تل أبيب الإسكندرية,https://elainpublishinghouse.com/books/%d8%aa%d9%84-%d8%a3%d8%a8%d9%8a%d8%a8-%d8%a7%d9%84%d8%a5%d8%b3%d9%83%d9%86%d8%af%d8%b1%d9%8a%d8%a9/,200,200,in stock,دار العين للنشر
توابع الفتنه الكبرى,https://elainpublishinghouse.com/books/%d8%aa%d9%88%d8%a7%d8%a8%d8%b9-%d8%a7%d9%84%d9%81%d8%aa%d9%86%d9%87-%d8%a7%d9%84%d9%83%d8%a8%d8%b1%d9%89/,250,250,in stock,دار العين للنشر
تياترو ثرفنطيس,https://elainpublishinghouse.com/books/%d8%aa%d9%8a%d8%a7%d8%aa%d8%b1%d9%88-%d9%81%d9%86%d8%b7%d9%8a%d8%b3/,100,100,in stock,دار العين للنشر
ثؤول,https://elainpublishinghouse.com/books/%d8%ab%d8%a4%d9%88%d9%84/,175,175,in stock,دار العين للنشر
ثرثرة فوق نهر التايمز,https://elainpublishinghouse.com/books/%d8%ab%d8%b1%d8%ab%d8%b1%d8%a9-%d9%81%d9%88%d9%82-%d9%86%d9%87%d8%b1-%d8%a7%d9%84%d8%aa%d8%a7%d9%8a%d9%85%d8%b2/,100,100,in stock,دار العين للنشر
ثلاث رسائل,https://elainpublishinghouse.com/books/%d8%ab%d9%84%d8%a7%d8%ab-%d8%b1%d8%b3%d8%a7%d8%a6%d9%84/,200,200,in stock,دار العين للنشر
ثلاثية بر الضيف “العودة”,https://elainpublishinghouse.com/books/%d8%ab%d9%84%d8%a7%d8%ab%d9%8a%d8%a9-%d8%a8%d8%b1-%d8%a7%d9%84%d8%b6%d9%8a%d9%81-%d8%a7%d9%84%d8%b9%d9%88%d8%af%d8%a9/,200,200,in stock,دار العين للنشر
ثلاثية بر الضيف “القسم”,https://elainpublishinghouse.com/books/%d8%ab%d9%84%d8%a7%d8%ab%d9%8a%d8%a9-%d8%a8%d8%b1-%d8%a7%d9%84%d8%b6%d9%8a%d9%81-%d8%a7%d9%84%d9%82%d8%b3%d9%85/,200,200,in stock,دار العين للنشر
ثلاثية بر الضيف “الميراث”,https://elainpublishinghouse.com/books/%d8%ab%d9%84%d8%a7%d8%ab%d9%8a%d8%a9-%d8%a8%d8%b1-%d8%a7%d9%84%d8%b6%d9%8a%d9%81-%d8%a7%d9%84%d9%85%d9%8a%d8%b1%d8%a7%d8%ab/,250,250,in stock,دار العين للنشر
ثنائية الحاكم والمحكوم فى روايات صنع الله إبراهيم,https://elainpublishinghouse.com/books/%d8%ab%d9%86%d8%a7%d8%a6%d9%8a%d8%a9-%d8%a7%d9%84%d8%ad%d8%a7%d9%83%d9%85-%d9%88%d8%a7%d9%84%d9%85%d8%ad%d9%83%d9%88%d9%85-%d9%81%d9%89-%d8%b1%d9%88%d8%a7%d9%8a%d8%a7%d8%aa-%d8%b5%d9%86%d8%b9-%d8%a7/,200,200,in stock,دار العين للنشر
ثورة قاو الكبرى,https://elainpublishinghouse.com/books/%d8%ab%d9%88%d8%b1%d8%a9-%d9%82%d8%a7%d9%88-%d8%a7%d9%84%d9%83%d8%a8%d8%b1%d9%89/,75,75,in stock,دار العين للنشر
جاليريا,https://elainpublishinghouse.com/books/%d8%ac%d8%a7%d9%84%d9%8a%d8%b1%d9%8a%d8%a7/,150,150,in stock,دار العين للنشر
جدل السرد وازمة الهوية,https://elainpublishinghouse.com/books/%d8%ac%d8%af%d9%84-%d8%a7%d9%84%d8%b3%d8%b1%d8%af-%d9%88%d8%a7%d8%b2%d9%85%d8%a9-%d8%a7%d9%84%d9%87%d9%88%d9%8a%d8%a9/,150,150,in stock,دار العين للنشر
جسم مثالي لرجل مهم,https://elainpublishinghouse.com/books/%d8%ac%d8%b3%d9%85-%d9%85%d8%ab%d8%a7%d9%84%d9%8a-%d9%84%d8%b1%d8%ac%d9%84-%d9%85%d9%87%d9%85/,150,150,in stock,دار العين للنشر
جنون العطش,https://elainpublishinghouse.com/books/%d8%ac%d9%86%d9%88%d9%86-%d8%a7%d9%84%d8%b9%d8%b7%d8%b4/,225,225,in stock,دار العين للنشر
جنينة المحروقي,https://elainpublishinghouse.com/books/%d8%ac%d9%86%d9%8a%d9%86%d8%a9-%d8%a7%d9%84%d9%85%d8%ad%d8%b1%d9%88%d9%82%d9%8a/,150,150,in stock,دار العين للنشر
جونجى والهة الهيمالايا,https://elainpublishinghouse.com/books/%d8%ac%d9%88%d9%86%d8%ac%d9%89-%d9%88%d8%a7%d9%84%d9%87%d8%a9-%d8%a7%d9%84%d9%87%d9%8a%d9%85%d8%a7%d9%84%d8%a7%d9%8a%d8%a7/,125,125,in stock,دار العين للنشر
جيرترود,https://elainpublishinghouse.com/books/%d8%ac%d9%8a%d8%b1%d8%aa%d8%b1%d9%88%d8%af/,150,150,in stock,دار العين للنشر
حادثة عيش السرايا,https://elainpublishinghouse.com/books/%d8%ad%d8%a7%d8%af%d8%ab%d8%a9-%d8%b9%d9%8a%d8%b4-%d8%a7%d9%84%d8%b3%d8%b1%d8%a7%d9%8a%d8%a7/,250,250,in stock,دار العين للنشر
حارس حديقة المحبين,https://elainpublishinghouse.com/books/%d8%ad%d8%a7%d8%b1%d8%b3-%d8%ad%d8%af%d9%8a%d9%82%d8%a9-%d8%a7%d9%84%d9%85%d8%ad%d8%a8%d9%8a%d9%86/,75,75,in stock,دار العين للنشر
حبة الرمان,https://elainpublishinghouse.com/books/%d8%ad%d8%a8%d8%a9-%d8%a7%d9%84%d8%b1%d9%85%d8%a7%d9%86/,150,150,in stock,دار العين للنشر
حبة بازلاء تنبت في كفي,https://elainpublishinghouse.com/books/%d8%ad%d8%a8%d8%a9-%d8%a8%d8%a7%d8%b2%d9%84%d8%a7%d8%a1-%d8%aa%d9%86%d8%a8%d8%aa-%d9%81%d9%8a-%d9%83%d9%81%d9%8a/,150,150,in stock,دار العين للنشر
حبل قديم وعقده مشدودة,https://elainpublishinghouse.com/books/%d8%ad%d8%a8%d9%84-%d9%82%d8%af%d9%8a%d9%85-%d9%88%d8%b9%d9%82%d8%af%d9%87-%d9%85%d8%b4%d8%af%d9%88%d8%af%d8%a9/,300,300,in stock,دار العين للنشر
حتما سوف يأتي,https://elainpublishinghouse.com/books/%d8%ad%d8%aa%d9%85%d8%a7-%d8%b3%d9%88%d9%81-%d9%8a%d8%a3%d8%aa%d9%8a/,2000,2000,in stock,دار العين للنشر
حتى موعد الظلام,https://elainpublishinghouse.com/books/%d8%ad%d8%aa%d9%89-%d9%85%d9%88%d8%b9%d8%af-%d8%a7%d9%84%d8%b8%d9%84%d8%a7%d9%85/,215,215,in stock,دار العين للنشر
حجول من شوك,https://elainpublishinghouse.com/books/%d8%ad%d8%ac%d9%88%d9%84-%d9%85%d9%86-%d8%b4%d9%88%d9%83/,100,100,in stock,دار العين للنشر
حدث في شارعي المفضل,https://elainpublishinghouse.com/books/%d8%ad%d8%af%d8%ab-%d9%81%d9%8a-%d8%b4%d8%a7%d8%b1%d8%b9%d9%8a-%d8%a7%d9%84%d9%85%d9%81%d8%b6%d9%84/,250,250,in stock,دار العين للنشر
حديقة الشاي,https://elainpublishinghouse.com/books/%d8%ad%d8%af%d9%8a%d9%82%d8%a9-%d8%a7%d9%84%d8%b4%d8%a7%d9%8a/,150,150,in stock,دار العين للنشر
حديقة مصابة بالألزهايمر,https://elainpublishinghouse.com/books/%d8%ad%d8%af%d9%8a%d9%82%d8%a9-%d9%85%d8%b5%d8%a7%d8%a8%d8%a9-%d8%a8%d8%a7%d9%84%d8%a3%d9%84%d8%b2%d9%87%d8%a7%d9%8a%d9%85%d8%b1/,300,300,in stock,دار العين للنشر
حرفية كتابة السيناريو,https://elainpublishinghouse.com/books/%d8%ad%d8%b1%d9%81%d9%8a%d8%a9-%d9%83%d8%aa%d8%a7%d8%a8%d8%a9-%d8%a7%d9%84%d8%b3%d9%8a%d9%86%d8%a7%d8%b1%d9%8a%d9%88/,150,150,in stock,دار العين للنشر
حصن التراب,https://elainpublishinghouse.com/books/%d8%ad%d8%b5%d9%86-%d8%a7%d9%84%d8%aa%d8%b1%d8%a7%d8%a8/,150,150,in stock,دار العين للنشر
حفلة الانس والشياطين,https://elainpublishinghouse.com/books/%d8%ad%d9%81%d9%84%d8%a9-%d8%a7%d9%84%d8%a7%d9%86%d8%b3-%d9%88%d8%a7%d9%84%d8%b4%d9%8a%d8%a7%d8%b7%d9%8a%d9%86/,100,100,in stock,دار العين للنشر
حفلة الدوبلير,https://elainpublishinghouse.com/books/%d8%ad%d9%81%d9%84%d8%a9-%d8%a7%d9%84%d8%af%d9%88%d8%a8%d9%84%d9%8a%d8%b1/,350,350,in stock,دار العين للنشر
حقوق الانسان,https://elainpublishinghouse.com/books/%d8%ad%d9%82%d9%88%d9%82-%d8%a7%d9%84%d8%a7%d9%86%d8%b3%d8%a7%d9%86/,150,150,in stock,دار العين للنشر
حكايات الغماز,https://elainpublishinghouse.com/books/%d8%ad%d9%83%d8%a7%d9%8a%d8%a7%d8%aa-%d8%a7%d9%84%d8%ba%d9%85%d8%a7%d8%b2/,300,300,in stock,دار العين للنشر
حكايات المماليك المصرية,https://elainpublishinghouse.com/books/%d8%ad%d9%83%d8%a7%d9%8a%d8%a7%d8%aa-%d8%a7%d9%84%d9%85%d9%85%d8%a7%d9%84%d9%8a%d9%83-%d8%a7%d9%84%d9%85%d8%b5%d8%b1%d9%8a%d8%a9/,250,250,in stock,دار العين للنشر
حكايات تاريخية من هنا وهناك,https://elainpublishinghouse.com/books/%d8%ad%d9%83%d8%a7%d9%8a%d8%a7%d8%aa-%d8%aa%d8%a7%d8%b1%d9%8a%d8%ae%d9%8a%d8%a9-%d9%85%d9%86-%d9%87%d9%86%d8%a7-%d9%88%d9%87%d9%86%d8%a7%d9%83/,150,150,in stock,دار العين للنشر
حكاية مدينة واحدة,https://elainpublishinghouse.com/books/%d8%ad%d9%83%d8%a7%d9%8a%d8%a9-%d9%85%d8%af%d9%8a%d9%86%d8%a9-%d9%88%d8%a7%d8%ad%d8%af%d8%a9/,250,250,in stock,دار العين للنشر
حكاية وراء كل باب,https://elainpublishinghouse.com/books/%d8%ad%d9%83%d8%a7%d9%8a%d8%a9-%d9%88%d8%b1%d8%a7%d8%a1-%d9%83%d9%84-%d8%a8%d8%a7%d8%a8/,250,250,in stock,دار العين للنشر
حكم علينا الهوى,https://elainpublishinghouse.com/books/%d8%ad%d9%83%d9%85-%d8%b9%d9%84%d9%8a%d9%86%d8%a7-%d8%a7%d9%84%d9%87%d9%88%d9%89/,250,250,in stock,دار العين للنشر
حلم على نهر,https://elainpublishinghouse.com/books/%d8%ad%d9%84%d9%85-%d8%b9%d9%84%d9%89-%d9%86%d9%87%d8%b1/,150,150,in stock,دار العين للنشر
حنان وسيد ياسمينة,https://elainpublishinghouse.com/books/%d8%ad%d9%86%d8%a7%d9%86-%d9%88%d8%b3%d9%8a%d8%af-%d9%8a%d8%a7%d8%b3%d9%85%d9%8a%d9%86%d8%a9/,150,150,in stock,دار العين للنشر
حواديت تقفز من الدولاب,https://elainpublishinghouse.com/books/%d8%ad%d9%88%d8%a7%d8%af%d9%8a%d8%a7-%d8%aa%d9%82%d9%81%d8%b2-%d9%85%d9%86-%d8%a7%d9%84%d8%af%d9%88%d9%84%d8%a7%d8%a8/,275,275,in stock,دار العين للنشر
حياة ومغامرات الدكتورة م,https://elainpublishinghouse.com/books/%d8%ad%d9%8a%d8%a7%d8%a9-%d9%88%d9%85%d8%ba%d8%a7%d9%85%d8%b1%d8%a7%d8%aa-%d8%a7%d9%84%d8%af%d9%83%d8%aa%d9%88%d8%b1%d8%a9-%d9%85/,200,200,in stock,دار العين للنشر
حياتي فى التليفزيون,https://elainpublishinghouse.com/books/%d8%ad%d9%8a%d8%a7%d8%aa%d9%8a-%d9%81%d9%89-%d8%a7%d9%84%d8%aa%d9%84%d9%8a%d9%81%d8%b2%d9%8a%d9%88%d9%86/,150,150,in stock,دار العين للنشر
حين تغرب الشمس,https://elainpublishinghouse.com/books/%d8%ad%d9%8a%d9%86-%d8%aa%d8%ba%d8%b1%d8%a8-%d8%a7%d9%84%d8%b4%d9%85%d8%b3/,350,350,in stock,دار العين للنشر
حين يمتلك الفن الروح,https://elainpublishinghouse.com/books/%d8%ad%d9%8a%d9%86-%d9%8a%d9%85%d8%aa%d9%84%d9%83-%d8%a7%d9%84%d9%81%d9%86-%d8%a7%d9%84%d8%b1%d9%88%d8%ad/,175,175,in stock,دار العين للنشر
حينما تشتهيك الحياة,https://elainpublishinghouse.com/books/%d8%ad%d9%8a%d9%86%d9%85%d8%a7-%d8%aa%d8%b4%d8%aa%d9%87%d9%8a%d9%83-%d8%a7%d9%84%d8%ad%d9%8a%d8%a7%d8%a9/,200,200,in stock,دار العين للنشر
خارج ايام السنة,https://elainpublishinghouse.com/books/%d8%ae%d8%a7%d8%b1%d8%ac-%d8%a7%d9%8a%d8%a7%d9%85-%d8%a7%d9%84%d8%b3%d9%86%d8%a9/,100,100,in stock,دار العين للنشر
خباء النقد والشعر,https://elainpublishinghouse.com/books/%d8%ae%d8%a8%d8%a7%d8%a1-%d8%a7%d9%84%d9%86%d9%82%d8%af-%d9%88%d8%a7%d9%84%d8%b4%d8%b9%d8%b1/,250,250,in stock,دار العين للنشر
خبايا اللال,https://elainpublishinghouse.com/books/%d8%ae%d8%a8%d8%a7%d9%8a%d8%a7-%d8%a7%d9%84%d9%84%d8%a7%d9%84/,500,500,in stock,دار العين للنشر
ختم خزعل,https://elainpublishinghouse.com/books/%d8%ae%d8%aa%d9%85-%d8%ae%d8%b2%d8%b9%d9%84/,600,600,in stock,دار العين للنشر
خدعة هيمنجواي,https://elainpublishinghouse.com/books/%d8%ae%d8%af%d8%b9%d8%a9-%d9%87%d9%8a%d9%85%d9%86%d8%ac%d9%88%d8%a7%d9%8a/,250,250,in stock,دار العين للنشر
خرائط ورحلات السفر في اعماق افريقيا,https://elainpublishinghouse.com/books/%d8%ae%d8%b1%d8%a7%d8%a6%d8%b7-%d9%88%d8%b1%d8%ad%d9%84%d8%a7%d8%aa-%d8%a7%d9%84%d8%b3%d9%81%d8%b1-%d9%81%d9%8a-%d8%a7%d8%b9%d9%85%d8%a7%d9%82-%d8%a7%d9%81%d8%b1%d9%8a%d9%82%d9%8a%d8%a7/,200,200,in stock,دار العين للنشر
خرابيش,https://elainpublishinghouse.com/books/%d8%ae%d8%b1%d8%a7%d8%a8%d9%8a%d8%b4/,350,350,in stock,دار العين للنشر
خرافة العقل,https://elainpublishinghouse.com/books/%d8%ae%d8%b1%d8%a7%d9%81%d8%a9-%d8%a7%d9%84%d8%b9%d9%82%d9%84/,300,300,in stock,دار العين للنشر
خط رمل,https://elainpublishinghouse.com/books/%d8%ae%d8%b7-%d8%b1%d9%85%d9%84/,200,200,in stock,دار العين للنشر
خطاب عصفور النقدي,https://elainpublishinghouse.com/books/%d8%ae%d8%b7%d8%a7%d8%a8-%d8%b9%d8%b5%d9%81%d9%88%d8%b1-%d8%a7%d9%84%d9%86%d9%82%d8%af%d9%8a/,200,200,in stock,دار العين للنشر
خطط طويلة الأجل,https://elainpublishinghouse.com/books/%d8%ae%d8%b7%d8%b7-%d8%b7%d9%88%d9%8a%d9%84%d8%a9-%d8%a7%d9%84%d8%a3%d8%ac%d9%84/,75,75,in stock,دار العين للنشر
خلف ستار النخيل,https://elainpublishinghouse.com/books/%d8%ae%d9%84%d9%81-%d8%b3%d8%aa%d8%a7%d8%b1-%d8%a7%d9%84%d9%86%d8%ae%d9%8a%d9%84/,200,200,in stock,دار العين للنشر
خياط الهيئات,https://elainpublishinghouse.com/books/%d8%ae%d9%8a%d8%a7%d8%b7-%d8%a7%d9%84%d9%87%d9%8a%d8%a6%d8%a7%d8%aa/,175,175,in stock,دار العين للنشر
خير الله الجبل,https://elainpublishinghouse.com/books/%d8%ae%d9%8a%d8%b1-%d8%a7%d9%84%d9%84%d9%87-%d8%a7%d9%84%d8%ac%d8%a8%d9%84/,100,100,in stock,دار العين للنشر
داروين طنطا,https://elainpublishinghouse.com/books/%d8%af%d8%a7%d8%b1%d9%88%d9%8a%d9%86-%d8%b7%d9%86%d8%b7%d8%a7/,250,250,in stock,دار العين للنشر
درب الصفا,https://elainpublishinghouse.com/books/%d8%af%d8%b1%d8%a8-%d8%a7%d9%84%d8%b5%d9%81%d8%a7/,250,250,in stock,دار العين للنشر
دروس أنت المعلم فيها,https://elainpublishinghouse.com/books/%d8%af%d8%b1%d9%88%d8%b3-%d8%a3%d9%86%d8%aa-%d8%a7%d9%84%d9%85%d8%b9%d9%84%d9%85-%d9%81%d9%8a%d9%87%d8%a7/,250,250,in stock,دار العين للنشر
دروس انت فيها المعلم “الحصة الثانية”,https://elainpublishinghouse.com/books/%d8%af%d8%b1%d9%88%d8%b3-%d8%a7%d9%86%d8%aa-%d9%81%d9%8a%d9%87%d8%a7-%d8%a7%d9%84%d9%85%d8%b9%d9%84%d9%85-%d8%a7%d9%84%d8%ad%d8%b5%d8%a9-%d8%a7%d9%84%d8%ab%d8%a7%d9%86%d9%8a%d8%a9/,350,350,in stock,دار العين للنشر
دعاة السوبر ماركت,https://elainpublishinghouse.com/books/%d8%af%d8%b9%d8%a7%d8%a9-%d8%a7%d9%84%d8%b3%d9%88%d8%a8%d8%b1-%d9%85%d8%a7%d8%b1%d9%83%d8%aa/,200,200,in stock,دار العين للنشر
دعوة فرح,https://elainpublishinghouse.com/books/%d8%af%d8%b9%d9%88%d8%a9-%d9%81%d8%b1%d8%ad/,150,150,in stock,دار العين للنشر
دفتر ناعوت ربما,https://elainpublishinghouse.com/books/%d8%af%d9%81%d8%aa%d8%b1-%d9%86%d8%a7%d8%b9%d9%88%d8%aa-%d8%b1%d8%a8%d9%85%d8%a7/,250,250,in stock,دار العين للنشر
دفتر ناعوت ظمأ,https://elainpublishinghouse.com/books/%d8%af%d9%81%d8%aa%d8%b1-%d9%86%d8%a7%d8%b9%d9%88%d8%aa/,200,200,in stock,دار العين للنشر
دكاكين تغلق ابوابها,https://elainpublishinghouse.com/books/%d8%af%d9%83%d8%a7%d9%83%d9%8a%d9%86-%d8%aa%d8%ba%d9%84%d9%82-%d8%a7%d8%a8%d9%88%d8%a7%d8%a8%d9%87%d8%a7/,300,300,in stock,دار العين للنشر
دكان للخرده,https://elainpublishinghouse.com/books/%d8%af%d9%83%d8%a7%d9%86-%d9%84%d9%84%d8%ae%d8%b1%d8%af%d9%87/,150,150,in stock,دار العين للنشر
دليل المسلم الحزين,https://elainpublishinghouse.com/books/%d8%af%d9%84%d9%8a%d9%84-%d8%a7%d9%84%d9%85%d8%b3%d9%84%d9%85-%d8%a7%d9%84%d8%ad%d8%b2%d9%8a%d9%86/,250,250,in stock,دار العين للنشر
دمى فاجرة,https://elainpublishinghouse.com/books/%d8%af%d9%85%d9%89-%d9%81%d8%a7%d8%ac%d8%b1%d8%a9/,60,60,in stock,دار العين للنشر
دوار العالم,https://elainpublishinghouse.com/books/%d8%af%d9%88%d8%a7%d8%b1-%d8%a7%d9%84%d8%b9%d8%a7%d9%84%d9%85/,150,150,in stock,دار العين للنشر
ذائقة الموت,https://elainpublishinghouse.com/books/%d8%b0%d8%a7%d8%a6%d9%82%d8%a9-%d8%a7%d9%84%d9%85%d9%88%d8%aa/,400,400,in stock,دار العين للنشر
ذاكرة الملتقى,https://elainpublishinghouse.com/books/%d8%b0%d8%a7%d9%83%d8%b1%d8%a9-%d8%a7%d9%84%d9%85%d9%84%d8%aa%d9%82%d9%89/,250,250,in stock,دار العين للنشر
ذاكرة الوصال,https://elainpublishinghouse.com/books/%d8%b0%d8%a7%d9%83%d8%b1%d8%a9-%d8%a7%d9%84%d9%88%d8%b5%d8%a7%d9%84/,125,125,in stock,دار العين للنشر
ذكريات,https://elainpublishinghouse.com/books/%d8%b0%d9%83%d8%b1%d9%8a%d8%a7%d8%aa/,125,125,in stock,دار العين للنشر
رأيت يوسف,https://elainpublishinghouse.com/books/%d8%b1%d8%a3%d9%8a%d8%aa-%d9%8a%d9%88%d8%b3%d9%81/,350,350,in stock,دار العين للنشر
رؤى المدينة المقدسة,https://elainpublishinghouse.com/books/%d8%b1%d8%a4%d9%89-%d8%a7%d9%84%d9%85%d8%af%d9%8a%d9%86%d8%a9-%d8%a7%d9%84%d9%85%d9%82%d8%af%d8%b3%d8%a9/,125,125,in stock,دار العين للنشر
رؤية فنية معاصرة للخط العربي,https://elainpublishinghouse.com/books/%d8%b1%d8%a4%d9%8a%d8%a9-%d9%81%d9%86%d9%8a%d8%a9-%d9%85%d8%b9%d8%a7%d8%b5%d8%b1%d8%a9-%d9%84%d9%84%d8%ae%d8%b7-%d8%a7%d9%84%d8%b9%d8%b1%d8%a8%d9%8a/,350,350,in stock,دار العين للنشر
رابطة كارهي سليم العشي,https://elainpublishinghouse.com/books/%d8%b1%d8%a7%d8%a8%d8%b7%d8%a9-%d9%83%d8%a7%d8%b1%d9%87%d9%8a-%d8%b3%d9%84%d9%8a%d9%85-%d8%a7%d9%84%d8%b9%d8%b4%d9%8a/,200,200,in stock,دار العين للنشر
راعى البقر,https://elainpublishinghouse.com/books/%d8%b1%d8%a7%d8%b9%d9%89-%d8%a7%d9%84%d8%a8%d9%82%d8%b1/,175,175,in stock,دار العين للنشر
ربع الرز,https://elainpublishinghouse.com/books/%d8%b1%d8%a8%d8%b9-%d8%a7%d9%84%d8%b1%d8%b2/,150,150,in stock,دار العين للنشر
ربيع الغابة,https://elainpublishinghouse.com/books/%d8%b1%d8%a8%d9%8a%d8%b9-%d8%a7%d9%84%d8%ba%d8%a7%d8%a8%d8%a9/,150,150,in stock,دار العين للنشر
رجل تتعقبه الغربان,https://elainpublishinghouse.com/books/%d8%b1%d8%ac%d9%84-%d8%aa%d8%aa%d8%b9%d9%82%d8%a8%d9%87-%d8%a7%d9%84%d8%ba%d8%b1%d8%a8%d8%a7%d9%86/,350,350,in stock,دار العين للنشر
رحلة المرأة من التقديس والتبخيس,https://elainpublishinghouse.com/books/%d8%b1%d8%ad%d9%84%d8%a9-%d8%a7%d9%84%d9%85%d8%b1%d8%a3%d8%a9-%d9%85%d9%86-%d8%a7%d9%84%d8%aa%d9%82%d8%af%d9%8a%d8%b3-%d9%88%d8%a7%d9%84%d8%aa%d8%a8%d8%ae%d9%8a%d8%b3/,150,150,in stock,دار العين للنشر
رحلة مع النفس: الصوفية وفن القيادة المؤسسية,https://elainpublishinghouse.com/books/%d8%b1%d8%ad%d9%84%d8%a9-%d9%85%d8%b9-%d8%a7%d9%84%d9%86%d9%81%d8%b3-%d8%a7%d9%84%d8%b5%d9%88%d9%81%d9%8a%d8%a9-%d9%88%d9%81%d9%86-%d8%a7%d9%84%d9%82%d9%8a%d8%a7%d8%af%d8%a9-%d8%a7%d9%84%d9%85%d8%a4/,300,300,in stock,دار العين للنشر
رسوم سماوية,https://elainpublishinghouse.com/books/%d8%b1%d8%b3%d9%88%d9%85-%d8%b3%d9%85%d8%a7%d9%88%d9%8a%d8%a9/,250,250,in stock,دار العين للنشر
رفيف الفراشة,https://elainpublishinghouse.com/books/%d8%b1%d9%81%d9%8a%d9%81-%d8%a7%d9%84%d9%81%d8%b1%d8%a7%d8%b4%d8%a9/,200,200,in stock,دار العين للنشر
رقصة التنورة,https://elainpublishinghouse.com/books/%d8%b1%d9%82%d8%b5%d8%a9-%d8%a7%d9%84%d8%aa%d9%86%d9%88%d8%b1%d8%a9/,250,250,in stock,دار العين للنشر
رقصة اوديسا,https://elainpublishinghouse.com/books/%d8%b1%d9%82%d8%b5%d8%a9-%d8%a7%d9%88%d8%af%d9%8a%d8%b3%d8%a7/,300,300,in stock,دار العين للنشر
رقصة شرقية,https://elainpublishinghouse.com/books/%d8%b1%d9%82%d8%b5%d8%a9-%d8%b4%d8%b1%d9%82%d9%8a%d8%a9/,150,150,in stock,دار العين للنشر
رمان أدريان,https://elainpublishinghouse.com/books/%d8%b1%d9%85%d8%a7%d9%86-%d8%a3%d8%af%d8%b1%d9%8a%d8%a7%d9%86/,250,250,in stock,دار العين للنشر
رهانات السلام,https://elainpublishinghouse.com/books/%d8%b1%d9%87%d8%a7%d9%86%d8%a7%d8%aa-%d8%a7%d9%84%d8%b3%d9%84%d8%a7%d9%85/,200,200,in stock,دار العين للنشر
روح الله الفضل حبشي,https://elainpublishinghouse.com/books/%d8%b1%d9%88%d8%ad-%d8%a7%d9%84%d9%84%d9%87-%d8%a7%d9%84%d9%81%d8%b6%d9%84-%d8%ad%d8%a8%d8%b4%d9%8a/,200,200,in stock,دار العين للنشر
روسيا فى المدى الطويل,https://elainpublishinghouse.com/books/%d8%b1%d9%88%d8%b3%d9%8a%d8%a7-%d9%81%d9%89-%d8%a7%d9%84%d8%b2%d9%85%d9%86-%d8%a7%d9%84%d8%b7%d9%88%d9%8a%d9%84/,150,150,in stock,دار العين للنشر
روسيا في الاقتصاد العالمي,https://elainpublishinghouse.com/books/%d8%b1%d9%88%d8%b3%d9%8a%d8%a7-%d9%81%d9%8a-%d8%a7%d9%84%d8%a7%d9%82%d8%aa%d8%b5%d8%a7%d8%af-%d8%a7%d9%84%d8%b9%d8%a7%d9%84%d9%85%d9%8a/,200,200,in stock,دار العين للنشر
زمن السيداف ج1 / ج2,https://elainpublishinghouse.com/books/%d8%b2%d9%85%d9%86-%d8%a7%d9%84%d8%b3%d9%8a%d8%af%d8%a7%d9%81-%d8%ac1-%d8%ac2/,250,250,in stock,دار العين للنشر
زنيم,https://elainpublishinghouse.com/books/%d8%b2%d9%86%d9%8a%d9%85/,200,200,in stock,دار العين للنشر
زهران الذي هوى,https://elainpublishinghouse.com/books/%d8%b2%d9%87%d8%b1%d8%a7%d9%86-%d8%a7%d9%84%d8%b0%d9%8a-%d9%87%d9%88%d9%89/,300,300,in stock,دار العين للنشر
زهرة الصمت,https://elainpublishinghouse.com/books/%d8%b2%d9%87%d8%b1%d8%a9-%d8%a7%d9%84%d8%b5%d9%85%d8%aa/,150,150,in stock,دار العين للنشر
زيزينيا,https://elainpublishinghouse.com/books/%d8%b2%d9%8a%d8%b2%d9%8a%d9%86%d9%8a%d8%a7/,150,150,in stock,دار العين للنشر
سارقة الارواح,https://elainpublishinghouse.com/books/%d8%b3%d8%a7%d8%b1%d9%82%d8%a9-%d8%a7%d9%84%d8%a7%d8%b1%d9%88%d8%a7%d8%ad/,500,500,in stock,دار العين للنشر
سبعون نافذة,https://elainpublishinghouse.com/books/%d8%b3%d8%a8%d8%b9%d9%88%d9%86-%d9%86%d8%a7%d9%81%d8%b0%d8%a9/,150,150,in stock,دار العين للنشر
ست زوايا للصلاة,https://elainpublishinghouse.com/books/%d8%b3%d8%aa-%d8%b2%d9%88%d8%a7%d9%8a%d8%a7-%d9%84%d9%84%d8%b5%d9%84%d8%a7%d8%a9/,100,100,in stock,دار العين للنشر
سجون نختار ان نحيا فيها,https://elainpublishinghouse.com/books/%d8%b3%d8%ac%d9%88%d9%86-%d9%86%d8%ae%d8%aa%d8%a7%d8%b1-%d8%a7%d9%86-%d9%86%d8%ad%d9%8a%d8%a7-%d9%81%d9%8a%d9%87%d8%a7/,125,125,in stock,دار العين للنشر
سديم زهرة الهندباء,https://elainpublishinghouse.com/books/%d8%b3%d8%af%d9%8a%d9%85-%d8%b2%d9%87%d8%b1%d8%a9-%d8%a7%d9%84%d9%87%d9%86%d8%af%d8%a8%d8%a7%d8%a1/,175,175,in stock,دار العين للنشر
سر الصبية,https://elainpublishinghouse.com/books/%d8%b3%d8%b1-%d8%a7%d9%84%d8%b5%d8%a8%d9%8a%d8%a9/,175,175,in stock,دار العين للنشر
سراب دجلة,https://elainpublishinghouse.com/books/%d8%b3%d8%b1%d8%a7%d8%a8-%d8%af%d8%ac%d9%84%d8%a9/,200,200,in stock,دار العين للنشر
سرية,https://elainpublishinghouse.com/books/%d8%b3%d8%b1%d9%8a%d8%a9/,300,300,in stock,دار العين للنشر
سفينة الملك ونفيسة الفلك,https://elainpublishinghouse.com/books/%d8%b3%d9%81%d9%8a%d9%86%d8%a9-%d8%a7%d9%84%d9%85%d9%84%d9%83-%d9%88%d9%86%d9%81%d9%8a%d8%b3%d8%a9-%d8%a7%d9%84%d9%81%d9%84%d9%83/,250,250,in stock,دار العين للنشر
سواكن الأولى,https://elainpublishinghouse.com/books/%d8%b3%d9%88%d8%a7%d9%83%d9%86-%d8%a7%d9%84%d8%a3%d9%88%d9%84%d9%89/,200,200,in stock,دار العين للنشر
سوالف,https://elainpublishinghouse.com/books/%d8%b3%d9%88%d8%a7%d9%84%d9%81/,150,150,in stock,دار العين للنشر
سوهو,https://elainpublishinghouse.com/books/%d8%b3%d9%88%d9%87%d9%88/,200,200,in stock,دار العين للنشر
سيد كورونا,https://elainpublishinghouse.com/books/%d8%b3%d9%8a%d8%af-%d9%83%d8%b1%d9%88%d9%86%d8%a7/,250,250,in stock,دار العين للنشر
سيرة أم درمانية,https://elainpublishinghouse.com/books/%d8%b3%d9%8a%d8%b1%d8%a9-%d8%a3%d9%85-%d8%af%d8%b1%d9%85%d8%a7%d9%86%d9%8a%d8%a9/,150,150,in stock,دار العين للنشر
سيرة الافعى,https://elainpublishinghouse.com/books/%d8%b3%d9%8a%d8%b1%d8%a9-%d8%a7%d9%84%d8%a7%d9%81%d8%b9%d9%89/,150,150,in stock,دار العين للنشر
سيرة مصرية افريقية,https://elainpublishinghouse.com/books/%d8%b3%d9%8a%d8%b1%d8%a9-%d9%85%d8%b5%d8%b1%d9%8a%d8%a9-%d8%a7%d9%81%d8%b1%d9%8a%d9%82%d9%8a%d8%a9/,200,200,in stock,دار العين للنشر
سيقان تعرف وحدها مواعيد الخروج,https://elainpublishinghouse.com/books/%d8%b3%d9%8a%d9%82%d8%a7%d9%86-%d8%aa%d8%b9%d8%b1%d9%81-%d9%88%d8%ad%d8%af%d9%87%d8%a7-%d9%85%d9%88%d8%a7%d8%b9%d9%8a%d8%af-%d8%a7%d9%84%d8%ae%d8%b1%d9%88%d8%ac/,125,125,in stock,دار العين للنشر
سيكولوجية الشخصية الايجابية,https://elainpublishinghouse.com/books/%d8%b3%d9%8a%d9%83%d9%88%d9%84%d9%88%d8%ac%d9%8a%d8%a9-%d8%a7%d9%84%d8%b4%d8%ae%d8%b5%d9%8a%d8%a9-%d8%a7%d9%84%d8%a7%d9%8a%d8%ac%d8%a7%d8%a8%d9%8a%d8%a9/,300,300,in stock,دار العين للنشر
سيكولوجية الصراع السياسي,https://elainpublishinghouse.com/books/%d8%b3%d9%8a%d9%83%d9%88%d9%84%d9%88%d8%ac%d9%8a%d8%a9-%d8%a7%d9%84%d8%b5%d8%b1%d8%a7%d8%b9-%d8%a7%d9%84%d8%b3%d9%8a%d8%a7%d8%b3%d9%8a/,150,150,in stock,دار العين للنشر
شجرة العائلة “سيرة عائلة روسية”,https://elainpublishinghouse.com/books/%d8%b4%d8%ac%d8%b1%d8%a9-%d8%a7%d9%84%d8%b9%d8%a7%d8%a6%d9%84%d8%a9-%d8%b3%d9%8a%d8%b1%d8%a9-%d8%b9%d8%a7%d8%a6%d9%84%d8%a9-%d8%b1%d9%88%d8%b3%d9%8a%d8%a9/,250,250,in stock,دار العين للنشر
شجو الهديل,https://elainpublishinghouse.com/books/%d8%b4%d8%ac%d9%88-%d8%a7%d9%84%d9%87%d8%af%d9%8a%d9%84/,300,300,in stock,دار العين للنشر
شخصيات عرفتها,https://elainpublishinghouse.com/books/%d8%b4%d8%ae%d8%b5%d9%8a%d8%a7%d8%aa-%d8%b9%d8%b1%d9%81%d8%aa%d9%87%d8%a7/,250,250,in stock,دار العين للنشر
شخصيات مش متشافة,https://elainpublishinghouse.com/books/%d8%b4%d8%ae%d8%b5%d9%8a%d8%a7%d8%aa-%d9%85%d8%b4-%d9%85%d8%aa%d8%b4%d8%a7%d9%81%d8%a9/,250,250,in stock,دار العين للنشر
شرائط الساتان,https://elainpublishinghouse.com/books/%d8%b4%d8%b1%d8%a7%d8%a6%d8%b7-%d8%a7%d9%84%d8%b3%d8%a7%d8%aa%d8%a7%d9%86/,150,150,in stock,دار العين للنشر
شرح الثورة الفرنسية,https://elainpublishinghouse.com/books/%d8%b4%d8%b1%d8%ad-%d8%a7%d9%84%d8%ab%d9%88%d8%b1%d8%a9-%d8%a7%d9%84%d9%81%d8%b1%d9%86%d8%b3%d9%8a%d8%a9/,100,100,in stock,دار العين للنشر
شرح الحرب العظمي لحفيدي,https://elainpublishinghouse.com/books/%d8%b4%d8%b1%d8%ad-%d8%a7%d9%84%d8%ad%d8%b1%d8%a8-%d8%a7%d9%84%d8%b9%d8%b8%d9%85%d9%8a-%d9%84%d8%ad%d9%81%d9%8a%d8%af%d9%8a/,90,90,in stock,دار العين للنشر
شرح الديانات لابنتي,https://elainpublishinghouse.com/books/%d8%b4%d8%b1%d8%ad-%d8%a7%d9%84%d8%af%d9%8a%d8%a7%d9%86%d8%a7%d8%aa-%d9%84%d8%a7%d8%a8%d9%86%d8%aa%d9%8a/,200,200,in stock,دار العين للنشر
شوق الدرويش,https://elainpublishinghouse.com/books/%d8%b4%d9%88%d9%82-%d8%a7%d9%84%d8%af%d8%b1%d9%88%d9%8a%d8%b4/,300,300,in stock,دار العين للنشر
شوكولاته سودا,https://elainpublishinghouse.com/books/%d8%b4%d9%8a%d9%83%d9%88%d9%84%d8%a7%d8%aa%d8%a9-%d8%b3%d9%88%d8%af%d8%a7/,100,100,in stock,دار العين للنشر
صالة استقبال الضوارى,https://elainpublishinghouse.com/books/%d8%b5%d8%a7%d9%84%d8%a9-%d8%a7%d8%b3%d8%aa%d9%82%d8%a8%d8%a7%d9%84-%d8%a7%d9%84%d8%b6%d9%88%d8%a7%d8%b1%d9%89/,250,250,in stock,دار العين للنشر
صانع المفاتيح,https://elainpublishinghouse.com/books/%d8%b5%d8%a7%d9%86%d8%b9-%d8%a7%d9%84%d9%85%d9%81%d8%a7%d8%aa%d9%8a%d8%ad/,250,250,in stock,دار العين للنشر
صحراء المماليك,https://elainpublishinghouse.com/books/%d8%b5%d8%ad%d8%b1%d8%a7%d8%a1-%d8%a7%d9%84%d9%85%d9%85%d8%a7%d9%84%d9%8a%d9%83/,100,100,in stock,دار العين للنشر
صخرة هليوبوليس,https://elainpublishinghouse.com/books/%d8%b5%d8%ae%d8%b1%d8%a9-%d9%87%d9%84%d9%8a%d9%88%d8%a8%d9%88%d9%84%d9%8a%d8%b3/,250,250,in stock,دار العين للنشر
صديقي او اي لقب اخر,https://elainpublishinghouse.com/books/%d8%b5%d8%af%d9%8a%d9%82%d9%8a-%d8%a7%d9%88-%d8%a7%d9%8a-%d9%84%d9%82%d8%a8-%d8%a7%d8%ae%d8%b1/,250,250,in stock,دار العين للنشر
صراع فى السماء,https://elainpublishinghouse.com/books/%d8%b5%d8%b1%d8%a7%d8%b9-%d9%81%d9%89-%d8%a7%d9%84%d8%b3%d9%85%d8%a7%d8%a1/,250,250,in stock,دار العين للنشر
صمت الرب الطويل,https://elainpublishinghouse.com/books/%d8%b5%d9%85%d8%aa-%d8%a7%d9%84%d8%b1%d8%a8-%d8%a7%d9%84%d8%b7%d9%88%d9%8a%d9%84/,450,450,in stock,دار العين للنشر
صوت الامام,https://elainpublishinghouse.com/books/%d8%b5%d9%88%d8%aa-%d8%a7%d9%84%d8%a7%d9%85%d8%a7%d9%85/,250,250,in stock,دار العين للنشر
ضد البلاغة,https://elainpublishinghouse.com/books/%d8%b6%d8%af-%d8%a7%d9%84%d8%a8%d9%84%d8%a7%d8%ba%d8%a9/,125,125,in stock,دار العين للنشر
ضلع المثلث,https://elainpublishinghouse.com/books/%d8%b6%d9%84%d8%b9-%d8%a7%d9%84%d9%85%d8%ab%d9%84%d8%ab/,100,100,in stock,دار العين للنشر
طائر حبيس خارج القفص,https://elainpublishinghouse.com/books/%d8%b7%d8%a7%d8%a6%d8%b1-%d8%ad%d8%a8%d9%8a%d8%b3-%d8%ae%d8%a7%d8%b1%d8%ac-%d8%a7%d9%84%d9%82%d9%81%d8%b5/,125,125,in stock,دار العين للنشر
طائرة درون تطير فوق رأسي,https://elainpublishinghouse.com/books/%d8%b7%d8%a7%d8%a6%d8%b1%d8%a9-%d8%af%d8%b1%d9%88%d9%86-%d8%aa%d8%b7%d9%8a%d8%b1-%d9%81%d9%88%d9%82-%d8%b1%d8%a3%d8%b3%d9%8a/,200,200,in stock,دار العين للنشر
طرف من خبر الايام,https://elainpublishinghouse.com/books/%d8%b7%d8%b1%d9%81-%d9%85%d9%86-%d8%ae%d8%a8%d8%b1-%d8%a7%d9%84%d8%a7%d9%8a%d8%a7%d9%85/,130,130,in stock,دار العين للنشر
طرق الرب,https://elainpublishinghouse.com/books/%d8%b7%d8%b1%d9%82-%d8%a7%d9%84%d8%b1%d8%a8/,275,275,in stock,دار العين للنشر
طقوس الغواية,https://elainpublishinghouse.com/books/%d8%b7%d9%82%d9%88%d8%b3-%d8%a7%d9%84%d8%ba%d9%88%d8%a7%d9%8a%d8%a9/,250,250,in stock,دار العين للنشر
طوكر,https://elainpublishinghouse.com/books/%d8%b7%d9%88%d9%83%d8%b1/,250,250,in stock,دار العين للنشر
ظاهرة الدعاة الجدد,https://elainpublishinghouse.com/books/%d8%b8%d8%a7%d9%87%d8%b1%d8%a9-%d8%a7%d9%84%d8%af%d8%b9%d8%a7%d8%a9-%d8%a7%d9%84%d8%ac%d8%af%d8%af/,350,350,in stock,دار العين للنشر
عائلة جادو,https://elainpublishinghouse.com/books/%d8%b9%d8%a7%d8%a6%d9%84%d8%a9-%d8%ac%d8%a7%d8%af%d9%88/,100,100,in stock,دار العين للنشر
عازف التشيلو,https://elainpublishinghouse.com/books/%d8%b9%d8%a7%d8%b2%d9%81-%d8%a7%d9%84%d8%aa%d8%b4%d9%8a%d9%84%d9%88/,125,125,in stock,دار العين للنشر
عاشق المسبحة,https://elainpublishinghouse.com/books/%d8%b9%d8%a7%d8%b4%d9%82-%d8%a7%d9%84%d9%85%d8%b3%d8%a8%d8%ad%d8%a9/,200,200,in stock,دار العين للنشر
عالم بدون إسرائيل,https://elainpublishinghouse.com/books/%d8%b9%d8%a7%d9%84%d9%85-%d8%a8%d8%af%d9%88%d9%86-%d8%a5%d8%b3%d8%b1%d8%a7%d8%a6%d9%8a%d9%84/,200,200,in stock,دار العين للنشر
عالم يتفكك When Power Fragments,https://elainpublishinghouse.com/books/%d8%b9%d8%a7%d9%84%d9%85-%d9%8a%d8%aa%d9%81%d9%83%d9%83-when-power-fragments/,1000,1000,in stock,دار العين للنشر
عبد الناصر ويهود مصر,https://elainpublishinghouse.com/books/%d8%b9%d8%a8%d8%af-%d8%a7%d9%84%d9%86%d8%a7%d8%b5%d8%b1-%d9%88%d9%8a%d9%87%d9%88%d8%af-%d9%85%d8%b5%d8%b1/,350,350,in stock,دار العين للنشر
عرق الصبا,https://elainpublishinghouse.com/books/%d8%b9%d8%b1%d9%82-%d8%a7%d9%84%d8%b5%d8%a8%d8%a7/,75,75,in stock,دار العين للنشر
عزلة الثلج,https://elainpublishinghouse.com/books/%d8%b9%d8%b2%d9%84%d8%a9-%d8%a7%d9%84%d8%ab%d9%84%d8%ac/,75,75,in stock,دار العين للنشر
عزيزى الحيوان,https://elainpublishinghouse.com/books/%d8%b9%d8%b2%d9%8a%d8%b2%d9%89-%d8%a7%d9%84%d8%ad%d9%8a%d9%88%d8%a7%d9%86/,200,200,in stock,دار العين للنشر
عشبة ومطر,https://elainpublishinghouse.com/books/%d8%b9%d8%b4%d8%a8%d8%a9-%d9%88%d9%85%d8%b7%d8%b1/,80,80,in stock,دار العين للنشر
عشرة ايام هزت السودان,https://elainpublishinghouse.com/books/%d8%b9%d8%b4%d8%b1%d8%a9-%d8%a7%d9%8a%d8%a7%d9%85-%d9%87%d8%b2%d8%aa-%d8%a7%d9%84%d8%b3%d9%88%d8%af%d8%a7%d9%86/,100,100,in stock,دار العين للنشر
عصر الانفلات,https://elainpublishinghouse.com/books/%d8%b9%d8%b5%d8%b1-%d8%a7%d9%84%d8%a7%d9%86%d9%81%d9%84%d8%a7%d8%aa/,450,450,in stock,دار العين للنشر
عصور دانيال في مدينة الخيوط,https://elainpublishinghouse.com/books/%d8%b9%d8%b5%d9%88%d8%b1-%d8%af%d8%a7%d9%86%d9%8a%d8%a7%d9%84-%d9%81%d9%8a-%d9%85%d8%af%d9%8a%d9%86%d8%a9-%d8%a7%d9%84%d8%ae%d9%8a%d9%88%d8%b7/,100,100,in stock,دار العين للنشر
عطر الخطيئة,https://elainpublishinghouse.com/books/%d8%b9%d8%b7%d8%b1-%d8%a7%d9%84%d8%ae%d8%b7%d9%8a%d8%a6%d8%a9/,250,250,in stock,دار العين للنشر
علب الرغبة,https://elainpublishinghouse.com/books/%d8%b9%d9%84%d8%a8-%d8%a7%d9%84%d8%b1%d8%ba%d8%a8%d8%a9/,250,250,in stock,دار العين للنشر
على خط جرنتش,https://elainpublishinghouse.com/books/%d8%b9%d9%84%d9%89-%d8%ae%d8%b7-%d8%ac%d8%b1%d9%86%d8%aa%d8%b4/,250,250,in stock,دار العين للنشر
على عهدة حنظلة,https://elainpublishinghouse.com/books/%d8%b9%d9%84%d9%89-%d8%b9%d9%87%d8%af%d8%a9-%d8%ad%d9%86%d8%b8%d9%84%d8%a9/,200,200,in stock,دار العين للنشر
على مقام الصبا,https://elainpublishinghouse.com/books/%d8%b9%d9%84%d9%89-%d9%85%d9%82%d8%a7%d9%85-%d8%a7%d9%84%d8%b5%d8%a8%d8%a7/,150,150,in stock,دار العين للنشر
على يمين القلب,https://elainpublishinghouse.com/books/%d8%b9%d9%84%d9%89-%d9%8a%d9%85%d9%8a%d9%86-%d8%a7%d9%84%d9%82%d9%84%d8%a8/,200,200,in stock,دار العين للنشر
علي ونينو,https://elainpublishinghouse.com/books/%d8%b9%d9%84%d9%8a-%d9%88%d9%86%d9%8a%d9%86%d9%88/,300,300,in stock,دار العين للنشر
عمائم وطرابيش وكلمات: قراءات في العلامة,https://elainpublishinghouse.com/books/%d8%b9%d9%85%d8%a7%d8%a6%d9%85-%d9%88%d8%b7%d8%b1%d8%a7%d8%a8%d9%8a%d8%b4-%d9%88%d9%83%d9%84%d9%85%d8%a7%d8%aa-%d9%82%d8%b1%d8%a7%d8%a1%d8%a7%d8%aa-%d9%81%d9%8a-%d8%a7%d9%84%d8%b9%d9%84%d8%a7%d9%85/,200,200,in stock,دار العين للنشر
عن التراث العربي الإسلامي: دِرَاسَــة من الوجهة الجُغرافية,https://elainpublishinghouse.com/books/%d9%85%d9%90%d9%86%d9%8e-%d8%a7%d9%84%d8%aa%d8%b1%d8%a7%d8%ab-%d8%a7%d9%84%d8%b9%d8%b1%d8%a8%d9%8a-%d8%a7%d9%84%d8%a5%d8%b3%d9%84%d8%a7%d9%85%d9%8a-%d8%af%d9%90%d8%b1%d9%8e%d8%a7%d8%b3%d9%8e%d9%80/,250,250,in stock,دار العين للنشر
عن الذكر والذاكرة في القرآن الكريم,https://elainpublishinghouse.com/books/%d8%b9%d9%86-%d8%a7%d9%84%d8%b0%d9%83%d8%b1-%d9%88%d8%a7%d9%84%d8%b0%d8%a7%d9%83%d8%b1%d8%a9-%d9%81%d9%8a-%d8%a7%d9%84%d9%82%d8%b1%d8%a2%d9%86-%d8%a7%d9%84%d9%83%d8%b1%d9%8a%d9%85/,250,250,in stock,دار العين للنشر
عن الشأن الافريقي,https://elainpublishinghouse.com/books/%d8%b9%d9%86-%d8%a7%d9%84%d8%b4%d8%a3%d9%86-%d8%a7%d9%84%d8%a7%d9%81%d8%b1%d9%8a%d9%82%d9%8a/,350,350,in stock,دار العين للنشر
غبار الطريق,https://elainpublishinghouse.com/books/%d8%ba%d8%a8%d8%a7%d8%b1-%d8%a7%d9%84%d8%b7%d8%b1%d9%8a%d9%82/,200,200,in stock,دار العين للنشر
غداء في بيت الطباخة,https://elainpublishinghouse.com/books/%d8%ba%d8%af%d8%a7%d8%a1-%d9%81%d9%8a-%d8%a8%d9%8a%d8%aa-%d8%a7%d9%84%d8%b7%d8%a8%d8%a7%d8%ae%d8%a9/,150,150,in stock,دار العين للنشر
غراب غرابيب غربان,https://elainpublishinghouse.com/books/%d8%ba%d8%b1%d8%a7%d8%a8-%d8%ba%d8%b1%d8%a7%d8%a8%d9%8a%d8%a8-%d8%ba%d8%b1%d8%a8%d8%a7%d9%86/,150,150,in stock,دار العين للنشر
غرب مال,https://elainpublishinghouse.com/books/%d8%ba%d8%b1%d8%a8-%d9%85%d8%a7%d9%84/,150,150,in stock,دار العين للنشر
غرفة تخص المرء وحده,https://elainpublishinghouse.com/books/%d8%ba%d8%b1%d9%81%d8%a9-%d8%aa%d8%ae%d8%b5-%d8%a7%d9%84%d9%85%d8%b1%d8%a1-%d9%88%d8%ad%d8%af%d9%87/,250,250,in stock,دار العين للنشر
غرفة يعقوب,https://elainpublishinghouse.com/books/%d8%ba%d8%b1%d9%81%d8%a9-%d9%8a%d8%b9%d9%82%d9%88%d8%a8/,300,300,in stock,دار العين للنشر
غيمه,https://elainpublishinghouse.com/books/%d8%ba%d9%8a%d9%85%d9%87/,225,225,in stock,دار العين للنشر
فاصل للدهشة,https://elainpublishinghouse.com/books/%d9%81%d8%a7%d8%b5%d9%84-%d9%84%d9%84%d8%af%d9%87%d8%b4%d8%a9/,400,400,in stock,دار العين للنشر
فاطمة وماجنت,https://elainpublishinghouse.com/books/%d9%81%d8%a7%d8%b7%d9%85%d8%a9-%d9%88%d9%85%d8%a7%d8%ac%d9%86%d8%aa/,200,200,in stock,دار العين للنشر
فتاة الريح,https://elainpublishinghouse.com/books/%d9%81%d8%aa%d8%a7%d8%a9-%d8%a7%d9%84%d8%b1%d9%8a%d8%ad/,200,200,in stock,دار العين للنشر
فتنة الغفران,https://elainpublishinghouse.com/books/%d9%81%d8%aa%d9%86%d8%a9-%d8%a7%d9%84%d8%ba%d9%81%d8%b1%d8%a7%d9%86/,250,250,in stock,دار العين للنشر
فستان أحمر بكولة دائرية,https://elainpublishinghouse.com/books/%d9%81%d8%b3%d8%aa%d8%a7%d9%86-%d8%a3%d8%ad%d9%85%d8%b1-%d8%a8%d9%83%d9%88%d9%84%d8%a9-%d8%af%d8%a7%d8%a6%d8%b1%d9%8a%d8%a9/,500,500,in stock,دار العين للنشر
فضاء البنفسج,https://elainpublishinghouse.com/books/%d9%81%d8%b6%d8%a7%d8%a1-%d8%a7%d9%84%d8%a8%d9%86%d9%81%d8%b3%d8%ac/,300,300,in stock,دار العين للنشر
فضائل الضغينة,https://elainpublishinghouse.com/books/%d9%81%d8%b6%d8%a7%d8%a6%d9%84-%d8%a7%d9%84%d8%b6%d8%ba%d9%8a%d9%86%d8%a9/,250,250,in stock,دار العين للنشر
فندق العالم,https://elainpublishinghouse.com/books/%d9%81%d9%86%d8%af%d9%82-%d8%a7%d9%84%d8%b9%d8%a7%d9%84%d9%85/,250,250,in stock,دار العين للنشر
فهرس الخوف,https://elainpublishinghouse.com/books/%d9%81%d9%87%d8%b1%d8%b3-%d8%a7%d9%84%d8%ae%d9%88%d9%81/,250,250,in stock,دار العين للنشر
فوق رأسي سحابة,https://elainpublishinghouse.com/books/%d9%81%d9%88%d9%82-%d8%b1%d8%a3%d8%b3%d9%8a-%d8%b3%d8%ad%d8%a7%d8%a8%d8%a9/,200,200,in stock,دار العين للنشر
فى غرفة العنكبوت,https://elainpublishinghouse.com/books/%d9%81%d9%89-%d8%ba%d8%b1%d9%81%d8%a9-%d8%a7%d9%84%d8%b9%d9%86%d9%83%d8%a8%d9%88%d8%aa/,100,100,in stock,دار العين للنشر
فى نقد التحليل الاقتصادى المعاصر,https://elainpublishinghouse.com/books/%d9%81%d9%89-%d9%86%d9%82%d8%af-%d8%a7%d9%84%d8%aa%d8%ad%d9%84%d9%8a%d9%84-%d8%a7%d9%84%d8%a7%d9%82%d8%aa%d8%b5%d8%a7%d8%af%d9%89-%d8%a7%d9%84%d9%85%d8%b9%d8%a7%d8%b5%d8%b1/,425,425,in stock,دار العين للنشر
في الحلم صعدت جبلا,https://elainpublishinghouse.com/books/%d9%81%d9%8a-%d8%a7%d9%84%d8%ad%d9%84%d9%85-%d8%b5%d8%b9%d8%af%d8%aa-%d8%ac%d8%a8%d9%84%d8%a7/,250,250,in stock,دار العين للنشر
في الطريق إلى بيت ولادة,https://elainpublishinghouse.com/books/%d9%81%d9%8a-%d8%a7%d9%84%d8%b7%d8%b1%d9%8a%d9%82-%d8%a5%d9%84%d9%89-%d8%a8%d9%8a%d8%aa-%d9%88%d9%84%d8%a7%d8%af%d8%a9/,250,250,in stock,دار العين للنشر
في الوعظ السياسي,https://elainpublishinghouse.com/books/%d9%81%d9%8a-%d8%a7%d9%84%d9%88%d8%b9%d8%b8-%d8%a7%d9%84%d8%b3%d9%8a%d8%a7%d8%b3%d9%8a/,150,150,in stock,دار العين للنشر
في حضرة الشمس الجليلة,https://elainpublishinghouse.com/books/%d9%81%d9%8a-%d8%ad%d8%b6%d8%b1%d8%a9-%d8%a7%d9%84%d8%b4%d9%85%d8%b3-%d8%a7%d9%84%d8%ac%d9%84%d9%8a%d9%84%d8%a9/,200,200,in stock,دار العين للنشر
في ظلالهن تغفو الأفراس,https://elainpublishinghouse.com/books/%d9%81%d9%8a-%d8%b8%d9%84%d8%a7%d9%84%d9%87%d9%86-%d8%aa%d8%ba%d9%81%d9%88-%d8%a7%d9%84%d8%a3%d9%81%d8%b1%d8%a7%d8%b3/,250,250,in stock,دار العين للنشر
في قلبي رضا,https://elainpublishinghouse.com/books/%d9%81%d9%8a-%d9%82%d9%84%d8%a8%d9%8a-%d8%b1%d8%b6%d8%a7/,100,100,in stock,دار العين للنشر
في مدن الغبار,https://elainpublishinghouse.com/books/%d9%81%d9%8a-%d9%85%d8%af%d9%86-%d8%a7%d9%84%d8%ba%d8%a8%d8%a7%d8%b1/,125,125,in stock,دار العين للنشر
قالت أميمة,https://elainpublishinghouse.com/books/%d9%82%d8%a7%d9%84%d8%aa-%d8%a3%d9%85%d9%8a%d9%85%d8%a9/,250,250,in stock,دار العين للنشر
قانون البقاء,https://elainpublishinghouse.com/books/%d9%82%d8%a7%d9%86%d9%88%d9%86-%d8%a7%d9%84%d8%a8%d9%82%d8%a7%d8%a1/,200,200,in stock,دار العين للنشر
قبل ان يرتد طرفك,https://elainpublishinghouse.com/books/%d9%82%d8%a8%d9%84-%d8%a7%d9%86-%d9%8a%d8%b1%d8%aa%d8%af-%d8%b7%d8%b1%d9%81%d9%83/,100,100,in stock,دار العين للنشر
قريبا تنهض الجدة,https://elainpublishinghouse.com/books/%d9%82%d8%b1%d9%8a%d8%a8%d8%a7-%d8%aa%d9%86%d9%87%d8%b6-%d8%a7%d9%84%d8%ac%d8%af%d8%a9/,125,125,in stock,دار العين للنشر
قطط إنستجرام,https://elainpublishinghouse.com/books/%d9%82%d8%b7%d8%b7-%d8%a5%d9%86%d8%b3%d8%aa%d8%ac%d8%b1%d8%a7%d9%85/,75,75,in stock,دار العين للنشر
قفزة أخيرة لسمكة ميتة,https://elainpublishinghouse.com/books/%d9%82%d9%81%d8%b2%d8%a9-%d8%a3%d8%ae%d9%8a%d8%b1%d8%a9-%d9%84%d8%b3%d9%85%d9%83%d8%a9-%d9%85%d9%8a%d8%aa%d8%a9/,125,125,in stock,دار العين للنشر
قلب السمكة,https://elainpublishinghouse.com/books/%d9%82%d9%84%d8%a8-%d8%a7%d9%84%d8%b3%d9%85%d9%83%d8%a9/,250,250,in stock,دار العين للنشر
قلب يجر صخرة,https://elainpublishinghouse.com/books/%d9%82%d9%84%d8%a8-%d9%8a%d8%ac%d8%b1-%d8%b5%d8%ae%d8%b1%d8%a9/,150,150,in stock,دار العين للنشر
قلعة أوترانتو,https://elainpublishinghouse.com/books/%d9%82%d9%84%d8%b9%d8%a9-%d8%a3%d9%88%d8%aa%d8%b1%d8%a7%d9%86%d8%aa%d9%88/,250,250,in stock,دار العين للنشر
قلق غزالة,https://elainpublishinghouse.com/books/%d9%82%d9%84%d9%82-%d8%ba%d8%b2%d8%a7%d9%84%d8%a9/,125,125,in stock,دار العين للنشر
قميص وردى فارغ,https://elainpublishinghouse.com/books/%d9%82%d9%85%d9%8a%d8%b5-%d9%88%d8%b1%d8%af%d9%89-%d9%81%d8%a7%d8%b1%d8%ba/,100,100,in stock,دار العين للنشر
قهوة حبشي,https://elainpublishinghouse.com/books/%d9%82%d9%87%d9%88%d8%a9-%d8%ad%d8%a8%d8%b4%d9%8a/,100,100,in stock,دار العين للنشر
قوة التفكير,https://elainpublishinghouse.com/books/%d9%82%d9%88%d8%a9-%d8%a7%d9%84%d8%aa%d9%81%d9%83%d9%8a%d8%b1/,200,200,in stock,دار العين للنشر
قوس الرمل,https://elainpublishinghouse.com/books/%d9%82%d9%88%d8%b3-%d8%a7%d9%84%d8%b1%d9%85%d9%84/,225,225,in stock,دار العين للنشر
كأن تنقصه الحكاية,https://elainpublishinghouse.com/books/%d9%83%d8%a3%d9%86-%d8%aa%d9%86%d9%82%d8%b5%d9%87-%d8%a7%d9%84%d8%ad%d9%83%d8%a7%d9%8a%d8%a9/,75,75,in stock,دار العين للنشر
كائنات الليل والنهار,https://elainpublishinghouse.com/books/%d9%83%d8%a7%d8%a6%d9%86%d8%a7%d8%aa-%d8%a7%d9%84%d9%84%d9%8a%d9%84-%d9%88%d8%a7%d9%84%d9%86%d9%87%d8%a7%d8%b1/,200,200,in stock,دار العين للنشر
كازانفا,https://elainpublishinghouse.com/books/%d9%83%d8%a7%d8%b2%d8%a7%d9%86%d9%81%d8%a7/,250,250,in stock,دار العين للنشر
كازينو الملائكة,https://elainpublishinghouse.com/books/%d9%83%d8%a7%d8%b2%d9%8a%d9%86%d9%88-%d8%a7%d9%84%d9%85%d9%84%d8%a7%d8%a6%d9%83%d8%a9/,300,300,in stock,دار العين للنشر
كان صرحا من خيال (أم كلثوم),https://elainpublishinghouse.com/books/%d9%83%d8%a7%d9%86-%d8%b5%d8%b1%d8%ad%d8%a7-%d9%85%d9%86-%d8%ae%d9%8a%d8%a7%d9%84-%d8%a3%d9%85-%d9%83%d9%84%d8%ab%d9%88%d9%85/,150,150,in stock,دار العين للنشر
كان يا ما كان,https://elainpublishinghouse.com/books/%d9%83%d8%a7%d9%86-%d9%8a%d8%a7-%d9%85%d8%a7-%d9%83%d8%a7%d9%86/,125,125,in stock,دار العين للنشر
كانافاه,https://elainpublishinghouse.com/books/%d9%83%d8%a7%d9%86%d8%a7%d9%81%d8%a7%d9%87/,250,250,in stock,دار العين للنشر
كتاب النحات,https://elainpublishinghouse.com/books/%d9%83%d8%aa%d8%a7%d8%a8-%d8%a7%d9%84%d9%86%d8%ad%d8%a7%d8%aa/,100,100,in stock,دار العين للنشر
كتاب الهذيان,https://elainpublishinghouse.com/books/%d9%83%d8%aa%d8%a7%d8%a8-%d8%a7%d9%84%d9%87%d8%b0%d9%8a%d8%a7%d9%86/,125,125,in stock,دار العين للنشر
كديسة,https://elainpublishinghouse.com/books/%d9%83%d8%af%d9%8a%d8%b3%d8%a9/,100,100,in stock,دار العين للنشر
كراسة خضراء,https://elainpublishinghouse.com/books/%d9%83%d8%b1%d8%a7%d8%b3%d8%a9-%d8%ae%d8%b6%d8%b1%d8%a7%d8%a1/,175,175,in stock,دار العين للنشر
كراكيب جديدة,https://elainpublishinghouse.com/books/%d9%83%d8%b1%d8%a7%d9%83%d9%8a%d8%a8-%d8%ac%d8%af%d9%8a%d8%af%d8%a9/,350,350,in stock,دار العين للنشر
كريب سوزيت في باريس,https://elainpublishinghouse.com/books/%d9%83%d8%b1%d9%8a%d8%a8-%d8%b3%d9%88%d8%b2%d9%8a%d8%aa-%d9%81%d9%8a-%d8%a8%d8%a7%d8%b1%d9%8a%d8%b3/,450,450,in stock,دار العين للنشر
كشتبان,https://elainpublishinghouse.com/books/%d9%83%d8%b4%d8%aa%d8%a8%d8%a7%d9%86/,750,750,in stock,دار العين للنشر
كصباح ممتلئ بك,https://elainpublishinghouse.com/books/%d9%83%d8%b5%d8%a8%d8%a7%d8%ad-%d9%85%d9%85%d8%aa%d9%84%d8%a6-%d8%a8%d9%83/,100,100,in stock,دار العين للنشر
كعبة الشمال والزمن الخائب,https://elainpublishinghouse.com/books/%d9%83%d8%b9%d8%a8%d8%a9-%d8%a7%d9%84%d8%b4%d9%85%d8%a7%d9%84-%d9%88%d8%a7%d9%84%d8%b2%d9%85%d9%86-%d8%a7%d9%84%d8%ae%d8%a7%d8%a6%d8%a8/,350,350,in stock,دار العين للنشر
كف المسيح,https://elainpublishinghouse.com/books/%d9%83%d9%81-%d8%a7%d9%84%d9%85%d8%b3%d9%8a%d8%ad/,200,200,in stock,دار العين للنشر
كفن للموت,https://elainpublishinghouse.com/books/%d9%83%d9%81%d9%86-%d9%84%d9%84%d9%85%d9%88%d8%aa/,100,100,in stock,دار العين للنشر
كقزم يتقدم ببطء داخل الاسطورة,https://elainpublishinghouse.com/books/%d9%83%d9%82%d8%b2%d9%85-%d9%8a%d8%aa%d9%82%d8%af%d9%85-%d8%a8%d8%a8%d8%b7%d8%a1-%d8%af%d8%a7%d8%ae%d9%84-%d8%a7%d9%84%d8%a7%d8%b3%d8%b7%d9%88%d8%b1%d8%a9/,150,150,in stock,دار العين للنشر
كل الألعاب للتسلية,https://elainpublishinghouse.com/books/%d9%83%d9%84-%d8%a7%d9%84%d8%a3%d9%84%d8%b9%d8%a7%d8%a8-%d9%84%d9%84%d8%aa%d8%b3%d9%84%d9%8a%d8%a9/,250,250,in stock,دار العين للنشر
كل الألوان أزرق,https://elainpublishinghouse.com/books/%d9%83%d9%84-%d8%a7%d9%84%d8%a3%d9%84%d9%88%d8%a7%d9%86-%d8%a3%d8%b2%d8%b1%d9%82/,250,250,in stock,دار العين للنشر
كل شئ عن الحب,https://elainpublishinghouse.com/books/%d9%83%d9%84-%d8%b4%d8%a6-%d8%b9%d9%86-%d8%a7%d9%84%d8%ad%d8%a8/,400,400,in stock,دار العين للنشر
كل ما اعرف,https://elainpublishinghouse.com/books/%d9%83%d9%84-%d9%85%d8%a7-%d8%a7%d8%b9%d8%b1%d9%81/,200,200,in stock,دار العين للنشر
كليوباترا الكنعانية,https://elainpublishinghouse.com/books/%d9%83%d9%84%d9%8a%d9%88%d8%a8%d8%a7%d8%aa%d8%b1%d8%a7-%d8%a7%d9%84%d9%83%d9%86%d8%b9%d8%a7%d9%86%d9%8a%d8%a9/,300,300,in stock,دار العين للنشر
كيف تهزم مرض السكر,https://elainpublishinghouse.com/books/%d9%83%d9%8a%d9%81-%d8%aa%d9%87%d8%b2%d9%85-%d9%85%d8%b1%d8%b6-%d8%a7%d9%84%d8%b3%d9%83%d8%b1/,350,350,in stock,دار العين للنشر
لا أحب الآفلين,https://elainpublishinghouse.com/books/%d9%84%d8%a7-%d8%a3%d8%ad%d8%a8-%d8%a7%d9%84%d8%a2%d9%81%d9%84%d9%8a%d9%86/,200,200,in stock,دار العين للنشر
لا تأخذني على محمل الجد,https://elainpublishinghouse.com/books/%d9%84%d8%a7-%d8%aa%d8%a3%d8%ae%d8%b0%d9%86%d9%8a-%d8%b9%d9%84%d9%89-%d9%85%d8%ad%d9%85%d9%84-%d8%a7%d9%84%d8%ac%d8%af/,250,250,in stock,دار العين للنشر
لا تمت قبل ان تحب,https://elainpublishinghouse.com/books/%d9%84%d8%a7-%d8%aa%d9%85%d8%aa-%d9%82%d8%a8%d9%84-%d8%a7%d9%86-%d8%aa%d8%ad%d8%a8/,300,300,in stock,دار العين للنشر
لا سكاكين في مطابخ هذه المدينة,https://elainpublishinghouse.com/books/%d9%84%d8%a7-%d8%b3%d9%83%d8%a7%d9%83%d9%8a%d9%86-%d9%81%d9%8a-%d9%85%d8%b7%d8%a7%d8%a8%d8%ae-%d9%87%d8%b0%d9%87-%d8%a7%d9%84%d9%85%d8%af%d9%8a%d9%86%d8%a9/,350,350,in stock,دار العين للنشر
لا شئ يحدث هنا,https://elainpublishinghouse.com/books/%d9%84%d8%a7-%d8%b4%d8%a6-%d9%8a%d8%ad%d8%af%d8%ab-%d9%87%d9%86%d8%a7/,200,200,in stock,دار العين للنشر
لعبة الظلال,https://elainpublishinghouse.com/books/%d9%84%d8%b9%d8%a8%d8%a9-%d8%a7%d9%84%d8%b8%d9%84%d8%a7%d9%84/,75,75,in stock,دار العين للنشر
لغة الطفل وتنميتها في البحث العلمي,https://elainpublishinghouse.com/books/%d9%84%d8%ba%d8%a9-%d8%a7%d9%84%d8%b7%d9%81%d9%84-%d9%88%d8%aa%d9%86%d9%85%d9%8a%d8%aa%d9%87%d8%a7-%d9%81%d9%8a-%d8%a7%d9%84%d8%a8%d8%ad%d8%ab-%d8%a7%d9%84%d8%b9%d9%84%d9%85%d9%8a/,125,125,in stock,دار العين للنشر
لغة العرب وآثارها في تكييف العقلية,https://elainpublishinghouse.com/books/%d9%84%d8%ba%d8%a9-%d8%a7%d9%84%d8%b9%d8%b1%d8%a8-%d9%88%d8%a2%d8%ab%d8%a7%d8%b1%d9%87%d8%a7-%d9%81%d9%8a-%d8%aa%d9%83%d9%8a%d9%8a%d9%81-%d8%a7%d9%84%d8%b9%d9%82%d9%84%d9%8a%d8%a9/,350,350,in stock,دار العين للنشر
لغة كل شىء,https://elainpublishinghouse.com/books/%d9%84%d8%ba%d8%a9-%d9%83%d9%84-%d8%b4%d9%89%d8%a1/,200,200,in stock,دار العين للنشر
لله يا محسنين: التسول في قاهرة سلاطين المماليك,https://elainpublishinghouse.com/books/%d9%84%d9%84%d9%87-%d9%8a%d8%a7-%d9%85%d8%ad%d8%b3%d9%86%d9%8a%d9%86-%d8%a7%d9%84%d8%aa%d8%b3%d9%88%d9%84-%d9%81%d9%8a-%d9%82%d8%a7%d9%87%d8%b1%d8%a9-%d8%b3%d9%84%d8%a7%d8%b7%d9%8a%d9%86-%d8%a7%d9%84/,250,250,in stock,دار العين للنشر
لم يصل عليهم أحد,https://elainpublishinghouse.com/books/%d9%84%d9%85-%d9%8a%d8%b5%d9%84-%d8%b9%d9%84%d9%8a%d9%87%d9%85-%d8%a3%d8%ad%d8%af/,125,125,in stock,دار العين للنشر
لماذا انتصر العلم المزيف,https://elainpublishinghouse.com/books/%d9%84%d9%85%d8%a7%d8%b0%d8%a7-%d8%a7%d9%86%d8%aa%d8%b5%d8%b1-%d8%a7%d9%84%d8%b9%d9%84%d9%85-%d8%a7%d9%84%d9%85%d8%b2%d9%8a%d9%81/,100,100,in stock,دار العين للنشر
لمحات من رحلة المرأة,https://elainpublishinghouse.com/books/%d9%84%d9%85%d8%ad%d8%a7%d8%aa-%d9%85%d9%86-%d8%b1%d8%ad%d9%84%d8%a9-%d8%a7%d9%84%d9%85%d8%b1%d8%a3%d8%a9/,75,75,in stock,دار العين للنشر
ليالي سان دوني,https://elainpublishinghouse.com/books/%d9%84%d9%8a%d8%a7%d9%84%d9%8a-%d8%b3%d8%a7%d9%86-%d8%af%d9%88%d9%86%d9%8a/,250,250,in stock,دار العين للنشر
ليالي عربية,https://elainpublishinghouse.com/books/%d9%84%d9%8a%d8%a7%d9%84%d9%8a-%d8%b9%d8%b1%d8%a8%d9%8a%d8%a9/,200,200,in stock,دار العين للنشر
ليسيا أوكراينكا,https://elainpublishinghouse.com/books/%d9%84%d9%8a%d8%b3%d9%8a%d8%a7-%d8%a3%d9%88%d9%83%d8%b1%d8%a7%d9%8a%d9%86%d9%83%d8%a7/,100,100,in stock,دار العين للنشر
ليل العائدين,https://elainpublishinghouse.com/books/%d9%84%d9%8a%d9%84-%d8%a7%d9%84%d8%b9%d8%a7%d8%a6%d8%af%d9%8a%d9%86/,125,125,in stock,دار العين للنشر
ليل طنجة,https://elainpublishinghouse.com/books/%d9%84%d9%8a%d9%84-%d8%b7%d9%86%d8%ac%d8%a9/,200,200,in stock,دار العين للنشر
ليلى وفرانز,https://elainpublishinghouse.com/books/%d9%84%d9%8a%d9%84%d9%89-%d9%88%d9%81%d8%b1%d8%a7%d9%86%d8%b2/,150,150,in stock,دار العين للنشر
مئة لو .. ولم,https://elainpublishinghouse.com/books/%d9%85%d8%a6%d8%a9-%d9%84%d9%88-%d9%88%d9%84%d9%85/,250,250,in stock,دار العين للنشر
ما أخفاه الرماد,https://elainpublishinghouse.com/books/%d9%85%d8%a7-%d8%a3%d8%ae%d9%81%d8%a7%d9%87-%d8%a7%d9%84%d8%b1%d9%85%d8%a7%d8%af/,200,200,in stock,دار العين للنشر
ما تبقى من الذاكرة,https://elainpublishinghouse.com/books/%d9%85%d8%a7-%d8%aa%d8%a8%d9%82%d9%89-%d9%85%d9%86-%d8%a7%d9%84%d8%b0%d8%a7%d9%83%d8%b1%d8%a9/,400,400,in stock,دار العين للنشر
ما يوقظ الرماد,https://elainpublishinghouse.com/books/%d9%85%d8%a7-%d9%8a%d9%88%d9%82%d8%b8-%d8%a7%d9%84%d8%b1%d9%85%d8%a7%d8%af/,250,250,in stock,دار العين للنشر
ماالقاه الطير,https://elainpublishinghouse.com/books/%d9%85%d8%a7%d8%a7%d9%84%d9%82%d8%a7%d9%87-%d8%a7%d9%84%d8%b7%d9%8a%d8%b1/,200,200,in stock,دار العين للنشر
ماخفي,https://elainpublishinghouse.com/books/%d9%85%d8%a7%d8%ae%d9%81%d9%8a/,200,200,in stock,دار العين للنشر
ماذا وراء الاسوار العالية,https://elainpublishinghouse.com/books/%d9%85%d8%a7%d8%b0%d8%a7-%d9%88%d8%b1%d8%a7%d8%a1-%d8%a7%d9%84%d8%a7%d8%b3%d9%88%d8%a7%d8%b1-%d8%a7%d9%84%d8%b9%d8%a7%d9%84%d9%8a%d8%a9/,350,350,in stock,دار العين للنشر
ماندرولا,https://elainpublishinghouse.com/books/%d9%85%d8%a7%d9%86%d8%af%d8%b1%d9%88%d9%84%d8%a7/,550,550,in stock,دار العين للنشر
متحف العاهات,https://elainpublishinghouse.com/books/%d9%85%d8%aa%d8%ad%d9%81-%d8%a7%d9%84%d8%b9%d8%a7%d9%87%d8%a7%d8%aa/,125,125,in stock,دار العين للنشر
مجلس إدارة العبث,https://elainpublishinghouse.com/books/%d9%85%d8%ac%d9%84%d8%b3-%d8%a5%d8%af%d8%a7%d8%b1%d8%a9-%d8%a7%d9%84%d8%b9%d8%a8%d8%ab/,300,300,in stock,دار العين للنشر
مجنون دبي,https://elainpublishinghouse.com/books/%d9%85%d8%ac%d9%86%d9%88%d9%86-%d8%af%d8%a8%d9%8a/,100,100,in stock,دار العين للنشر
محافظة المنوفية,https://elainpublishinghouse.com/books/%d9%85%d8%ad%d8%a7%d9%81%d8%b8%d8%a9-%d8%a7%d9%84%d9%85%d9%86%d9%88%d9%81%d9%8a%d8%a9/,450,450,in stock,دار العين للنشر
محمد يحبني,https://elainpublishinghouse.com/books/%d9%85%d8%ad%d9%85%d8%af-%d9%8a%d8%ad%d8%a8%d9%86%d9%8a/,200,200,in stock,دار العين للنشر
مخبأ ساراماغو.. حكاية القرميد المتداعي في “دار الشيوخ”,https://elainpublishinghouse.com/books/%d9%85%d8%ae%d8%a8%d8%a3-%d8%b3%d8%a7%d8%b1%d8%a7%d9%85%d8%a7%d8%ba%d9%88-%d8%ad%d9%83%d8%a7%d9%8a%d8%a9-%d8%a7%d9%84%d9%82%d8%b1%d9%85%d9%8a%d8%af-%d8%a7%d9%84%d9%85%d8%aa%d8%af%d8%a7%d8%b9%d9%8a/,200,200,in stock,دار العين للنشر
مدن سينمائية,https://elainpublishinghouse.com/books/%d9%85%d8%af%d9%86-%d8%b3%d9%8a%d9%86%d9%85%d8%a7%d8%a6%d9%8a%d8%a9/,300,300,in stock,دار العين للنشر
مديح الكراهية,https://elainpublishinghouse.com/books/%d9%85%d8%af%d9%8a%d8%ad-%d8%a7%d9%84%d9%83%d8%b1%d8%a7%d9%87%d9%8a%d8%a9/,300,300,in stock,دار العين للنشر
مدينة الشمس,https://elainpublishinghouse.com/books/%d9%85%d8%af%d9%8a%d9%86%d8%a9-%d8%a7%d9%84%d8%b4%d9%85%d8%b3/,250,250,in stock,دار العين للنشر
مدينة الملاهى,https://elainpublishinghouse.com/books/%d9%85%d8%af%d9%8a%d9%86%d8%a9-%d8%a7%d9%84%d9%85%d9%84%d8%a7%d9%87%d9%89/,200,200,in stock,دار العين للنشر
مذكرات روح منحوسة,https://elainpublishinghouse.com/books/%d9%85%d8%b0%d9%83%d8%b1%d8%a7%d8%aa-%d8%b1%d9%88%d8%ad-%d9%85%d9%86%d8%ad%d9%88%d8%b3%d8%a9/,200,200,in stock,دار العين للنشر
مذكرات سمير امين,https://elainpublishinghouse.com/books/%d9%85%d8%b0%d9%83%d8%b1%d8%a7%d8%aa-%d8%b3%d9%85%d9%8a%d8%b1-%d8%a7%d9%85%d9%8a%d9%86/,225,225,in stock,دار العين للنشر
مستقبل الإبداع الإنساني في عصر الذكاء الاصطناعي,https://elainpublishinghouse.com/books/%d9%85%d8%b3%d8%aa%d9%82%d8%a8%d9%84-%d8%a7%d9%84%d8%a5%d8%a8%d8%af%d8%a7%d8%b9-%d8%a7%d9%84%d8%a5%d9%86%d8%b3%d8%a7%d9%86%d9%8a-%d9%81%d9%8a-%d8%b9%d8%b5%d8%b1-%d8%a7%d9%84%d8%b0%d9%83%d8%a7%d8%a1/,350,350,in stock,دار العين للنشر
مستقبل الزراعة فى الرأسمالية المعاصرة,https://elainpublishinghouse.com/books/%d9%85%d8%b3%d8%aa%d9%82%d8%a8%d9%84-%d8%a7%d9%84%d8%b2%d8%b1%d8%a7%d8%b9%d8%a9-%d9%81%d9%89-%d8%a7%d9%84%d8%b1%d8%a3%d8%b3%d9%85%d8%a7%d9%84%d9%8a%d8%a9-%d8%a7%d9%84%d9%85%d8%b9%d8%a7%d8%b5%d8%b1/,125,125,in stock,دار العين للنشر
مستقبل ثورة مصر,https://elainpublishinghouse.com/books/%d9%85%d8%b3%d8%aa%d9%82%d8%a8%d9%84-%d8%ab%d9%88%d8%b1%d8%a9-%d9%85%d8%b5%d8%b1/,250,250,in stock,دار العين للنشر
مسرح الميتاتياترو,https://elainpublishinghouse.com/books/%d9%85%d8%b3%d8%b1%d8%ad-%d8%a7%d9%84%d9%85%d9%8a%d8%aa%d8%a7%d8%aa%d9%8a%d8%a7%d8%aa%d8%b1%d9%88/,150,150,in stock,دار العين للنشر
مسرح الهجرة,https://elainpublishinghouse.com/books/%d9%85%d8%b3%d8%b1%d8%ad-%d8%a7%d9%84%d9%87%d8%ac%d8%b1%d8%a9/,125,125,in stock,دار العين للنشر
مسيح باب زويلة,https://elainpublishinghouse.com/books/%d9%85%d8%b3%d9%8a%d8%ad-%d8%a8%d8%a7%d8%a8-%d8%b2%d9%88%d9%8a%d9%84%d8%a9/,200,200,in stock,دار العين للنشر
مشربية زهزهان,https://elainpublishinghouse.com/books/%d9%85%d8%b4%d8%b1%d8%a8%d9%8a%d8%a9-%d8%b2%d9%87%d8%b2%d9%87%d8%a7%d9%86/,200,200,in stock,دار العين للنشر
مصابا بلون الصلصال,https://elainpublishinghouse.com/books/%d9%85%d8%b5%d8%a7%d8%a8%d8%a7-%d8%a8%d9%84%d9%88%d9%86-%d8%a7%d9%84%d8%b5%d9%84%d8%b5%d8%a7%d9%84/,125,125,in stock,دار العين للنشر
مصحة الدمى,https://elainpublishinghouse.com/books/%d9%85%d8%b5%d8%ad%d8%a9-%d8%a7%d9%84%d8%af%d9%85%d9%89/,100,100,in stock,دار العين للنشر
مصر 1907,https://elainpublishinghouse.com/books/%d9%85%d8%b5%d8%b1-1907/,350,350,in stock,دار العين للنشر
مصر بعيون المصورين الأجانب,https://elainpublishinghouse.com/books/%d9%85%d8%b5%d8%b1-%d8%a8%d8%b9%d9%8a%d9%88%d9%86-%d8%a7%d9%84%d9%85%d8%b5%d9%88%d8%b1%d9%8a%d9%86-%d8%a7%d9%84%d8%a3%d8%ac%d8%a7%d9%86%d8%a8/,150,150,in stock,دار العين للنشر
مصر واسرائيل ودول حوض النيل,https://elainpublishinghouse.com/books/%d9%85%d8%b5%d8%b1-%d9%88%d8%a7%d8%b3%d8%b1%d8%a7%d8%a6%d9%8a%d9%84-%d9%88%d8%af%d9%88%d9%84-%d8%ad%d9%88%d8%b6-%d8%a7%d9%84%d9%86%d9%8a%d9%84/,400,400,in stock,دار العين للنشر
معجم المفرادات العادية,https://elainpublishinghouse.com/books/%d9%85%d8%b9%d8%ac%d9%85-%d8%a7%d9%84%d9%85%d9%81%d8%b1%d8%a7%d8%af%d8%a7%d8%aa-%d8%a7%d9%84%d8%b9%d8%a7%d8%af%d9%8a%d8%a9/,150,150,in stock,دار العين للنشر
مفاهيم اشكالية,https://elainpublishinghouse.com/books/%d9%85%d9%81%d8%a7%d9%87%d9%8a%d9%85-%d8%a7%d8%b4%d9%83%d8%a7%d9%84%d9%8a%d8%a9/,150,150,in stock,دار العين للنشر
مفتش مراجيح القاهرة,https://elainpublishinghouse.com/books/%d9%85%d9%81%d8%aa%d8%b4-%d9%85%d8%b1%d8%a7%d8%ac%d9%8a%d8%ad-%d8%a7%d9%84%d9%82%d8%a7%d9%87%d8%b1%d8%a9/,200,200,in stock,دار العين للنشر
مقاعد مخصصة للسيدات,https://elainpublishinghouse.com/books/%d9%85%d9%82%d8%a7%d8%b9%d8%af-%d9%85%d8%ae%d8%b5%d8%b5%d8%a9-%d9%84%d9%84%d8%b3%d9%8a%d8%af%d8%a7%d8%aa/,200,200,in stock,دار العين للنشر
مقام التخلي,https://elainpublishinghouse.com/books/%d9%85%d9%82%d8%a7%d9%85-%d8%a7%d9%84%d8%aa%d8%ae%d9%84%d9%8a/,200,200,in stock,دار العين للنشر
مقام سيدي القطقوطي,https://elainpublishinghouse.com/books/%d9%85%d9%82%d8%a7%d9%85-%d8%b3%d9%8a%d8%af%d9%8a-%d8%a7%d9%84%d9%82%d8%b7%d9%82%d9%88%d8%b7%d9%8a/,200,200,in stock,دار العين للنشر
مقتل الانبا إبيفانيوس,https://elainpublishinghouse.com/books/%d9%85%d9%82%d8%aa%d9%84-%d8%a7%d9%84%d8%a7%d9%86%d8%a8%d8%a7-%d8%a5%d8%a8%d9%8a%d9%81%d8%a7%d9%86%d9%8a%d9%88%d8%b3/,100,100,in stock,دار العين للنشر
ملخص ماسبق,https://elainpublishinghouse.com/books/%d9%85%d9%84%d8%ae%d8%b5-%d9%85%d8%a7%d8%b3%d8%a8%d9%82/,180,180,in stock,دار العين للنشر
مليون كلمة طافية معبرًا لقوم نوح,https://elainpublishinghouse.com/books/%d9%85%d9%84%d9%8a%d9%88%d9%86-%d9%83%d9%84%d9%85%d8%a9-%d8%b7%d8%a7%d9%81%d9%8a%d8%a9-%d9%85%d8%b9%d8%a8%d8%b1%d9%8b%d8%a7-%d9%84%d9%82%d9%88%d9%85-%d9%86%d9%88%d8%ad/,300,300,in stock,دار العين للنشر
ممالك الحب والنار,https://elainpublishinghouse.com/books/%d9%85%d9%85%d8%a7%d9%84%d9%83-%d8%a7%d9%84%d8%ad%d8%a8-%d9%88%d8%a7%d9%84%d9%86%d8%a7%d8%b1/,250,250,in stock,دار العين للنشر
مملكة الله.. نجيب محفوظ في أولاد حارتنا,https://elainpublishinghouse.com/books/%d9%85%d9%85%d9%84%d9%83%d8%a9-%d8%a7%d9%84%d9%84%d9%87-%d9%86%d8%ac%d9%8a%d8%a8-%d9%85%d8%ad%d9%81%d9%88%d8%b8-%d9%81%d9%8a-%d8%a3%d9%88%d9%84%d8%a7%d8%af-%d8%ad%d8%a7%d8%b1%d8%aa%d9%86%d8%a7/,450,450,in stock,دار العين للنشر
من التاجر إلى الساحر.. تحولات في صورة اليهود في سيرة الظاهر بيبرس,https://elainpublishinghouse.com/books/%d9%85%d9%86-%d8%a7%d9%84%d8%aa%d8%a7%d8%ac%d8%b1-%d8%a5%d9%84%d9%89-%d8%a7%d9%84%d8%b3%d8%a7%d8%ad%d8%b1-%d8%aa%d8%ad%d9%88%d9%84%d8%a7%d8%aa-%d9%81%d9%8a-%d8%b5%d9%88%d8%b1%d8%a9-%d8%a7%d9%84/,300,300,in stock,دار العين للنشر
من شرفة موازية لشريط قطار,https://elainpublishinghouse.com/books/%d9%85%d9%86-%d8%b4%d8%b1%d9%81%d8%a9-%d9%85%d9%88%d8%a7%d8%b2%d9%8a%d8%a9-%d9%84%d8%b4%d8%b1%d9%8a%d8%b7-%d9%82%d8%b7%d8%a7%d8%b1/,350,350,in stock,دار العين للنشر
من صياد الي صياد,https://elainpublishinghouse.com/books/%d9%85%d9%86-%d8%b5%d9%8a%d8%a7%d8%af-%d8%a7%d9%84%d9%8a-%d8%b5%d9%8a%d8%a7%d8%af/,300,300,in stock,دار العين للنشر
من يملك الجسد ؟,https://elainpublishinghouse.com/books/%d9%85%d9%86-%d9%8a%d9%85%d9%84%d9%83-%d8%a7%d9%84%d8%ac%d8%b3%d8%af-%d8%9f/,200,200,in stock,دار العين للنشر
منام القيلولة,https://elainpublishinghouse.com/books/%d9%85%d9%86%d8%a7%d9%85-%d8%a7%d9%84%d9%82%d9%8a%d9%84%d9%88%d9%84%d8%a9/,500,500,in stock,دار العين للنشر
مهدي باريس المنتظر,https://elainpublishinghouse.com/books/%d9%85%d9%87%d8%af%d9%8a-%d8%a8%d8%a7%d8%b1%d9%8a%d8%b3-%d8%a7%d9%84%d9%85%d9%86%d8%aa%d8%b8%d8%b1/,250,250,in stock,دار العين للنشر
موسم صيد الزنجور,https://elainpublishinghouse.com/books/%d9%85%d9%88%d8%b3%d9%85-%d8%b5%d9%8a%d8%af-%d8%a7%d9%84%d8%b2%d9%86%d8%ac%d9%88%d8%b1/,200,200,in stock,دار العين للنشر
موصلالالالا,https://elainpublishinghouse.com/books/%d9%85%d9%88%d8%b5%d9%84%d8%a7%d9%84%d8%a7%d9%84%d8%a7%d9%84%d8%a7/,300,300,in stock,دار العين للنشر
موعد مع كلوني,https://elainpublishinghouse.com/books/%d9%85%d9%88%d8%b9%d8%af-%d9%85%d8%b9-%d9%83%d9%84%d9%88%d9%86%d9%8a/,200,200,in stock,دار العين للنشر
مومو,https://elainpublishinghouse.com/books/%d9%85%d9%88%d9%85%d9%88/,100,100,in stock,دار العين للنشر
مي زيادة,https://elainpublishinghouse.com/books/%d9%85%d9%8a-%d8%b2%d9%8a%d8%a7%d8%af%d8%a9/,100,100,in stock,دار العين للنشر
ميت على قيد الفيسبوك,https://elainpublishinghouse.com/books/%d9%85%d9%8a%d8%aa-%d8%b9%d9%84%d9%89-%d9%82%d9%8a%d8%af-%d8%a7%d9%84%d9%81%d9%8a%d8%b3%d8%a8%d9%88%d9%83/,250,250,in stock,دار العين للنشر
ميريت امون,https://elainpublishinghouse.com/books/%d9%85%d9%8a%d8%b1%d9%8a%d8%aa-%d8%a7%d9%85%d9%88%d9%86/,450,450,in stock,دار العين للنشر
ميشيل ويائيل,https://elainpublishinghouse.com/books/%d9%85%d9%8a%d8%b4%d9%8a%d9%84-%d9%88%d9%8a%d8%a7%d8%a6%d9%8a%d9%84/,300,300,in stock,دار العين للنشر
ميلاد هادئ,https://elainpublishinghouse.com/books/%d9%85%d9%8a%d9%84%d8%a7%d8%af-%d9%87%d8%a7%d8%af%d8%a6/,200,200,in stock,دار العين للنشر
نجيب الريحاني,https://elainpublishinghouse.com/books/%d9%86%d8%ac%d9%8a%d8%a8-%d8%a7%d9%84%d8%b1%d9%8a%d8%ad%d8%a7%d9%86%d9%8a/,200,200,in stock,دار العين للنشر
نداء الرواية,https://elainpublishinghouse.com/books/%d9%86%d8%af%d8%a7%d8%a1-%d8%a7%d9%84%d8%b1%d9%88%d8%a7%d9%8a%d8%a9/,300,300,in stock,دار العين للنشر
نداء عاجل إلى نساء مصر,https://elainpublishinghouse.com/books/%d9%86%d8%af%d8%a7%d8%a1-%d8%b9%d8%a7%d8%ac%d9%84-%d8%a5%d9%84%d9%89-%d9%86%d8%b3%d8%a7%d8%a1-%d9%85%d8%b5%d8%b1/,100,100,in stock,دار العين للنشر
نداهة أصيل من لندن الى جدة,https://elainpublishinghouse.com/books/%d9%86%d8%af%d8%a7%d9%87%d8%a9-%d8%a3%d8%b5%d9%8a%d9%84-%d9%85%d9%86-%d9%84%d9%86%d8%af%d9%86-%d8%a7%d9%84%d9%89-%d8%ac%d8%af%d8%a9/,225,225,in stock,دار العين للنشر
نصفها الغائب,https://elainpublishinghouse.com/books/%d9%86%d8%b5%d9%81%d9%87%d8%a7-%d8%a7%d9%84%d8%ba%d8%a7%d8%a6%d8%a8/,150,150,in stock,دار العين للنشر
نصوص نثرية”مقابلات،رسائل،رحلات”,https://elainpublishinghouse.com/books/%d9%86%d8%b5%d9%88%d8%b5-%d9%86%d8%ab%d8%b1%d9%8a%d8%a9%d9%85%d9%82%d8%a7%d8%a8%d9%84%d8%a7%d8%aa%d8%8c%d8%b1%d8%b3%d8%a7%d8%a6%d9%84%d8%8c%d8%b1%d8%ad%d9%84%d8%a7%d8%aa/,250,250,in stock,دار العين للنشر
نظرة أخيرة على أصابعى,https://elainpublishinghouse.com/books/%d9%86%d8%b8%d8%b1%d8%a9-%d8%a3%d8%ae%d9%8a%d8%b1%d8%a9-%d8%b9%d9%84%d9%89-%d8%a3%d8%b5%d8%a7%d8%a8%d8%b9%d9%89/,125,125,in stock,دار العين للنشر
نظرية حسن مرعينيو,https://elainpublishinghouse.com/books/%d9%86%d8%b8%d8%b1%d9%8a%d8%a9-%d8%ad%d8%b3%d9%86-%d9%85%d8%b1%d8%b9%d9%8a%d9%86%d9%8a%d9%88/,150,150,in stock,دار العين للنشر
نقد الترجمة الادبية,https://elainpublishinghouse.com/books/%d9%86%d9%82%d8%af-%d8%a7%d9%84%d8%aa%d8%b1%d8%ac%d9%85%d8%a9-%d8%a7%d9%84%d8%a7%d8%af%d8%a8%d9%8a%d8%a9/,150,150,in stock,دار العين للنشر
نقد الفكر الدينى,https://elainpublishinghouse.com/books/%d9%86%d9%82%d8%af-%d8%a7%d9%84%d9%81%d9%83%d8%b1-%d8%a7%d9%84%d8%af%d9%8a%d9%86%d9%89/,400,400,in stock,دار العين للنشر
نقرات الظباء,https://elainpublishinghouse.com/books/%d9%86%d9%82%d8%b1%d8%a7%d8%aa-%d8%a7%d9%84%d8%b8%d8%a8%d8%a7%d8%a1/,150,150,in stock,دار العين للنشر
نهارات فيينا,https://elainpublishinghouse.com/books/%d9%86%d9%87%d8%a7%d8%b1%d8%a7%d8%aa-%d9%81%d9%8a%d9%8a%d9%86%d8%a7/,125,125,in stock,دار العين للنشر
نوال السعداوي التمرد المبدع,https://elainpublishinghouse.com/books/%d9%86%d9%88%d8%a7%d9%84-%d8%a7%d9%84%d8%b3%d8%b9%d8%af%d8%a7%d9%88%d9%8a-%d8%a7%d9%84%d8%aa%d9%85%d8%b1%d8%af-%d8%a7%d9%84%d9%85%d8%a8%d8%af%d8%b9/,400,400,in stock,دار العين للنشر
نيتشه في الاسكندرية,https://elainpublishinghouse.com/books/%d9%86%d9%8a%d8%aa%d8%b4%d9%87-%d9%81%d9%8a-%d8%a7%d9%84%d8%a7%d8%b3%d9%83%d9%86%d8%af%d8%b1%d9%8a%d8%a9/,350,350,in stock,دار العين للنشر
نيران وادي عيزرا,https://elainpublishinghouse.com/books/%d9%86%d9%8a%d8%b1%d8%a7%d9%86-%d9%88%d8%a7%d8%af%d9%8a-%d8%b9%d9%8a%d8%b2%d8%b1%d8%a7/,200,200,in stock,دار العين للنشر
هدوء القتلة,https://elainpublishinghouse.com/books/%d9%87%d8%af%d9%88%d8%a1-%d8%a7%d9%84%d9%82%d8%aa%d9%84%d8%a9/,200,200,in stock,دار العين للنشر
هذا الفلاح وقناة السويس,https://elainpublishinghouse.com/books/%d9%87%d8%b0%d8%a7-%d8%a7%d9%84%d9%81%d9%84%d8%a7%d8%ad-%d9%88%d9%82%d9%86%d8%a7%d8%a9-%d8%a7%d9%84%d8%b3%d9%88%d9%8a%d8%b3/,100,100,in stock,دار العين للنشر
هل تصنع الثقافة السياسة,https://elainpublishinghouse.com/books/%d9%87%d9%84-%d8%aa%d8%b5%d9%86%d8%b9-%d8%a7%d9%84%d8%ab%d9%82%d8%a7%d9%81%d8%a9-%d8%a7%d9%84%d8%b3%d9%8a%d8%a7%d8%b3%d8%a9/,150,150,in stock,دار العين للنشر
همس العقرب,https://elainpublishinghouse.com/books/%d9%87%d9%85%d8%b3-%d8%a7%d9%84%d8%b9%d9%82%d8%b1%d8%a8/,100,100,in stock,دار العين للنشر
هواء مر في رئتي,https://elainpublishinghouse.com/books/%d9%87%d9%88%d8%a7%d8%a1-%d9%85%d8%b1-%d9%81%d9%8a-%d8%b1%d8%a6%d8%aa%d9%8a/,500,500,in stock,دار العين للنشر
هوامش من دفتر الانفار,https://elainpublishinghouse.com/books/%d9%87%d9%88%d8%a7%d9%85%d8%b4-%d9%85%d9%86-%d8%af%d9%81%d8%aa%d8%b1-%d8%a7%d9%84%d8%a7%d9%86%d9%81%d8%a7%d8%b1/,180,180,in stock,دار العين للنشر
هوت ماروك,https://elainpublishinghouse.com/books/%d9%87%d9%88%d8%aa-%d9%85%d8%a7%d8%b1%d9%88%d9%83/,100,100,in stock,دار العين للنشر
هي التي رات,https://elainpublishinghouse.com/books/%d9%87%d9%8a-%d8%a7%d9%84%d8%aa%d9%8a-%d8%b1%d8%a7%d8%aa/,90,90,in stock,دار العين للنشر
هيدرا,https://elainpublishinghouse.com/books/%d9%87%d9%8a%d8%af%d8%b1%d8%a7/,200,200,in stock,دار العين للنشر
هيمنة ناعمة,https://elainpublishinghouse.com/books/%d9%87%d9%8a%d9%85%d9%86%d8%a9-%d9%86%d8%a7%d8%b9%d9%85%d8%a9/,300,300,in stock,دار العين للنشر
و أطوف عاريا,https://elainpublishinghouse.com/books/%d9%88-%d8%a3%d8%b7%d9%88%d9%81-%d8%b9%d8%a7%d8%b1%d9%8a%d8%a7/,175,175,in stock,دار العين للنشر
وادي الدوم,https://elainpublishinghouse.com/books/%d9%88%d8%a7%d8%af%d9%8a-%d8%a7%d9%84%d8%af%d9%88%d9%85/,100,100,in stock,دار العين للنشر
وداد,https://elainpublishinghouse.com/books/%d9%88%d8%af%d8%a7%d8%af/,200,200,in stock,دار العين للنشر
وداعا أبو رمانة,https://elainpublishinghouse.com/books/%d9%88%d8%af%d8%a7%d8%b9%d8%a7-%d8%a3%d8%a8%d9%88-%d8%b1%d9%85%d8%a7%d9%86%d8%a9/,200,200,in stock,دار العين للنشر
وديعة,https://elainpublishinghouse.com/books/%d9%88%d8%af%d9%8a%d8%b9%d8%a9/,125,125,in stock,دار العين للنشر
وراء الفردوس,https://elainpublishinghouse.com/books/%d9%88%d8%b1%d8%a7%d8%a1-%d8%a7%d9%84%d9%81%d8%b1%d8%af%d9%88%d8%b3/,125,125,in stock,دار العين للنشر
ورثة قارون,https://elainpublishinghouse.com/books/%d9%88%d8%b1%d8%ab%d8%a9-%d9%82%d8%a7%d8%b1%d9%88%d9%86/,200,200,in stock,دار العين للنشر
وشم أزرق,https://elainpublishinghouse.com/books/%d9%88%d8%b4%d9%85-%d8%a3%d8%b2%d8%b1%d9%82/,350,350,in stock,دار العين للنشر
وفاة أمين الحزب,https://elainpublishinghouse.com/books/%d9%88%d9%81%d8%a7%d8%a9-%d8%a3%d9%85%d9%8a%d9%86-%d8%a7%d9%84%d8%ad%d8%b2%d8%a8/,200,200,in stock,دار العين للنشر
ولدن,https://elainpublishinghouse.com/books/%d9%88%d9%84%d8%af%d9%86/,400,400,in stock,دار العين للنشر
يحمل جبلا بين كتفيه,https://elainpublishinghouse.com/books/%d9%8a%d8%ad%d9%85%d9%84-%d8%ac%d8%a8%d9%84%d8%a7-%d8%a8%d9%8a%d9%86-%d9%83%d8%aa%d9%81%d9%8a%d9%87/,100,100,in stock,دار العين للنشر
يد من رمال,https://elainpublishinghouse.com/books/%d9%8a%d8%af-%d9%85%d9%86-%d8%b1%d9%85%d8%a7%d9%84/,250,250,in stock,دار العين للنشر
يُغلَقُ البابُ على ضَجَرٍ,https://elainpublishinghouse.com/books/%d9%8a%d9%8f%d8%ba%d9%84%d9%8e%d9%82%d9%8f-%d8%a7%d9%84%d8%a8%d8%a7%d8%a8%d9%8f-%d8%b9%d9%84%d9%89-%d8%b6%d9%8e%d8%ac%d9%8e%d8%b1%d9%8d/,120,120,in stock,دار العين للنشر
يهود العالم العربي دعاوي الاضطهاد,https://elainpublishinghouse.com/books/%d9%8a%d9%87%d9%88%d8%af-%d8%a7%d9%84%d8%b9%d8%a7%d9%84%d9%85-%d8%a7%d9%84%d8%b9%d8%b1%d8%a8%d9%8a-%d8%af%d8%b9%d8%a7%d9%88%d9%8a-%d8%a7%d9%84%d8%a7%d8%b6%d8%b7%d9%87%d8%a7%d8%af/,300,300,in stock,دار العين للنشر
يهود مصر التاريخ الاجتماعي والاقتصادي,https://elainpublishinghouse.com/books/%d9%8a%d9%87%d9%88%d8%af-%d9%85%d8%b5%d8%b1-%d8%a7%d9%84%d8%aa%d8%a7%d8%b1%d9%8a%d8%ae-%d8%a7%d9%84%d8%a7%d8%ac%d8%aa%d9%85%d8%a7%d8%b9%d9%8a/,300,300,in stock,دار العين للنشر
يهود مصر التاريخ السياسي,https://elainpublishinghouse.com/books/%d9%8a%d9%87%d9%88%d8%af-%d9%85%d8%b5%d8%b1-%d8%a7%d9%84%d8%aa%d8%a7%d8%b1%d9%8a%d8%ae-%d8%a7%d9%84%d8%b3%d9%8a%d8%a7%d8%b3%d9%8a/,200,200,in stock,دار العين للنشر
يوم أخر فوق هذه الارض,https://elainpublishinghouse.com/books/%d9%8a%d9%88%d9%85-%d8%a3%d8%ae%d8%b1-%d9%81%d9%88%d9%82-%d9%87%d8%b0%d9%87-%d8%a7%d9%84%d8%a7%d8%b1%d8%b6/,475,475,in stock,دار العين للنشر
يوم انتحار عزرائيل,https://elainpublishinghouse.com/books/%d9%8a%d9%88%d9%85-%d8%a7%d9%86%d8%aa%d8%ad%d8%a7%d8%b1-%d8%b9%d8%b2%d8%b1%d8%a7%d8%a6%d9%8a%d9%84/,200,200,in stock,دار العين للنشر
يونيفيرس,https://elainpublishinghouse.com/books/%d9%8a%d9%88%d9%86%d9%8a%d9%81%d9%8a%d8%b1%d8%b3/,200,200,in stock,دار العين للنشر
A day with Bell,https://nahdetmisrbookstore.com/ar/a-day-with-bell-1780405363,200,140,In Stock,دار نهضة مصر
A King of Egypt,https://nahdetmisrbookstore.com/ar/a-king-of-egypt-1760364697,360,252,In Stock,دار نهضة مصر
كنوز المعرفة,https://nahdetmisrbookstore.com/ar/c010106110044p,,,Out of Stock,دار نهضة مصر
أعجب البشر,https://nahdetmisrbookstore.com/ar/c010106120003p,,,Out of Stock,دار نهضة مصر
أعجب الظواهر الغامضة,https://nahdetmisrbookstore.com/ar/c010106120004p,,,Out of Stock,دار نهضة مصر
أعجب قدرات العقل البشرى,https://nahdetmisrbookstore.com/ar/c010106120005p,,,Out of Stock,دار نهضة مصر
أعجب العقائد الخاصة,https://nahdetmisrbookstore.com/ar/c010107120005p,,,Out of Stock,دار نهضة مصر
أعجب الكائنات,https://nahdetmisrbookstore.com/ar/c010107120006p,,,Out of Stock,دار نهضة مصر
سبعة دروس من بيتنا الكبير,https://nahdetmisrbookstore.com/ar/c010107120052p,50,35,In Stock,دار نهضة مصر
كيف تكتب بحثا,https://nahdetmisrbookstore.com/ar/c010107120071p,30,21,In Stock,دار نهضة مصر
شعرك تاج جمالك,https://nahdetmisrbookstore.com/ar/c010108120015p,30,21,In Stock,دار نهضة مصر
العالم الرقمى,https://nahdetmisrbookstore.com/ar/c010114110029p,660,462,In Stock,دار نهضة مصر
الأذن المترصدة,https://nahdetmisrbookstore.com/ar/c010114120014p,95,66,In Stock,دار نهضة مصر
كيف نقرأ المنهج العلمى,https://nahdetmisrbookstore.com/ar/c010114120108p,50,35,In Stock,دار نهضة مصر
يوميات مدير بنك,https://nahdetmisrbookstore.com/ar/c010114120137p,50,35,In Stock,دار نهضة مصر
على مقهى الحالمين بالغد,https://nahdetmisrbookstore.com/ar/c010120120423p,240,168,In Stock,دار نهضة مصر
رحلة الحروف العربية,https://nahdetmisrbookstore.com/ar/c010121220556p,180,126,In Stock,دار نهضة مصر
"قصص الحيوان "" الفيل""",https://nahdetmisrbookstore.com/ar/c010124210990p,,,Out of Stock,دار نهضة مصر
"قصص عن الطير""الهدهد""",https://nahdetmisrbookstore.com/ar/c010124210991p,315,220,In Stock,دار نهضة مصر
"قصص الحشرات"" النحل""",https://nahdetmisrbookstore.com/ar/c010124210994p,315,220,In Stock,دار نهضة مصر
مجنون رقم 1,https://nahdetmisrbookstore.com/ar/c010138120115p,30,21,In Stock,دار نهضة مصر
تاريخ النهضة الطبية المصرية,https://nahdetmisrbookstore.com/ar/c010202110012p,95,66,In Stock,دار نهضة مصر
إنحراف الطفل و المراهق,https://nahdetmisrbookstore.com/ar/c010205110009p,50,35,In Stock,دار نهضة مصر
زمن ال(ما بعد),https://nahdetmisrbookstore.com/ar/c010207120051p,50,35,In Stock,دار نهضة مصر
الهدوء,https://nahdetmisrbookstore.com/ar/c010214120039p,350,245,In Stock,دار نهضة مصر
القرآن و ثنائيات الكون,https://nahdetmisrbookstore.com/ar/c010299110141p,65,46,In Stock,دار نهضة مصر
يوسف ادريس و النقاد,https://nahdetmisrbookstore.com/ar/c010299110191p,110,77,In Stock,دار نهضة مصر
الخنازير قادمون,https://nahdetmisrbookstore.com/ar/c010299120085p,50,35,In Stock,دار نهضة مصر
الوثبة الكبرى,https://nahdetmisrbookstore.com/ar/c010299120184p,95,66,In Stock,دار نهضة مصر
أخلاق رجال السياسة,https://nahdetmisrbookstore.com/ar/c010299120201p,50,35,In Stock,دار نهضة مصر
صحة الأم و الطفل,https://nahdetmisrbookstore.com/ar/c010299120313p,30,21,In Stock,دار نهضة مصر
ما بعد الشيوعية,https://nahdetmisrbookstore.com/ar/c010299120454p,30,21,In Stock,دار نهضة مصر
قضايا الفكر الإسلامى المعاصر,https://nahdetmisrbookstore.com/ar/c010301110004p,50,35,In Stock,دار نهضة مصر
فى موكب الدعوة,https://nahdetmisrbookstore.com/ar/c010302120023p,,,Out of Stock,دار نهضة مصر
قطوف إيمانية,https://nahdetmisrbookstore.com/ar/c010302120024p,,,Out of Stock,دار نهضة مصر
مائة سؤال عن الإسلام,https://nahdetmisrbookstore.com/ar/c010303110002p,,,Out of Stock,دار نهضة مصر
الإستعمار أحقاد وأطماع,https://nahdetmisrbookstore.com/ar/c010303110014p,,,Out of Stock,دار نهضة مصر
الإنسان و عالم الجن,https://nahdetmisrbookstore.com/ar/c010303110020p,,,Out of Stock,دار نهضة مصر
الجانب العاطفى من الإسلام,https://nahdetmisrbookstore.com/ar/c010303110022p,,,Out of Stock,دار نهضة مصر
محمد ( ص ) أعظم الخالدين,https://nahdetmisrbookstore.com/ar/c010303110065p,300,210,In Stock,دار نهضة مصر
إبراهيم ابو الانبياء,https://nahdetmisrbookstore.com/ar/c010303120035p,,,Out of Stock,دار نهضة مصر
تسبيح الكون,https://nahdetmisrbookstore.com/ar/c010304110017p,50,35,In Stock,دار نهضة مصر
أيات الله فى الكون,https://nahdetmisrbookstore.com/ar/c010304120015p,,,Out of Stock,دار نهضة مصر
هذا هو الإسلام,https://nahdetmisrbookstore.com/ar/c010304120038p,,,Out of Stock,دار نهضة مصر
أخلاق الأسرة المسلمة,https://nahdetmisrbookstore.com/ar/c010305110002p,90,63,In Stock,دار نهضة مصر
صحابيات حول الرسول,https://nahdetmisrbookstore.com/ar/c010305110014p,,,Out of Stock,دار نهضة مصر
فتاوى و أراء,https://nahdetmisrbookstore.com/ar/c010305120015p,,,Out of Stock,دار نهضة مصر
الجهاد فى الإسلام,https://nahdetmisrbookstore.com/ar/c010306110014p,50,35,In Stock,دار نهضة مصر
أمهات فى حياة الرسول,https://nahdetmisrbookstore.com/ar/c010306110028p,,,Out of Stock,دار نهضة مصر
سيرة سيدات نساء الجنة,https://nahdetmisrbookstore.com/ar/c010306110035p,,,Out of Stock,دار نهضة مصر
هموم داعية,https://nahdetmisrbookstore.com/ar/c010306110054p,,,Out of Stock,دار نهضة مصر
موسوعة الإعجازفى الحديث ج6,https://nahdetmisrbookstore.com/ar/c010306110055p,95,66,In Stock,دار نهضة مصر
فن التواصل بين الزوجين,https://nahdetmisrbookstore.com/ar/c010306120040p,30,21,In Stock,دار نهضة مصر
قصص إسلامية نزلت فى أصحابها,https://nahdetmisrbookstore.com/ar/c010306120042p,,,Out of Stock,دار نهضة مصر
نساء وراء الأحداث,https://nahdetmisrbookstore.com/ar/c010306120051p,130,91,In Stock,دار نهضة مصر
موسوعة الإعجازفى الحديث ج7,https://nahdetmisrbookstore.com/ar/c010307110087p,,,Out of Stock,دار نهضة مصر
كتاب الوحى سيرة حياة,https://nahdetmisrbookstore.com/ar/c010307120068p,60,42,In Stock,دار نهضة مصر
موسوعة تصحيح المفاهيم ج1,https://nahdetmisrbookstore.com/ar/c010308110025p,50,35,In Stock,دار نهضة مصر
نساء فى حياة الأنبياء,https://nahdetmisrbookstore.com/ar/c010308110026p,,,Out of Stock,دار نهضة مصر
الإنترنت فتاوى و قضايا,https://nahdetmisrbookstore.com/ar/c010308120003p,50,35,In Stock,دار نهضة مصر
تحليل الكتابات النفسية,https://nahdetmisrbookstore.com/ar/c010309110006p,65,46,In Stock,دار نهضة مصر
الإسلام فى القرن الحادى والعشرون,https://nahdetmisrbookstore.com/ar/c010309120003p,60,42,In Stock,دار نهضة مصر
الكنز المفقود,https://nahdetmisrbookstore.com/ar/c010309120004p,190,133,In Stock,دار نهضة مصر
تأملات فى جماليات النص القرآنى مج,https://nahdetmisrbookstore.com/ar/c010310110006p,95,66,In Stock,دار نهضة مصر
فتاوى المرأة المسلمة,https://nahdetmisrbookstore.com/ar/c010310110009p,,,Out of Stock,دار نهضة مصر
أعرف نبيك,https://nahdetmisrbookstore.com/ar/c010310110020p,,,Out of Stock,دار نهضة مصر
رؤية فقهية لترتيب المقاصد الشرعية,https://nahdetmisrbookstore.com/ar/c010310120008p,50,35,In Stock,دار نهضة مصر
الكنيسة المصرية توازنات الدين و الدولة,https://nahdetmisrbookstore.com/ar/c010311120006p,50,35,In Stock,دار نهضة مصر
موسوعة الرد على الشبهات ج2,https://nahdetmisrbookstore.com/ar/c010311120013p,65,46,In Stock,دار نهضة مصر
موسوعة الرد على الشبهات ج3,https://nahdetmisrbookstore.com/ar/c010311120014p,65,46,In Stock,دار نهضة مصر
موسوعة الرد على الشبهات ج1,https://nahdetmisrbookstore.com/ar/c010311120015p,,,Out of Stock,دار نهضة مصر
خلاصة البيان الحوار الحق,https://nahdetmisrbookstore.com/ar/c010312120016p,35,24,In Stock,دار نهضة مصر
موسوعة عالم الإنسان ج 1,https://nahdetmisrbookstore.com/ar/c010312120044p,,,Out of Stock,دار نهضة مصر
موسوعة عالم الإنسان ج 2,https://nahdetmisrbookstore.com/ar/c010312120045p,65,46,In Stock,دار نهضة مصر
موسوعة عالم الإنسان ج 3,https://nahdetmisrbookstore.com/ar/c010312120046p,65,46,In Stock,دار نهضة مصر
معجزات الأنبياء و المرسلين,https://nahdetmisrbookstore.com/ar/c010312120049p,85,60,In Stock,دار نهضة مصر
استثمار الأموال الموقوفة,https://nahdetmisrbookstore.com/ar/c010314110012p,50,35,In Stock,دار نهضة مصر
معالم التصوف الإسلامى,https://nahdetmisrbookstore.com/ar/c010314110117p,,,Out of Stock,دار نهضة مصر
أخلاقيات الشباب,https://nahdetmisrbookstore.com/ar/c010314120009p,50,35,In Stock,دار نهضة مصر
الملاذ الآمن,https://nahdetmisrbookstore.com/ar/c010314120036p,35,24,In Stock,دار نهضة مصر
لست ملحداً لماذا ؟,https://nahdetmisrbookstore.com/ar/c010314120109p,105,74,In Stock,دار نهضة مصر
الطريق الى النور,https://nahdetmisrbookstore.com/ar/c010315120004p,85,60,In Stock,دار نهضة مصر
فى رحاب النبوة الأنصار,https://nahdetmisrbookstore.com/ar/c010315120021p,180,126,In Stock,دار نهضة مصر
عزيزى الملحد جـ 1,https://nahdetmisrbookstore.com/ar/c010315120026p,70,49,In Stock,دار نهضة مصر
كفاح دين,https://nahdetmisrbookstore.com/ar/c010317120006p,,,Out of Stock,دار نهضة مصر
إنسان جديد,https://nahdetmisrbookstore.com/ar/c010317120065p,240,168,In Stock,دار نهضة مصر
الإسلام وأصول الحكم,https://nahdetmisrbookstore.com/ar/c010318120097p,65,46,In Stock,دار نهضة مصر
من مقالات الغزالى (ج1),https://nahdetmisrbookstore.com/ar/c010318120169p,,,Out of Stock,دار نهضة مصر
الحكم القضائى وأثره فى رفع الخلاف الفقهى,https://nahdetmisrbookstore.com/ar/c010320110459p,160,112,In Stock,دار نهضة مصر
قواعد الفقه الكلية,https://nahdetmisrbookstore.com/ar/c010320120391p,405,284,In Stock,دار نهضة مصر
الإسلام والعلم والحضارة,https://nahdetmisrbookstore.com/ar/c010320120417p,300,210,In Stock,دار نهضة مصر
كما حج النبى,https://nahdetmisrbookstore.com/ar/c010320120421p,35,24,In Stock,دار نهضة مصر
البقاع الشريفة,https://nahdetmisrbookstore.com/ar/c010320120422p,60,42,In Stock,دار نهضة مصر
الماء آفاق حضارية,https://nahdetmisrbookstore.com/ar/c010320120430p,95,66,In Stock,دار نهضة مصر
كلمات القرآن والتطور الدلالى,https://nahdetmisrbookstore.com/ar/c010320120431p,105,74,In Stock,دار نهضة مصر
كلمات السنة النبوية والتطور الدلالى,https://nahdetmisrbookstore.com/ar/c010320120432p,70,49,In Stock,دار نهضة مصر
نور الله فى الآدمين,https://nahdetmisrbookstore.com/ar/c010320120447p,180,126,In Stock,دار نهضة مصر
الأمر بالمعروف والنهى عن المنكر,https://nahdetmisrbookstore.com/ar/c010320120470p,85,60,In Stock,دار نهضة مصر
الطريق إلى التراث الاسلامي,https://nahdetmisrbookstore.com/ar/c010321110500p,100,70,In Stock,دار نهضة مصر
موسوعة الفروق اللغوية واللمحات البلاغية,https://nahdetmisrbookstore.com/ar/c010321110520p,600,420,In Stock,دار نهضة مصر
الأعمال الكاملة للعقاد ج1,https://nahdetmisrbookstore.com/ar/c010322110604p,550,385,In Stock,دار نهضة مصر
الأعمال الكاملة للعقاد -ج2,https://nahdetmisrbookstore.com/ar/c010322110605p,550,385,In Stock,دار نهضة مصر
جدد حياتك,https://nahdetmisrbookstore.com/ar/c010322120786p,220,154,In Stock,دار نهضة مصر
علمنى رسول الله -ج2,https://nahdetmisrbookstore.com/ar/c010322210592p,280,196,In Stock,دار نهضة مصر
خلق المسلم,https://nahdetmisrbookstore.com/ar/c010323120797p,220,154,In Stock,دار نهضة مصر
الفرقة الناجية ووهم الاصطفاء,https://nahdetmisrbookstore.com/ar/c010325120921p,700,490,In Stock,دار نهضة مصر
آية السيف,https://nahdetmisrbookstore.com/ar/c010325121128p,715,500,In Stock,دار نهضة مصر
صاحب النور (محمد ﷺ),https://nahdetmisrbookstore.com/ar/c010325211161p,450,315,In Stock,دار نهضة مصر
نبينا محمد ﷺ,https://nahdetmisrbookstore.com/ar/c010326211357p,370,259,In Stock,دار نهضة مصر
جهاد الدعوة بين عجز الداخل,https://nahdetmisrbookstore.com/ar/c010338110026p,,,Out of Stock,دار نهضة مصر
نظرات اسلاميه فى الحب,https://nahdetmisrbookstore.com/ar/c010338110120p,65,46,In Stock,دار نهضة مصر
جدد حياتك,https://nahdetmisrbookstore.com/ar/c010338120003p,,,Out of Stock,دار نهضة مصر
الحق المر ج 1,https://nahdetmisrbookstore.com/ar/c010338120007p,,,Out of Stock,دار نهضة مصر
الإسلام والمناهج الاشتراكية,https://nahdetmisrbookstore.com/ar/c010338120011p,,,Out of Stock,دار نهضة مصر
الاستعمار أحقاد وأطماع,https://nahdetmisrbookstore.com/ar/c010338120016p,,,Out of Stock,دار نهضة مصر
من معالم الحق فى كفاحنا,https://nahdetmisrbookstore.com/ar/c010338120019p,,,Out of Stock,دار نهضة مصر
كيف نتعامل مع القران,https://nahdetmisrbookstore.com/ar/c010338120022p,220,154,In Stock,دار نهضة مصر
كنوز من السنه,https://nahdetmisrbookstore.com/ar/c010338120024p,220,154,In Stock,دار نهضة مصر
كيف نفهم الاسلام,https://nahdetmisrbookstore.com/ar/c010338120029p,220,154,In Stock,دار نهضة مصر
مطلع النور او طوالع البعثه المحمديه,https://nahdetmisrbookstore.com/ar/c010338120086p,,,Out of Stock,دار نهضة مصر
أبو الشهداء الحسين,https://nahdetmisrbookstore.com/ar/c010338120090p,100,70,In Stock,دار نهضة مصر
معاوية بن ابى سفيان,https://nahdetmisrbookstore.com/ar/c010338120092p,100,70,In Stock,دار نهضة مصر
الله,https://nahdetmisrbookstore.com/ar/c010338120094p,200,140,In Stock,دار نهضة مصر
حقوق الانسان فى الاسلام,https://nahdetmisrbookstore.com/ar/c010338120103p,70,49,In Stock,دار نهضة مصر
قطوف ايمانيه,https://nahdetmisrbookstore.com/ar/c010338120119p,60,42,In Stock,دار نهضة مصر
نظرات إسلامية فى الحب,https://nahdetmisrbookstore.com/ar/c010338120121p,105,74,In Stock,دار نهضة مصر
هذا هو الاسلام,https://nahdetmisrbookstore.com/ar/c010338120122p,85,60,In Stock,دار نهضة مصر
قضايا الفكر الاسلامى,https://nahdetmisrbookstore.com/ar/c010338120124p,50,35,In Stock,دار نهضة مصر
منهج الفرقان فى علوم القرآن ج2,https://nahdetmisrbookstore.com/ar/c010338120127p,50,35,In Stock,دار نهضة مصر
الإنسان وعالم الملائكة,https://nahdetmisrbookstore.com/ar/c010338120130p,65,46,In Stock,دار نهضة مصر
تاريخ القران,https://nahdetmisrbookstore.com/ar/c010338120135p,,,Out of Stock,دار نهضة مصر
هذا هو منهج الأسلام,https://nahdetmisrbookstore.com/ar/c010338120594p,30,21,In Stock,دار نهضة مصر
الإسلام ظهوره و انتشاره,https://nahdetmisrbookstore.com/ar/c010338120607p,30,21,In Stock,دار نهضة مصر
لبيك يا رباه,https://nahdetmisrbookstore.com/ar/c010338120609p,30,21,In Stock,دار نهضة مصر
عقيدة المسلم,https://nahdetmisrbookstore.com/ar/c010338120654p,220,154,In Stock,دار نهضة مصر
لماذا أنا إرهابى ؟,https://nahdetmisrbookstore.com/ar/c010338120677p,70,49,In Stock,دار نهضة مصر
إبليس,https://nahdetmisrbookstore.com/ar/c010338130068p,100,70,In Stock,دار نهضة مصر
حقائق الاسلام واباطيل خصومه,https://nahdetmisrbookstore.com/ar/c010338130071p,100,70,In Stock,دار نهضة مصر
ذو النورين عثمان ابن عفان,https://nahdetmisrbookstore.com/ar/c010338130074p,100,70,In Stock,دار نهضة مصر
"عبقرية محمد ""ص""",https://nahdetmisrbookstore.com/ar/c010338130075p,100,70,In Stock,دار نهضة مصر
عبقرية خالد,https://nahdetmisrbookstore.com/ar/c010338130077p,100,70,In Stock,دار نهضة مصر
حياة المسيح,https://nahdetmisrbookstore.com/ar/c010338130078p,100,70,In Stock,دار نهضة مصر
عبقرية الصديق,https://nahdetmisrbookstore.com/ar/c010338130079p,100,70,In Stock,دار نهضة مصر
عمرو بن العاص,https://nahdetmisrbookstore.com/ar/c010338130081p,100,70,In Stock,دار نهضة مصر
الصديقة بنت الصديق,https://nahdetmisrbookstore.com/ar/c010338130082p,100,70,In Stock,دار نهضة مصر
المرأة فى القران,https://nahdetmisrbookstore.com/ar/c010338130085p,100,70,In Stock,دار نهضة مصر
فاطمه الزهراء والفاطميون,https://nahdetmisrbookstore.com/ar/c010338130093p,100,70,In Stock,دار نهضة مصر
التعصب و التسامح,https://nahdetmisrbookstore.com/ar/c010338130653p,220,154,In Stock,دار نهضة مصر
الإنسان فى القرآن,https://nahdetmisrbookstore.com/ar/c010338130659p,100,70,In Stock,دار نهضة مصر
التفكير فريضة إسلامية,https://nahdetmisrbookstore.com/ar/c010338130660p,100,70,In Stock,دار نهضة مصر
عبقرية الإمام علي,https://nahdetmisrbookstore.com/ar/c010338130661p,100,70,In Stock,دار نهضة مصر
الإسلام و الطاقات المعطلة,https://nahdetmisrbookstore.com/ar/c010399110030p,,,Out of Stock,دار نهضة مصر
التمهيد فى دراسة العقيدة,https://nahdetmisrbookstore.com/ar/c010399110063p,50,35,In Stock,دار نهضة مصر
السنة و الشيعة أمة واحدة,https://nahdetmisrbookstore.com/ar/c010399110112p,50,35,In Stock,دار نهضة مصر
المسلمون و تقليد الأجانب,https://nahdetmisrbookstore.com/ar/c010399110167p,65,46,In Stock,دار نهضة مصر
النبوة المحمدية,https://nahdetmisrbookstore.com/ar/c010399110177p,50,35,In Stock,دار نهضة مصر
النسخ عند الأصوليين,https://nahdetmisrbookstore.com/ar/c010399110180p,65,46,In Stock,دار نهضة مصر
إشكاليات ترجمة معانى القرأن,https://nahdetmisrbookstore.com/ar/c010399110193p,50,35,In Stock,دار نهضة مصر
جهاد الدعوة بين عجز الداخل وكيد الخارج,https://nahdetmisrbookstore.com/ar/c010399110260p,,,Out of Stock,دار نهضة مصر
الأحداث الثلاثة العظمى,https://nahdetmisrbookstore.com/ar/c010399110422p,,,Out of Stock,دار نهضة مصر
بيان الإسلام ق الاول القرآن م1,https://nahdetmisrbookstore.com/ar/c010399110458p,225,158,In Stock,دار نهضة مصر
بيان الإسلام ق الاول القرآن م9,https://nahdetmisrbookstore.com/ar/c010399110459p,225,158,In Stock,دار نهضة مصر
بيان الإسلام ق الاول القرآن م3,https://nahdetmisrbookstore.com/ar/c010399110460p,225,158,In Stock,دار نهضة مصر
بيان الإسلام ق الاول القرآن م8,https://nahdetmisrbookstore.com/ar/c010399110461p,225,158,In Stock,دار نهضة مصر
بيان الإسلام ق الاول القرآن م2,https://nahdetmisrbookstore.com/ar/c010399110462p,225,158,In Stock,دار نهضة مصر
بيان الإسلام ق الاول القرآن م11,https://nahdetmisrbookstore.com/ar/c010399110464p,225,158,In Stock,دار نهضة مصر
بيان الإسلام ق الاول القرآن م5,https://nahdetmisrbookstore.com/ar/c010399110465p,225,158,In Stock,دار نهضة مصر
بيان الإسلام ق الاول القرآن م4,https://nahdetmisrbookstore.com/ar/c010399110466p,225,158,In Stock,دار نهضة مصر
بيان الإسلام ق الاول القرآن م6,https://nahdetmisrbookstore.com/ar/c010399110468p,225,158,In Stock,دار نهضة مصر
بيان الإسلام ق الثالث السنة م1,https://nahdetmisrbookstore.com/ar/c010399110470p,225,158,In Stock,دار نهضة مصر
بيان الإسلام ق الثالث السنة م3,https://nahdetmisrbookstore.com/ar/c010399110471p,225,158,In Stock,دار نهضة مصر
بيان الإسلام ق الثالث السنة م2,https://nahdetmisrbookstore.com/ar/c010399110473p,225,158,In Stock,دار نهضة مصر
بيان الإسلام ق الثالث السنة م5,https://nahdetmisrbookstore.com/ar/c010399110474p,225,158,In Stock,دار نهضة مصر
بيان الإسلام ق الثالث السنة م4,https://nahdetmisrbookstore.com/ar/c010399110475p,225,158,In Stock,دار نهضة مصر
بيان الإسلام ق الثالث السنة م7,https://nahdetmisrbookstore.com/ar/c010399110476p,225,158,In Stock,دار نهضة مصر
بيان الإسلام ق الثالث السنة م6,https://nahdetmisrbookstore.com/ar/c010399110477p,225,158,In Stock,دار نهضة مصر
بيان الإسلام ق الثانى الرسول م3,https://nahdetmisrbookstore.com/ar/c010399110479p,225,158,In Stock,دار نهضة مصر
بيان الإسلام ق الثانى الرسول م4,https://nahdetmisrbookstore.com/ar/c010399110480p,225,158,In Stock,دار نهضة مصر
نظام الاسرة فى اليهودية,https://nahdetmisrbookstore.com/ar/c010399110481p,50,35,In Stock,دار نهضة مصر
مصر فى الإسلام الدين والنبوة ج1-,https://nahdetmisrbookstore.com/ar/c010399110525p,65,46,In Stock,دار نهضة مصر
مصر فى الإسلام القرن الأول ج2-,https://nahdetmisrbookstore.com/ar/c010399110526p,65,46,In Stock,دار نهضة مصر
مصر فى الإسلام القرن الثانى ج3-,https://nahdetmisrbookstore.com/ar/c010399110527p,65,46,In Stock,دار نهضة مصر
مصر فى الإسلام القرن الثالث ج4-,https://nahdetmisrbookstore.com/ar/c010399110528p,65,46,In Stock,دار نهضة مصر
مصر فى الإسلام القرن الخامس ج6-,https://nahdetmisrbookstore.com/ar/c010399110529p,65,46,In Stock,دار نهضة مصر
الإسلام و مكارم الأخلاق,https://nahdetmisrbookstore.com/ar/c010399120033p,30,21,In Stock,دار نهضة مصر
الإصلاح السياسى من أين يبدأ,https://nahdetmisrbookstore.com/ar/c010399120041p,30,21,In Stock,دار نهضة مصر
الخطاب الأخلاقى فى الحضارة,https://nahdetmisrbookstore.com/ar/c010399120083p,50,35,In Stock,دار نهضة مصر
الدين و الحياة,https://nahdetmisrbookstore.com/ar/c010399120096p,105,74,In Stock,دار نهضة مصر
الشيعة فى المشرق الإسلامى,https://nahdetmisrbookstore.com/ar/c010399120120p,50,35,In Stock,دار نهضة مصر
القرآن يقوم العقل والنفس واللسان,https://nahdetmisrbookstore.com/ar/c010399120142p,50,35,In Stock,دار نهضة مصر
الكارثة-العرب وأصول المسألة العراقية,https://nahdetmisrbookstore.com/ar/c010399120145p,50,35,In Stock,دار نهضة مصر
المرأة فى الإسلام,https://nahdetmisrbookstore.com/ar/c010399120160p,50,35,In Stock,دار نهضة مصر
المساواة فى الأسلام,https://nahdetmisrbookstore.com/ar/c010399120163p,50,35,In Stock,دار نهضة مصر
جبال الأنبياء,https://nahdetmisrbookstore.com/ar/c010399120254p,30,21,In Stock,دار نهضة مصر
حاكموا الحب,https://nahdetmisrbookstore.com/ar/c010399120262p,50,35,In Stock,دار نهضة مصر
محنة التقريب بين الشيعة والسنة,https://nahdetmisrbookstore.com/ar/c010399120364p,50,35,In Stock,دار نهضة مصر
دفاع عن العقيدة و الشريعة,https://nahdetmisrbookstore.com/ar/c010399120446p,,,Out of Stock,دار نهضة مصر
منهج الإسلام فى العقيدة،العبادة,https://nahdetmisrbookstore.com/ar/c010399120457p,50,35,In Stock,دار نهضة مصر
رسالة إلى إخواننا الشيعة,https://nahdetmisrbookstore.com/ar/c010399120507p,50,35,In Stock,دار نهضة مصر
العسكر و الدستور فى تركيا,https://nahdetmisrbookstore.com/ar/c010402120010p,30,21,In Stock,دار نهضة مصر
الحرب و تكنولوجيا المعلومات,https://nahdetmisrbookstore.com/ar/c010405120006p,50,35,In Stock,دار نهضة مصر
حلمنا الجميل,https://nahdetmisrbookstore.com/ar/c010405120012p,75,52,In Stock,دار نهضة مصر
الفكر المصرى الحديث,https://nahdetmisrbookstore.com/ar/c010406110023p,50,35,In Stock,دار نهضة مصر
التحديث و الديمقراطية و الإسلام,https://nahdetmisrbookstore.com/ar/c010406120013p,95,66,In Stock,دار نهضة مصر
كيف نقى أبنائنا من التحرش,https://nahdetmisrbookstore.com/ar/c010406120045p,,,Out of Stock,دار نهضة مصر
معنى الوطن,https://nahdetmisrbookstore.com/ar/c010406120048p,50,35,In Stock,دار نهضة مصر
إبنى و أنا,https://nahdetmisrbookstore.com/ar/c010407120002p,30,21,In Stock,دار نهضة مصر
أغيثونى كيف أساعد إبنى,https://nahdetmisrbookstore.com/ar/c010407120007p,30,21,In Stock,دار نهضة مصر
التاريخ إمراة,https://nahdetmisrbookstore.com/ar/c010407120017p,50,35,In Stock,دار نهضة مصر
الأزمة المالية العالمية,https://nahdetmisrbookstore.com/ar/c010408110002p,65,46,In Stock,دار نهضة مصر
مصر يا ولاد,https://nahdetmisrbookstore.com/ar/c010408110023p,70,49,In Stock,دار نهضة مصر
الحادى عشر من سبتمبر ج1,https://nahdetmisrbookstore.com/ar/c010408110027p,85,60,In Stock,دار نهضة مصر
فخاخ التفاوض و حروب المعلومات,https://nahdetmisrbookstore.com/ar/c010408120020p,50,35,In Stock,دار نهضة مصر
إصلاح الساسة,https://nahdetmisrbookstore.com/ar/c010409110002p,50,35,In Stock,دار نهضة مصر
الحادى عشر من سبتمبر ج2,https://nahdetmisrbookstore.com/ar/c010409110010p,85,60,In Stock,دار نهضة مصر
التعاون الدولى,https://nahdetmisrbookstore.com/ar/c010410110013p,85,60,In Stock,دار نهضة مصر
التعاون الدولى,https://nahdetmisrbookstore.com/ar/c010410120014p,50,35,In Stock,دار نهضة مصر
ما قبل الثورة,https://nahdetmisrbookstore.com/ar/c010411110010p,105,74,In Stock,دار نهضة مصر
الجدار العازل,https://nahdetmisrbookstore.com/ar/c010411120002p,50,35,In Stock,دار نهضة مصر
رؤية لقضايا مصر الوطنية,https://nahdetmisrbookstore.com/ar/c010411120009p,50,35,In Stock,دار نهضة مصر
الأب الروحى,https://nahdetmisrbookstore.com/ar/c010412120001p,50,35,In Stock,دار نهضة مصر
حرية الميدان,https://nahdetmisrbookstore.com/ar/c010412120002p,50,35,In Stock,دار نهضة مصر
ابنته (رقية انور السادات),https://nahdetmisrbookstore.com/ar/c010412120004p,150,105,In Stock,دار نهضة مصر
أسرار محاكمة القرن,https://nahdetmisrbookstore.com/ar/c010412120005p,50,35,In Stock,دار نهضة مصر
الثورة و المؤامرة,https://nahdetmisrbookstore.com/ar/c010412120015p,50,35,In Stock,دار نهضة مصر
المرأة فى الدستور,https://nahdetmisrbookstore.com/ar/c010412120019p,30,21,In Stock,دار نهضة مصر
أنا جوزى مفيش منه,https://nahdetmisrbookstore.com/ar/c010412120024p,60,42,In Stock,دار نهضة مصر
حوارات الموتى,https://nahdetmisrbookstore.com/ar/c010412120028p,65,46,In Stock,دار نهضة مصر
دفتر الغضب,https://nahdetmisrbookstore.com/ar/c010412120030p,50,35,In Stock,دار نهضة مصر
سر المعبد,https://nahdetmisrbookstore.com/ar/c010412120031p,85,60,In Stock,دار نهضة مصر
سنة أولى ثورة,https://nahdetmisrbookstore.com/ar/c010412120035p,30,21,In Stock,دار نهضة مصر
شهادتى,https://nahdetmisrbookstore.com/ar/c010412120037p,405,284,In Stock,دار نهضة مصر
محاكمة مبارك بشهادة السيدة نفيسة,https://nahdetmisrbookstore.com/ar/c010412120039p,30,21,In Stock,دار نهضة مصر
مصر تستعيد روحها,https://nahdetmisrbookstore.com/ar/c010412120041p,30,21,In Stock,دار نهضة مصر
الحارة المزنوقة,https://nahdetmisrbookstore.com/ar/c010413120007p,50,35,In Stock,دار نهضة مصر
انتحار الإخوان,https://nahdetmisrbookstore.com/ar/c010413120017p,50,35,In Stock,دار نهضة مصر
أئمة الشر,https://nahdetmisrbookstore.com/ar/c010413120019p,85,60,In Stock,دار نهضة مصر
عشرينات إزاى تحب صح,https://nahdetmisrbookstore.com/ar/c010413120020p,50,35,In Stock,دار نهضة مصر
حجر رشيد,https://nahdetmisrbookstore.com/ar/c010413120026p,50,35,In Stock,دار نهضة مصر
شاهد على الحرب و السلام,https://nahdetmisrbookstore.com/ar/c010413120033p,335,234,In Stock,دار نهضة مصر
شخصية مصر,https://nahdetmisrbookstore.com/ar/c010413120035p,,,Out of Stock,دار نهضة مصر
فى بهو الكرنك,https://nahdetmisrbookstore.com/ar/c010413120041p,65,46,In Stock,دار نهضة مصر
قلب الإخوان,https://nahdetmisrbookstore.com/ar/c010413120042p,85,60,In Stock,دار نهضة مصر
كلمة السر,https://nahdetmisrbookstore.com/ar/c010413120045p,,,Out of Stock,دار نهضة مصر
مشير النصر,https://nahdetmisrbookstore.com/ar/c010413120049p,75,52,In Stock,دار نهضة مصر
حرب المياه,https://nahdetmisrbookstore.com/ar/c010413120059p,50,35,In Stock,دار نهضة مصر
رسائل الزمن المستترة,https://nahdetmisrbookstore.com/ar/c010413120060p,50,35,In Stock,دار نهضة مصر
جمهورية الأولتراس,https://nahdetmisrbookstore.com/ar/c010414110056p,85,60,In Stock,دار نهضة مصر
الفساد تعريفة صورة جـ 1,https://nahdetmisrbookstore.com/ar/c010414120001p,60,42,In Stock,دار نهضة مصر
بالحضارة لا بالسياسة,https://nahdetmisrbookstore.com/ar/c010414120002p,50,35,In Stock,دار نهضة مصر
وثائق البيت الأبيض,https://nahdetmisrbookstore.com/ar/c010414120003p,50,35,In Stock,دار نهضة مصر
أزمة الهيمنة الأمريكية,https://nahdetmisrbookstore.com/ar/c010414120010p,50,35,In Stock,دار نهضة مصر
الإصلاح المؤسسى,https://nahdetmisrbookstore.com/ar/c010414120017p,30,21,In Stock,دار نهضة مصر
عشرينات الرزق يحب الخفية,https://nahdetmisrbookstore.com/ar/c010414120023p,50,35,In Stock,دار نهضة مصر
الشوارعيزم,https://nahdetmisrbookstore.com/ar/c010414120026p,95,66,In Stock,دار نهضة مصر
الصندوق الأسود,https://nahdetmisrbookstore.com/ar/c010414120027p,95,66,In Stock,دار نهضة مصر
المواجهة الجنائية للفساد,https://nahdetmisrbookstore.com/ar/c010414120037p,120,84,In Stock,دار نهضة مصر
عشرينات أنا مش عانس,https://nahdetmisrbookstore.com/ar/c010414120041p,50,35,In Stock,دار نهضة مصر
أوروبا و العرب,https://nahdetmisrbookstore.com/ar/c010414120042p,30,21,In Stock,دار نهضة مصر
بوتين,https://nahdetmisrbookstore.com/ar/c010414120046p,,,Out of Stock,دار نهضة مصر
تحولات الأمم والمستقبل العالمى,https://nahdetmisrbookstore.com/ar/c010414120049p,50,35,In Stock,دار نهضة مصر
تطوير المناهج و تنمية التفكير,https://nahdetmisrbookstore.com/ar/c010414120051p,110,77,In Stock,دار نهضة مصر
داعش,https://nahdetmisrbookstore.com/ar/c010414120071p,95,66,In Stock,دار نهضة مصر
رسالة من الزمن القادم,https://nahdetmisrbookstore.com/ar/c010414120076p,60,42,In Stock,دار نهضة مصر
عشرينات شوارعنا بتتكلم عربى,https://nahdetmisrbookstore.com/ar/c010414120086p,50,35,In Stock,دار نهضة مصر
فتح مصر,https://nahdetmisrbookstore.com/ar/c010414120094p,50,35,In Stock,دار نهضة مصر
الأحكام الموضوعية لمكافحة جرائم الفساد,https://nahdetmisrbookstore.com/ar/c010414120139p,120,84,In Stock,دار نهضة مصر
التحليل الثقافى للمجتمع,https://nahdetmisrbookstore.com/ar/c010414120140p,150,105,In Stock,دار نهضة مصر
ضلالات الطريق,https://nahdetmisrbookstore.com/ar/c010415120018p,60,42,In Stock,دار نهضة مصر
مصر التى نريد,https://nahdetmisrbookstore.com/ar/c010415120022p,105,74,In Stock,دار نهضة مصر
أنت جيش عدوك,https://nahdetmisrbookstore.com/ar/c010416120004p,60,42,In Stock,دار نهضة مصر
"أم فريدة "" حكاية ورا كل باب """,https://nahdetmisrbookstore.com/ar/c010416120005p,85,60,In Stock,دار نهضة مصر
سيناء أرض المقدس,https://nahdetmisrbookstore.com/ar/c010416120007p,150,105,In Stock,دار نهضة مصر
كهنة المعبد,https://nahdetmisrbookstore.com/ar/c010416120009p,120,84,In Stock,دار نهضة مصر
من نواكشوط الى تمبكتو,https://nahdetmisrbookstore.com/ar/c010416120011p,150,105,In Stock,دار نهضة مصر
دش ساقع,https://nahdetmisrbookstore.com/ar/c010417120001p,65,46,In Stock,دار نهضة مصر
إستمارة 6,https://nahdetmisrbookstore.com/ar/c010417120063p,145,102,In Stock,دار نهضة مصر
حى بين الأموات,https://nahdetmisrbookstore.com/ar/c010418120086p,130,91,In Stock,دار نهضة مصر
فن الحرب,https://nahdetmisrbookstore.com/ar/c010418120095p,120,84,In Stock,دار نهضة مصر
روزنامة..أوراق من تاريخ عشته وعايشته,https://nahdetmisrbookstore.com/ar/c010418120150p,110,77,In Stock,دار نهضة مصر
جايا لك فى الكلام,https://nahdetmisrbookstore.com/ar/c010419120215p,210,147,In Stock,دار نهضة مصر
بواب العبارة,https://nahdetmisrbookstore.com/ar/c010419120302p,120,84,In Stock,دار نهضة مصر
أزمتنا صراع الأصالة والاستنساخ,https://nahdetmisrbookstore.com/ar/c010419120314p,150,105,In Stock,دار نهضة مصر
أسرار حرب الغاز,https://nahdetmisrbookstore.com/ar/c010419120378p,130,91,In Stock,دار نهضة مصر
إقليم فوق سطح ملتهب,https://nahdetmisrbookstore.com/ar/c010420120420p,270,189,In Stock,دار نهضة مصر
"موسكو ..تل أبيب""وثائق وأسرار""",https://nahdetmisrbookstore.com/ar/c010421120497p,265,186,In Stock,دار نهضة مصر
تفاءل..حواديت بألوان الحياة,https://nahdetmisrbookstore.com/ar/c010421120525p,130,91,In Stock,دار نهضة مصر
جند الخلافة,https://nahdetmisrbookstore.com/ar/c010421120557p,130,91,In Stock,دار نهضة مصر
العالم إكس والإمبراطوريات الجديدة,https://nahdetmisrbookstore.com/ar/c010421120582p,120,84,In Stock,دار نهضة مصر
سنوات الفرص الضائعة,https://nahdetmisrbookstore.com/ar/c010422120631p,290,203,In Stock,دار نهضة مصر
مختصر جمال العالم,https://nahdetmisrbookstore.com/ar/c010424120823p,205,144,In Stock,دار نهضة مصر
الاستثمار في الابتكار,https://nahdetmisrbookstore.com/ar/c010424120875p,360,252,In Stock,دار نهضة مصر
الصحافة والثورة,https://nahdetmisrbookstore.com/ar/c010424120915p,275,192,In Stock,دار نهضة مصر
هوية المصريين,https://nahdetmisrbookstore.com/ar/c010425121060p,240,168,In Stock,دار نهضة مصر
سن الرشد لـ نور سويد,https://nahdetmisrbookstore.com/ar/c010425121188p,475,332,In Stock,دار نهضة مصر
شخصية اليابان,https://nahdetmisrbookstore.com/ar/c010425121189p,250,175,In Stock,دار نهضة مصر
الضربة القاضية,https://nahdetmisrbookstore.com/ar/c010426121377p,360,252,In Stock,دار نهضة مصر
أمريكا أوروبا,https://nahdetmisrbookstore.com/ar/c010438110043p,30,21,In Stock,دار نهضة مصر
دموع الريادة المصرية,https://nahdetmisrbookstore.com/ar/c010438110045p,50,35,In Stock,دار نهضة مصر
عقل أمريكا,https://nahdetmisrbookstore.com/ar/c010438110148p,50,35,In Stock,دار نهضة مصر
أمريكا فى مواجهة العالم,https://nahdetmisrbookstore.com/ar/c010438120040p,50,35,In Stock,دار نهضة مصر
أمريكا و العالم الحرب الباردة,https://nahdetmisrbookstore.com/ar/c010438120126p,50,35,In Stock,دار نهضة مصر
مصر و أمريكا,https://nahdetmisrbookstore.com/ar/c010438120137p,50,35,In Stock,دار نهضة مصر
مصر تراجع نفسها,https://nahdetmisrbookstore.com/ar/c010438120600p,50,35,In Stock,دار نهضة مصر
لماذا يخافون الاسلام,https://nahdetmisrbookstore.com/ar/c010438120622p,30,21,In Stock,دار نهضة مصر
سلمى تعرف حقوقها,https://nahdetmisrbookstore.com/ar/c010438210457p,110,77,In Stock,دار نهضة مصر
أتمنى لو كنت ناظرة مدرسة,https://nahdetmisrbookstore.com/ar/c010438210464p,110,77,In Stock,دار نهضة مصر
سلمى تعرف حقوقها,https://nahdetmisrbookstore.com/ar/c010438220456p,100,70,In Stock,دار نهضة مصر
البالونة البيضاء (حجم كبير),https://nahdetmisrbookstore.com/ar/c010438240448p,150,105,In Stock,دار نهضة مصر
الموسوعة السياسية الخصخصة,https://nahdetmisrbookstore.com/ar/c010499110081p,50,35,In Stock,دار نهضة مصر
الموسوعة السياسية الديمقراطية,https://nahdetmisrbookstore.com/ar/c010499110091p,50,35,In Stock,دار نهضة مصر
الديمقراطية و الوعى السياسى,https://nahdetmisrbookstore.com/ar/c010499110094p,50,35,In Stock,دار نهضة مصر
الدين و الدولة,https://nahdetmisrbookstore.com/ar/c010499110097p,50,35,In Stock,دار نهضة مصر
أزمة العولمةوإنهيار رأسمالية,https://nahdetmisrbookstore.com/ar/c010499110207p,65,46,In Stock,دار نهضة مصر
رئاسة الإرهاب,https://nahdetmisrbookstore.com/ar/c010499110300p,95,66,In Stock,دار نهضة مصر
القواعد الموضوعية غسل الأموال,https://nahdetmisrbookstore.com/ar/c010499110432p,150,105,In Stock,دار نهضة مصر
ثمن الإصلاح,https://nahdetmisrbookstore.com/ar/c010499110442p,50,35,In Stock,دار نهضة مصر
علم الإجتماع النظريات الكلاسيكية,https://nahdetmisrbookstore.com/ar/c010499120003p,,,Out of Stock,دار نهضة مصر
الموسوعة السياسية الإستشراق,https://nahdetmisrbookstore.com/ar/c010499120013p,50,35,In Stock,دار نهضة مصر
الموسوعة السياسية الأنتشار النوى,https://nahdetmisrbookstore.com/ar/c010499120017p,50,35,In Stock,دار نهضة مصر
الموسوعة السياسية الأصولية,https://nahdetmisrbookstore.com/ar/c010499120020p,50,35,In Stock,دار نهضة مصر
الإرهاب صناعة عالمية,https://nahdetmisrbookstore.com/ar/c010499120022p,30,21,In Stock,دار نهضة مصر
الأشرار داخل النظام,https://nahdetmisrbookstore.com/ar/c010499120044p,,,Out of Stock,دار نهضة مصر
الأصولية و العنف و الارهاب,https://nahdetmisrbookstore.com/ar/c010499120045p,50,35,In Stock,دار نهضة مصر
الموسوعة السياسية الأيديولوجيا,https://nahdetmisrbookstore.com/ar/c010499120049p,,,Out of Stock,دار نهضة مصر
التفاوض فى عصر الإستفزاز,https://nahdetmisrbookstore.com/ar/c010499120059p,50,35,In Stock,دار نهضة مصر
الخريطة المعرفية للمجتمع العالمي,https://nahdetmisrbookstore.com/ar/c010499120080p,,,Out of Stock,دار نهضة مصر
الموسوعة السياسية الخصوصية,https://nahdetmisrbookstore.com/ar/c010499120082p,50,35,In Stock,دار نهضة مصر
الخوف من الإسلام,https://nahdetmisrbookstore.com/ar/c010499120086p,50,35,In Stock,دار نهضة مصر
الدبلوماسية فى زمن الهيمنه,https://nahdetmisrbookstore.com/ar/c010499120087p,50,35,In Stock,دار نهضة مصر
الموسوعة السياسية الدعاية الانتخابية,https://nahdetmisrbookstore.com/ar/c010499120089p,50,35,In Stock,دار نهضة مصر
الديمقراطية الرقمية,https://nahdetmisrbookstore.com/ar/c010499120092p,30,21,In Stock,دار نهضة مصر
الديمقراطية في الإسلام,https://nahdetmisrbookstore.com/ar/c010499120093p,,,Out of Stock,دار نهضة مصر
الموسوعة السياسية المجتمع,https://nahdetmisrbookstore.com/ar/c010499120156p,,,Out of Stock,دار نهضة مصر
الموسوعة السياسية المواطنة,https://nahdetmisrbookstore.com/ar/c010499120172p,50,35,In Stock,دار نهضة مصر
مهارات مهنية أخلاقيات العمل,https://nahdetmisrbookstore.com/ar/c010499120203p,60,42,In Stock,دار نهضة مصر
أزمة الديمقراطية,https://nahdetmisrbookstore.com/ar/c010499120205p,50,35,In Stock,دار نهضة مصر
أزمة مستقبل مصر,https://nahdetmisrbookstore.com/ar/c010499120209p,,,Out of Stock,دار نهضة مصر
الموسوعة السياسية أسلحة الدمار,https://nahdetmisrbookstore.com/ar/c010499120214p,50,35,In Stock,دار نهضة مصر
أسئلة أفضل فهم أعمق,https://nahdetmisrbookstore.com/ar/c010499120215p,65,46,In Stock,دار نهضة مصر
بدائل العولمة,https://nahdetmisrbookstore.com/ar/c010499120230p,30,21,In Stock,دار نهضة مصر
ثرثرة تحت برج إيفل,https://nahdetmisrbookstore.com/ar/c010499120251p,,,Out of Stock,دار نهضة مصر
حروب جديدة,https://nahdetmisrbookstore.com/ar/c010499120263p,50,35,In Stock,دار نهضة مصر
دولارات الإرهاب,https://nahdetmisrbookstore.com/ar/c010499120295p,30,21,In Stock,دار نهضة مصر
زلزال الحادى عشر من سبتمبر,https://nahdetmisrbookstore.com/ar/c010499120301p,50,35,In Stock,دار نهضة مصر
سيناريوهات الحرب و السلام,https://nahdetmisrbookstore.com/ar/c010499120307p,50,35,In Stock,دار نهضة مصر
نماذج بشرية,https://nahdetmisrbookstore.com/ar/c010499120405p,50,35,In Stock,دار نهضة مصر
وفاة الأمم المتحدة,https://nahdetmisrbookstore.com/ar/c010499120414p,,,Out of Stock,دار نهضة مصر
وقائع اغتيال حكام مصر,https://nahdetmisrbookstore.com/ar/c010499120415p,30,21,In Stock,دار نهضة مصر
أثر العولمة على التنمية الإقتصادية,https://nahdetmisrbookstore.com/ar/c010499120439p,30,21,In Stock,دار نهضة مصر
حقيقة القومية العربية,https://nahdetmisrbookstore.com/ar/c010499120444p,,,Out of Stock,دار نهضة مصر
الموسوعة السياسية التدخل الدولى,https://nahdetmisrbookstore.com/ar/c010499120482p,50,35,In Stock,دار نهضة مصر
المعلوماتية وحضارة العولمة,https://nahdetmisrbookstore.com/ar/c010499120486p,50,35,In Stock,دار نهضة مصر
الحوار الحضارى فى عصر العولمة,https://nahdetmisrbookstore.com/ar/c010499120495p,50,35,In Stock,دار نهضة مصر
إلى الطفلة التى أصبحت أماً,https://nahdetmisrbookstore.com/ar/c010499120508p,50,35,In Stock,دار نهضة مصر
الفيزياء المادة فى شكل جديد,https://nahdetmisrbookstore.com/ar/c010499120509p,295,206,In Stock,دار نهضة مصر
كشكول الحب,https://nahdetmisrbookstore.com/ar/c010499120536p,110,77,In Stock,دار نهضة مصر
فقة اللغة,https://nahdetmisrbookstore.com/ar/c010504120028p,,,Out of Stock,دار نهضة مصر
قواعد النحو و الصرف,https://nahdetmisrbookstore.com/ar/c010506110047p,195,136,In Stock,دار نهضة مصر
أصول الترجمة العربية والإنجليزية,https://nahdetmisrbookstore.com/ar/c010506120002p,50,35,In Stock,دار نهضة مصر
كلمات التقاط الألماس,https://nahdetmisrbookstore.com/ar/c010507120069p,50,35,In Stock,دار نهضة مصر
الثقافة اللغوية,https://nahdetmisrbookstore.com/ar/c010509110004p,60,42,In Stock,دار نهضة مصر
اللغة والقوة والحرب اللغوية,https://nahdetmisrbookstore.com/ar/c010515120005p,50,35,In Stock,دار نهضة مصر
اللغة كيف تحيا و متى تموت ؟,https://nahdetmisrbookstore.com/ar/c010516120003p,85,60,In Stock,دار نهضة مصر
معجم ألفاظ الحج,https://nahdetmisrbookstore.com/ar/c010519120295p,60,42,In Stock,دار نهضة مصر
موسوعة الفروق اللغوية ج2,https://nahdetmisrbookstore.com/ar/c01052210620p,600,420,In Stock,دار نهضة مصر
موسوعة الفروق اللغوية ج3,https://nahdetmisrbookstore.com/ar/c010523110815p,600,420,In Stock,دار نهضة مصر
موسوعة الفروق اللغوية ج6,https://nahdetmisrbookstore.com/ar/c010525111104p,600,420,In Stock,دار نهضة مصر
موسوعة الفروق اللغوية ج7,https://nahdetmisrbookstore.com/ar/c010525111181p,600,420,In Stock,دار نهضة مصر
موسوعة الفروق اللغوية ج8,https://nahdetmisrbookstore.com/ar/c010525111197p,600,420,In Stock,دار نهضة مصر
موسوعة الفروق اللغوية ج 9,https://nahdetmisrbookstore.com/ar/c010525111313p,600,420,In Stock,دار نهضة مصر
موسوعة الفروق اللغوية ج10,https://nahdetmisrbookstore.com/ar/c010525111355p,600,420,In Stock,دار نهضة مصر
المعجم الموسوعى للتعبير 3 اجزاء,https://nahdetmisrbookstore.com/ar/c010538110151p,890,623,In Stock,دار نهضة مصر
القاموس الوسيط صغير,https://nahdetmisrbookstore.com/ar/c010538110596p,85,60,In Stock,دار نهضة مصر
أساسيات النحو والصرف,https://nahdetmisrbookstore.com/ar/c010599110210p,85,60,In Stock,دار نهضة مصر
هل تنتحر اللغة العربية,https://nahdetmisrbookstore.com/ar/c010599110410p,50,35,In Stock,دار نهضة مصر
تعليم الهيروغليفية -إنجليزى,https://nahdetmisrbookstore.com/ar/c01059920074p,500,350,In Stock,دار نهضة مصر
البترول ذروة الأنتاج وتداعيات الأنتحار,https://nahdetmisrbookstore.com/ar/c010607120013p,50,35,In Stock,دار نهضة مصر
جريمة غسل الأموال,https://nahdetmisrbookstore.com/ar/c010607120045p,65,46,In Stock,دار نهضة مصر
إبن النجوم,https://nahdetmisrbookstore.com/ar/c010699120005p,30,21,In Stock,دار نهضة مصر
الجمرة الخبيثة,https://nahdetmisrbookstore.com/ar/c010699120068p,50,35,In Stock,دار نهضة مصر
تكنولوجيا النانو الفائقة,https://nahdetmisrbookstore.com/ar/c010699120249p,30,21,In Stock,دار نهضة مصر
طعامنا المهندس وراثيا,https://nahdetmisrbookstore.com/ar/c010699120320p,50,35,In Stock,دار نهضة مصر
موسوعة الشئون المنزلية,https://nahdetmisrbookstore.com/ar/c010704120036p,50,35,In Stock,دار نهضة مصر
مهارات مهنية قواعد العمل,https://nahdetmisrbookstore.com/ar/c010705120020p,60,42,In Stock,دار نهضة مصر
مهارات مهنية مهارات التنظيم,https://nahdetmisrbookstore.com/ar/c010705120024p,60,42,In Stock,دار نهضة مصر
مهارات مهنية مهارات الإتصال,https://nahdetmisrbookstore.com/ar/c010706120050p,60,42,In Stock,دار نهضة مصر
الرجيم الحقائق و الأكاذيب,https://nahdetmisrbookstore.com/ar/c010707110023p,30,21,In Stock,دار نهضة مصر
الإعلام فى عصر العولمة,https://nahdetmisrbookstore.com/ar/c010710110003p,,,Out of Stock,دار نهضة مصر
النشر الإلكترونى,https://nahdetmisrbookstore.com/ar/c010712120023p,50,35,In Stock,دار نهضة مصر
التسويق الرقمى,https://nahdetmisrbookstore.com/ar/c010713120005p,,,Out of Stock,دار نهضة مصر
مهارات التواصل الذكى,https://nahdetmisrbookstore.com/ar/c010718120202p,210,147,In Stock,دار نهضة مصر
Startup Arabia,https://nahdetmisrbookstore.com/ar/c010719120206p,325,228,In Stock,دار نهضة مصر
مدرب الحياة الذكى,https://nahdetmisrbookstore.com/ar/c010719120223p,210,147,In Stock,دار نهضة مصر
استارت أب عربية,https://nahdetmisrbookstore.com/ar/c010719120245p,255,178,In Stock,دار نهضة مصر
المرشح,https://nahdetmisrbookstore.com/ar/c010720120389p,110,77,In Stock,دار نهضة مصر
السياسات المنظمة للإعلام,https://nahdetmisrbookstore.com/ar/c010720120428p,240,168,In Stock,دار نهضة مصر
أسرار الصوت,https://nahdetmisrbookstore.com/ar/c010725121190p,400,280,In Stock,دار نهضة مصر
الموسوعة السياسية الإعلام,https://nahdetmisrbookstore.com/ar/c010799110024p,50,35,In Stock,دار نهضة مصر
التقاويم,https://nahdetmisrbookstore.com/ar/c010799120061p,50,35,In Stock,دار نهضة مصر
تاريخ الفكر الاقتصادى,https://nahdetmisrbookstore.com/ar/c010799120241p,95,66,In Stock,دار نهضة مصر
مهارات مهنية العمل الجماعى,https://nahdetmisrbookstore.com/ar/c010799120394p,60,42,In Stock,دار نهضة مصر
مهارات مهنية مهارات القيادة,https://nahdetmisrbookstore.com/ar/c010799120395p,60,42,In Stock,دار نهضة مصر
السرطان,https://nahdetmisrbookstore.com/ar/c010799120430p,50,35,In Stock,دار نهضة مصر
المحميات الطبيعية,https://nahdetmisrbookstore.com/ar/c01079920044p,50,35,In Stock,دار نهضة مصر
تاريخ الأزياء و تطورها ج3,https://nahdetmisrbookstore.com/ar/c010801110002p,50,35,In Stock,دار نهضة مصر
ألة العود و العازف,https://nahdetmisrbookstore.com/ar/c010805120008p,30,21,In Stock,دار نهضة مصر
المسلات,https://nahdetmisrbookstore.com/ar/c010806110024p,460,322,In Stock,دار نهضة مصر
الموجز فى تاريح الفن العام,https://nahdetmisrbookstore.com/ar/c010812120022p,95,66,In Stock,دار نهضة مصر
الغناء و السياسة فى مصر,https://nahdetmisrbookstore.com/ar/c010813120015p,50,35,In Stock,دار نهضة مصر
حواديتى,https://nahdetmisrbookstore.com/ar/c010814120066p,60,42,In Stock,دار نهضة مصر
شىء يبحث عن نفسه,https://nahdetmisrbookstore.com/ar/c010819220267p,150,105,In Stock,دار نهضة مصر
ما وراء الصورة..نظرات نقدية لأفلام,https://nahdetmisrbookstore.com/ar/c010820120418p,170,119,In Stock,دار نهضة مصر
دندنة,https://nahdetmisrbookstore.com/ar/c010820120425p,335,234,In Stock,دار نهضة مصر
أمريكا الإفريقية,https://nahdetmisrbookstore.com/ar/c010821120554p,210,147,In Stock,دار نهضة مصر
سلطنة,https://nahdetmisrbookstore.com/ar/c010825121061p,270,189,In Stock,دار نهضة مصر
الألعاب و التسلية عند المصرى,https://nahdetmisrbookstore.com/ar/c010838220667p,490,343,In Stock,دار نهضة مصر
أسس التصميم,https://nahdetmisrbookstore.com/ar/c010899120212p,90,63,In Stock,دار نهضة مصر
الأدب وفنونه,https://nahdetmisrbookstore.com/ar/c010902110005p,65,46,In Stock,دار نهضة مصر
نحن كذلك,https://nahdetmisrbookstore.com/ar/c010902120027p,65,46,In Stock,دار نهضة مصر
عبقرية عمر,https://nahdetmisrbookstore.com/ar/c010903110055p,100,70,In Stock,دار نهضة مصر
غريب فى بلاد غريبة,https://nahdetmisrbookstore.com/ar/c010903110056p,200,140,In Stock,دار نهضة مصر
فى النقد التطبيقى والمقارن,https://nahdetmisrbookstore.com/ar/c010903110058p,85,60,In Stock,دار نهضة مصر
تولد النجوم وتموت,https://nahdetmisrbookstore.com/ar/c010903120036p,70,49,In Stock,دار نهضة مصر
أعجب الرحلات فى التاريخ,https://nahdetmisrbookstore.com/ar/c010904110002p,200,140,In Stock,دار نهضة مصر
كيف لا أبكى,https://nahdetmisrbookstore.com/ar/c010904120033p,75,52,In Stock,دار نهضة مصر
السلطان نبهان يختفى,https://nahdetmisrbookstore.com/ar/c01090420001p,95,66,In Stock,دار نهضة مصر
السلطان نبهان يطلب إحسان,https://nahdetmisrbookstore.com/ar/c01090420002p,,,Out of Stock,دار نهضة مصر
قل يا ليل,https://nahdetmisrbookstore.com/ar/c010905120019p,50,35,In Stock,دار نهضة مصر
إعلان موت الحب,https://nahdetmisrbookstore.com/ar/c010906120006p,50,35,In Stock,دار نهضة مصر
الفار فى الصاعد,https://nahdetmisrbookstore.com/ar/c010906120022p,120,84,In Stock,دار نهضة مصر
كتاب الزمان,https://nahdetmisrbookstore.com/ar/c010906120043p,50,35,In Stock,دار نهضة مصر
الأسد و الناموسة,https://nahdetmisrbookstore.com/ar/c01090620002p,100,70,In Stock,دار نهضة مصر
يحكى أن الأمير الخائف,https://nahdetmisrbookstore.com/ar/c01090620003p,125,88,In Stock,دار نهضة مصر
صندوق الدواء الخطأ,https://nahdetmisrbookstore.com/ar/c01090620008p,35,24,In Stock,دار نهضة مصر
العصفورة و الحمار,https://nahdetmisrbookstore.com/ar/c01090620015p,100,70,In Stock,دار نهضة مصر
الكنز,https://nahdetmisrbookstore.com/ar/c01090620017p,100,70,In Stock,دار نهضة مصر
أنا و جدى و الفوازير,https://nahdetmisrbookstore.com/ar/c01090620024p,,,Out of Stock,دار نهضة مصر
إيمحوتب,https://nahdetmisrbookstore.com/ar/c01090620025p,530,371,In Stock,دار نهضة مصر
أين أمى,https://nahdetmisrbookstore.com/ar/c01090620026p,100,70,In Stock,دار نهضة مصر
حكايات من دراو,https://nahdetmisrbookstore.com/ar/c01090620031p,190,133,In Stock,دار نهضة مصر
حلم جديد,https://nahdetmisrbookstore.com/ar/c01090620032p,180,126,In Stock,دار نهضة مصر
سيكا و موكا,https://nahdetmisrbookstore.com/ar/c01090620037p,170,119,In Stock,دار نهضة مصر
مغامراتى فى وادى الملوك,https://nahdetmisrbookstore.com/ar/c01090620041p,550,385,In Stock,دار نهضة مصر
مومياوات الفراعنة,https://nahdetmisrbookstore.com/ar/c01090620042p,155,108,In Stock,دار نهضة مصر
الماء و الأذكياء,https://nahdetmisrbookstore.com/ar/c01090620045p,200,140,In Stock,دار نهضة مصر
أريد أن ألعب,https://nahdetmisrbookstore.com/ar/c01090620058p,110,77,In Stock,دار نهضة مصر
المقامات السعدنيةالمصرية,https://nahdetmisrbookstore.com/ar/c010907110030p,50,35,In Stock,دار نهضة مصر
يوميات العقاد 3,https://nahdetmisrbookstore.com/ar/c010907110085p,100,70,In Stock,دار نهضة مصر
العاشق و المعشوق,https://nahdetmisrbookstore.com/ar/c010907120025p,30,21,In Stock,دار نهضة مصر
الموت فى قميص النوم,https://nahdetmisrbookstore.com/ar/c010907120031p,30,21,In Stock,دار نهضة مصر
الهمجى,https://nahdetmisrbookstore.com/ar/c010907120032p,50,35,In Stock,دار نهضة مصر
أنت حر,https://nahdetmisrbookstore.com/ar/c010907120037p,50,35,In Stock,دار نهضة مصر
أهلا يا بكوات,https://nahdetmisrbookstore.com/ar/c010907120040p,50,35,In Stock,دار نهضة مصر
تعال معى إلى الكونسبير,https://nahdetmisrbookstore.com/ar/c010907120043p,50,35,In Stock,دار نهضة مصر
عشق الكلمة,https://nahdetmisrbookstore.com/ar/c010907120057p,65,46,In Stock,دار نهضة مصر
عندما تثور النساء,https://nahdetmisrbookstore.com/ar/c010907120059p,30,21,In Stock,دار نهضة مصر
فلة مشمش لولو,https://nahdetmisrbookstore.com/ar/c010907120063p,50,35,In Stock,دار نهضة مصر
فى محراب الفن,https://nahdetmisrbookstore.com/ar/c010907120064p,65,46,In Stock,دار نهضة مصر
قنديل أم هاشم,https://nahdetmisrbookstore.com/ar/c010907120067p,195,136,In Stock,دار نهضة مصر
معارك أدبية,https://nahdetmisrbookstore.com/ar/c010907120077p,,,Out of Stock,دار نهضة مصر
نساء بلا شاطىء,https://nahdetmisrbookstore.com/ar/c010907120080p,50,35,In Stock,دار نهضة مصر
وجهة نظر,https://nahdetmisrbookstore.com/ar/c010907120082p,50,35,In Stock,دار نهضة مصر
وداعاً يا بكوات,https://nahdetmisrbookstore.com/ar/c010907120083p,50,35,In Stock,دار نهضة مصر
إيزيس و بناتها,https://nahdetmisrbookstore.com/ar/c01090720001p,,,Out of Stock,دار نهضة مصر
أوراق قديمة,https://nahdetmisrbookstore.com/ar/c01090720007p,180,126,In Stock,دار نهضة مصر
أصدقاء الشجرة الخضراء,https://nahdetmisrbookstore.com/ar/c01090720008p,150,105,In Stock,دار نهضة مصر
السمكة الفضية,https://nahdetmisrbookstore.com/ar/c01090820006p,180,126,In Stock,دار نهضة مصر
أسمى حنفى,https://nahdetmisrbookstore.com/ar/c010909120001p,30,21,In Stock,دار نهضة مصر
البيت و النخلة,https://nahdetmisrbookstore.com/ar/c01090920002p,210,147,In Stock,دار نهضة مصر
رانمارو و السر الدفين,https://nahdetmisrbookstore.com/ar/c01090920012p,,,Out of Stock,دار نهضة مصر
سر ملكة الملوك,https://nahdetmisrbookstore.com/ar/c01090920013p,450,315,In Stock,دار نهضة مصر
عيون بسمة,https://nahdetmisrbookstore.com/ar/c01090920016p,100,70,In Stock,دار نهضة مصر
معنى الكلام,https://nahdetmisrbookstore.com/ar/c010910120010p,155,108,In Stock,دار نهضة مصر
حنين,https://nahdetmisrbookstore.com/ar/c01091020006p,,,Out of Stock,دار نهضة مصر
رسالة من نور,https://nahdetmisrbookstore.com/ar/c01091020007p,,,Out of Stock,دار نهضة مصر
صبح في بلاد القبح,https://nahdetmisrbookstore.com/ar/c01091020008p,,,Out of Stock,دار نهضة مصر
حول العالم فى 200 يوم,https://nahdetmisrbookstore.com/ar/c010911110007p,350,245,In Stock,دار نهضة مصر
أرواح و أشباح,https://nahdetmisrbookstore.com/ar/c010911120001p,130,91,In Stock,دار نهضة مصر
الذين عادوا إلى السماء,https://nahdetmisrbookstore.com/ar/c010911120004p,100,70,In Stock,دار نهضة مصر
الذين هبطوا من السماء,https://nahdetmisrbookstore.com/ar/c010911120005p,100,70,In Stock,دار نهضة مصر
طيرى يا طيارة,https://nahdetmisrbookstore.com/ar/c01091120001p,290,203,In Stock,دار نهضة مصر
من سيرة المماليك,https://nahdetmisrbookstore.com/ar/c010912120042p,150,105,In Stock,دار نهضة مصر
أبناء فى العاصفة,https://nahdetmisrbookstore.com/ar/c01091220001p,85,60,In Stock,دار نهضة مصر
Galaxy OF Light,https://nahdetmisrbookstore.com/ar/c010913110047p,70,49,In Stock,دار نهضة مصر
أجوان,https://nahdetmisrbookstore.com/ar/c010913120001p,,,Out of Stock,دار نهضة مصر
الحياة ليست دائماً وردية,https://nahdetmisrbookstore.com/ar/c010913120009p,,,Out of Stock,دار نهضة مصر
الزينى بركات,https://nahdetmisrbookstore.com/ar/c010913120011p,200,140,In Stock,دار نهضة مصر
السجين,https://nahdetmisrbookstore.com/ar/c010913120012p,85,60,In Stock,دار نهضة مصر
الصعود إلى الهاوية,https://nahdetmisrbookstore.com/ar/c010913120013p,180,126,In Stock,دار نهضة مصر
إيموشن ابتسامة,https://nahdetmisrbookstore.com/ar/c010913120018p,50,35,In Stock,دار نهضة مصر
بعد الوقت,https://nahdetmisrbookstore.com/ar/c010913120021p,85,60,In Stock,دار نهضة مصر
تجليات مصرية,https://nahdetmisrbookstore.com/ar/c010913120023p,200,140,In Stock,دار نهضة مصر
حقائب أبى,https://nahdetmisrbookstore.com/ar/c010913120027p,50,35,In Stock,دار نهضة مصر
دموع فى عيون وقحة,https://nahdetmisrbookstore.com/ar/c010913120030p,140,98,In Stock,دار نهضة مصر
مجرة النور,https://nahdetmisrbookstore.com/ar/c010913120031p,50,35,In Stock,دار نهضة مصر
زمكان,https://nahdetmisrbookstore.com/ar/c010913120032p,85,60,In Stock,دار نهضة مصر
فتاة هايدلبرج الامريكية,https://nahdetmisrbookstore.com/ar/c010913120038p,60,42,In Stock,دار نهضة مصر
قليل الرباية,https://nahdetmisrbookstore.com/ar/c010913120043p,30,21,In Stock,دار نهضة مصر
محدش شاف وطن,https://nahdetmisrbookstore.com/ar/c010913120048p,50,35,In Stock,دار نهضة مصر
التسويق الاجتماعى و السياسى,https://nahdetmisrbookstore.com/ar/c010913120050p,120,84,In Stock,دار نهضة مصر
نوستالجيا,https://nahdetmisrbookstore.com/ar/c010913120052p,50,35,In Stock,دار نهضة مصر
وقائع حارة الزعفرانى,https://nahdetmisrbookstore.com/ar/c010913120054p,200,140,In Stock,دار نهضة مصر
الملك الحكيم,https://nahdetmisrbookstore.com/ar/c01091320007p,100,70,In Stock,دار نهضة مصر
حازم و القلوب الخضراء,https://nahdetmisrbookstore.com/ar/c01091320014p,180,126,In Stock,دار نهضة مصر
طريقتك الخاصة,https://nahdetmisrbookstore.com/ar/c01091320017p,200,140,In Stock,دار نهضة مصر
عود السنابل,https://nahdetmisrbookstore.com/ar/c01091320018p,210,147,In Stock,دار نهضة مصر
مدينة الأشقياء,https://nahdetmisrbookstore.com/ar/c01091320022p,65,46,In Stock,دار نهضة مصر
حارة على أبو حمد,https://nahdetmisrbookstore.com/ar/c010914110059p,30,21,In Stock,دار نهضة مصر
5 هلفطة عن الأحوال الملخبطة,https://nahdetmisrbookstore.com/ar/c010914120004p,65,46,In Stock,دار نهضة مصر
كتب للشباب 100 % قطن,https://nahdetmisrbookstore.com/ar/c010914120005p,30,21,In Stock,دار نهضة مصر
أجيال من بعدنا,https://nahdetmisrbookstore.com/ar/c010914120007p,70,49,In Stock,دار نهضة مصر
أكثر من رأى,https://nahdetmisrbookstore.com/ar/c010914120013p,105,74,In Stock,دار نهضة مصر
أظافرها الطويلة,https://nahdetmisrbookstore.com/ar/c010914120016p,,,Out of Stock,دار نهضة مصر
البحار مندى,https://nahdetmisrbookstore.com/ar/c010914120018p,120,84,In Stock,دار نهضة مصر
الخوف,https://nahdetmisrbookstore.com/ar/c010914120021p,130,91,In Stock,دار نهضة مصر
الذى خرج و لم يعد,https://nahdetmisrbookstore.com/ar/c010914120022p,75,52,In Stock,دار نهضة مصر
الزويل,https://nahdetmisrbookstore.com/ar/c010914120024p,,,Out of Stock,دار نهضة مصر
الشعار الرجيم,https://nahdetmisrbookstore.com/ar/c010914120025p,85,60,In Stock,دار نهضة مصر
العصافير لا يملكها أحد,https://nahdetmisrbookstore.com/ar/c010914120030p,50,35,In Stock,دار نهضة مصر
الكداب,https://nahdetmisrbookstore.com/ar/c010914120032p,85,60,In Stock,دار نهضة مصر
اللعب غريزة منظمة,https://nahdetmisrbookstore.com/ar/c010914120033p,75,52,In Stock,دار نهضة مصر
النائمة,https://nahdetmisrbookstore.com/ar/c010914120038p,85,60,In Stock,دار نهضة مصر
الوشم,https://nahdetmisrbookstore.com/ar/c010914120040p,145,102,In Stock,دار نهضة مصر
أول سنة جواز,https://nahdetmisrbookstore.com/ar/c010914120043p,50,35,In Stock,دار نهضة مصر
بيلسان,https://nahdetmisrbookstore.com/ar/c010914120047p,60,42,In Stock,دار نهضة مصر
ترجمان الملك,https://nahdetmisrbookstore.com/ar/c010914120050p,,,Out of Stock,دار نهضة مصر
تكلم حتى أراك,https://nahdetmisrbookstore.com/ar/c010914120053p,,,Out of Stock,دار نهضة مصر
تيستروجين,https://nahdetmisrbookstore.com/ar/c010914120054p,90,63,In Stock,دار نهضة مصر
جنة النار,https://nahdetmisrbookstore.com/ar/c010914120057p,105,74,In Stock,دار نهضة مصر
حالة حب موسمية,https://nahdetmisrbookstore.com/ar/c010914120060p,50,35,In Stock,دار نهضة مصر
حكايات الخبيئة,https://nahdetmisrbookstore.com/ar/c010914120062p,90,63,In Stock,دار نهضة مصر
حكايات المؤسسة,https://nahdetmisrbookstore.com/ar/c010914120063p,90,63,In Stock,دار نهضة مصر
حكايات هائمة,https://nahdetmisrbookstore.com/ar/c010914120064p,295,206,In Stock,دار نهضة مصر
حكاية رجل عجوز,https://nahdetmisrbookstore.com/ar/c010914120065p,30,21,In Stock,دار نهضة مصر
خطاب إلى رجل ميت,https://nahdetmisrbookstore.com/ar/c010914120069p,85,60,In Stock,دار نهضة مصر
ذهب و زجاج,https://nahdetmisrbookstore.com/ar/c010914120072p,30,21,In Stock,دار نهضة مصر
لقاء فى واحة الحنين,https://nahdetmisrbookstore.com/ar/c010914120077p,50,35,In Stock,دار نهضة مصر
ملك ( سفر الخطية ),https://nahdetmisrbookstore.com/ar/c010914120078p,85,60,In Stock,دار نهضة مصر
هاتف المغيب,https://nahdetmisrbookstore.com/ar/c010914120079p,,,Out of Stock,دار نهضة مصر
زقاق السيد البلطى,https://nahdetmisrbookstore.com/ar/c010914120081p,110,77,In Stock,دار نهضة مصر
صاحب مقام,https://nahdetmisrbookstore.com/ar/c010914120087p,30,21,In Stock,دار نهضة مصر
عجائز قاعدون على الدكك,https://nahdetmisrbookstore.com/ar/c010914120089p,30,21,In Stock,دار نهضة مصر
عنبر 77,https://nahdetmisrbookstore.com/ar/c010914120093p,60,42,In Stock,دار نهضة مصر
فرق توقــيت,https://nahdetmisrbookstore.com/ar/c010914120095p,,,Out of Stock,دار نهضة مصر
فى إنتظار المعجزة,https://nahdetmisrbookstore.com/ar/c010914120096p,,,Out of Stock,دار نهضة مصر
قلبك يوجعنى,https://nahdetmisrbookstore.com/ar/c010914120101p,75,52,In Stock,دار نهضة مصر
كتاب الحكايات,https://nahdetmisrbookstore.com/ar/c010914120102p,,,Out of Stock,دار نهضة مصر
كتالوج شندلر,https://nahdetmisrbookstore.com/ar/c010914120103p,50,35,In Stock,دار نهضة مصر
كل شىء مباح فى بيروت,https://nahdetmisrbookstore.com/ar/c010914120105p,90,63,In Stock,دار نهضة مصر
كوابيس سعيدة,https://nahdetmisrbookstore.com/ar/c010914120107p,65,46,In Stock,دار نهضة مصر
ليلة فى بطن الحوت,https://nahdetmisrbookstore.com/ar/c010914120110p,,,Out of Stock,دار نهضة مصر
مقاصد الأسفار,https://nahdetmisrbookstore.com/ar/c010914120119p,145,102,In Stock,دار نهضة مصر
مملكة من عصير التفاح,https://nahdetmisrbookstore.com/ar/c010914120120p,50,35,In Stock,دار نهضة مصر
نحن وهم,https://nahdetmisrbookstore.com/ar/c010914120124p,30,21,In Stock,دار نهضة مصر
نساء فى قطار الجاسوسية,https://nahdetmisrbookstore.com/ar/c010914120126p,110,77,In Stock,دار نهضة مصر
همسات مصرية,https://nahdetmisrbookstore.com/ar/c010914120128p,150,105,In Stock,دار نهضة مصر
هوى الخمسين,https://nahdetmisrbookstore.com/ar/c010914120129p,50,35,In Stock,دار نهضة مصر
و الله زمان يا حب,https://nahdetmisrbookstore.com/ar/c010914120131p,75,52,In Stock,دار نهضة مصر
أنشودة العودة,https://nahdetmisrbookstore.com/ar/c01091420002p,180,126,In Stock,دار نهضة مصر
بستان الغضب,https://nahdetmisrbookstore.com/ar/c01091420003p,220,154,In Stock,دار نهضة مصر
تسامح شجرة صغيرة,https://nahdetmisrbookstore.com/ar/c01091420004p,190,133,In Stock,دار نهضة مصر
ثورة العصافير,https://nahdetmisrbookstore.com/ar/c01091420006p,,,Out of Stock,دار نهضة مصر
رحلات السندباد البحرى,https://nahdetmisrbookstore.com/ar/c01091420015p,,,Out of Stock,دار نهضة مصر
صانع الأحلام,https://nahdetmisrbookstore.com/ar/c01091420018p,130,91,In Stock,دار نهضة مصر
فى جيبى قلعة و معبد,https://nahdetmisrbookstore.com/ar/c01091420021p,450,315,In Stock,دار نهضة مصر
ليلة النار,https://nahdetmisrbookstore.com/ar/c01091420023p,150,105,In Stock,دار نهضة مصر
مملكة الكلام,https://nahdetmisrbookstore.com/ar/c01091420024p,220,154,In Stock,دار نهضة مصر
ناعسة,https://nahdetmisrbookstore.com/ar/c01091420026p,60,42,In Stock,دار نهضة مصر
يوسف و البالونة السحرية,https://nahdetmisrbookstore.com/ar/c01091420027p,100,70,In Stock,دار نهضة مصر
قاتلة باردة الأعصاب,https://nahdetmisrbookstore.com/ar/c010915120001p,110,77,In Stock,دار نهضة مصر
السير فوق خيوط العنكبوت,https://nahdetmisrbookstore.com/ar/c010915120003p,85,60,In Stock,دار نهضة مصر
المجالس المحفوظية,https://nahdetmisrbookstore.com/ar/c010915120006p,130,91,In Stock,دار نهضة مصر
أبو فيس,https://nahdetmisrbookstore.com/ar/c010915120007p,90,63,In Stock,دار نهضة مصر
باب رزق,https://nahdetmisrbookstore.com/ar/c010915120008p,95,66,In Stock,دار نهضة مصر
تراب السكة,https://nahdetmisrbookstore.com/ar/c010915120010p,180,126,In Stock,دار نهضة مصر
رحلات السندباد البرى,https://nahdetmisrbookstore.com/ar/c010915120013p,110,77,In Stock,دار نهضة مصر
رسالة البصائر فى المصائر,https://nahdetmisrbookstore.com/ar/c010915120014p,95,66,In Stock,دار نهضة مصر
سيكتوريوم,https://nahdetmisrbookstore.com/ar/c010915120016p,,,Out of Stock,دار نهضة مصر
شواطئ الرحيل,https://nahdetmisrbookstore.com/ar/c010915120017p,145,102,In Stock,دار نهضة مصر
عطية و موسولينى,https://nahdetmisrbookstore.com/ar/c010915120020p,85,60,In Stock,دار نهضة مصر
من دفتر العشق و الغربة,https://nahdetmisrbookstore.com/ar/c010915120023p,110,77,In Stock,دار نهضة مصر
نص حالة,https://nahdetmisrbookstore.com/ar/c010915120024p,60,42,In Stock,دار نهضة مصر
يمـــام,https://nahdetmisrbookstore.com/ar/c010915120025p,50,35,In Stock,دار نهضة مصر
علبة قطيفة حمراء,https://nahdetmisrbookstore.com/ar/c01091520007p,75,52,In Stock,دار نهضة مصر
و خرجت من الشرنقة,https://nahdetmisrbookstore.com/ar/c01091520016p,,,Out of Stock,دار نهضة مصر
قاب قوسين من الياسمين,https://nahdetmisrbookstore.com/ar/c010916120008p,90,63,In Stock,دار نهضة مصر
لحظات,https://nahdetmisrbookstore.com/ar/c010916120011p,65,46,In Stock,دار نهضة مصر
فصام,https://nahdetmisrbookstore.com/ar/c010916120083p,50,35,In Stock,دار نهضة مصر
التاريخ أنياب وأظافر,https://nahdetmisrbookstore.com/ar/c010916120494p,65,46,In Stock,دار نهضة مصر
الدليل,https://nahdetmisrbookstore.com/ar/c01091620004p,85,60,In Stock,دار نهضة مصر
كيف تشعر بالسعادة,https://nahdetmisrbookstore.com/ar/c010916220006p,65,46,In Stock,دار نهضة مصر
برفقة أحمد سعيد,https://nahdetmisrbookstore.com/ar/c010916220082p,55,38,In Stock,دار نهضة مصر
قرينة القلب,https://nahdetmisrbookstore.com/ar/c010917120001p,95,66,In Stock,دار نهضة مصر
جهينة توقع الا تتوقع,https://nahdetmisrbookstore.com/ar/c010917120054p,90,63,In Stock,دار نهضة مصر
للخلف در .. بين الدين و السياسة,https://nahdetmisrbookstore.com/ar/c010917120064p,95,66,In Stock,دار نهضة مصر
أسيل,https://nahdetmisrbookstore.com/ar/c010917120067p,150,105,In Stock,دار نهضة مصر
ماذا ترى,https://nahdetmisrbookstore.com/ar/c010917210035p,95,66,In Stock,دار نهضة مصر
صراخ خلف الابواب,https://nahdetmisrbookstore.com/ar/c010917220002p,105,74,In Stock,دار نهضة مصر
ميمون راعى العشب,https://nahdetmisrbookstore.com/ar/c010917220004p,100,70,In Stock,دار نهضة مصر
سيكون لى أصدقاء,https://nahdetmisrbookstore.com/ar/c010917220039p,,,Out of Stock,دار نهضة مصر
فك شفرة,https://nahdetmisrbookstore.com/ar/c010917220078p,250,175,In Stock,دار نهضة مصر
الآنسة كاف,https://nahdetmisrbookstore.com/ar/c010918120072p,240,168,In Stock,دار نهضة مصر
لا,https://nahdetmisrbookstore.com/ar/c010918120073p,240,168,In Stock,دار نهضة مصر
سنة أولى حب,https://nahdetmisrbookstore.com/ar/c010918120074p,240,168,In Stock,دار نهضة مصر
صاحب الجلالة الحب,https://nahdetmisrbookstore.com/ar/c010918120075p,240,168,In Stock,دار نهضة مصر
الآنسة هيام,https://nahdetmisrbookstore.com/ar/c010918120076p,240,168,In Stock,دار نهضة مصر
منك ليها .. يوميات زوج تمانيناتى مطحون,https://nahdetmisrbookstore.com/ar/c010918120084p,65,46,In Stock,دار نهضة مصر
"السائرون "" رواية """,https://nahdetmisrbookstore.com/ar/c010918120085p,95,66,In Stock,دار نهضة مصر
زجزاج رواية,https://nahdetmisrbookstore.com/ar/c010918120087p,90,63,In Stock,دار نهضة مصر
إقتحام,https://nahdetmisrbookstore.com/ar/c010918120090p,65,46,In Stock,دار نهضة مصر
زى ما بقول لك كده ج2,https://nahdetmisrbookstore.com/ar/c010918120093p,325,228,In Stock,دار نهضة مصر
يراعات طاغور,https://nahdetmisrbookstore.com/ar/c010918120096p,50,35,In Stock,دار نهضة مصر
الإسلام فى وجه الزحف الأحمر,https://nahdetmisrbookstore.com/ar/c010918120175p,,,Out of Stock,دار نهضة مصر
أين نبنى العش,https://nahdetmisrbookstore.com/ar/c010918210107p,120,84,In Stock,دار نهضة مصر
ثوب العيد,https://nahdetmisrbookstore.com/ar/c010918210109p,190,133,In Stock,دار نهضة مصر
مفتاح الحياة,https://nahdetmisrbookstore.com/ar/c010918220098p,100,70,In Stock,دار نهضة مصر
أين نبنى العش,https://nahdetmisrbookstore.com/ar/c010918220106p,110,77,In Stock,دار نهضة مصر
لن ترحلي,https://nahdetmisrbookstore.com/ar/c010918220187p,190,133,In Stock,دار نهضة مصر
الدائرة الحائرة,https://nahdetmisrbookstore.com/ar/c010918220193p,210,147,In Stock,دار نهضة مصر
افرد ظهرك وارفع راسك,https://nahdetmisrbookstore.com/ar/c010918220198p,,,Out of Stock,دار نهضة مصر
فى صحبة جدتى,https://nahdetmisrbookstore.com/ar/c010918220199p,75,52,In Stock,دار نهضة مصر
من وحى الرسالة حديثة,https://nahdetmisrbookstore.com/ar/c010919110203p,,,Out of Stock,دار نهضة مصر
الكاشف رواية,https://nahdetmisrbookstore.com/ar/c010919120190p,105,74,In Stock,دار نهضة مصر
ظل التفاحة رواية,https://nahdetmisrbookstore.com/ar/c010919120191p,85,60,In Stock,دار نهضة مصر
ساعة شيطان رواية,https://nahdetmisrbookstore.com/ar/c010919120192p,95,66,In Stock,دار نهضة مصر
صوفى العاشق المجذوب,https://nahdetmisrbookstore.com/ar/c010919120216p,95,66,In Stock,دار نهضة مصر
نهارك سعيد يومك بيضحك,https://nahdetmisrbookstore.com/ar/c010919120218p,180,126,In Stock,دار نهضة مصر
بتاجونيا,https://nahdetmisrbookstore.com/ar/c010919120219p,130,91,In Stock,دار نهضة مصر
أخبار سارة,https://nahdetmisrbookstore.com/ar/c010919120221p,130,91,In Stock,دار نهضة مصر
أعجبنى هؤلاء,https://nahdetmisrbookstore.com/ar/c010919120225p,210,147,In Stock,دار نهضة مصر
صلاة لأجل مارلين مونرو,https://nahdetmisrbookstore.com/ar/c010919120226p,90,63,In Stock,دار نهضة مصر
كاريوكا,https://nahdetmisrbookstore.com/ar/c010919120227p,190,133,In Stock,دار نهضة مصر
لمسة البعث مسرحية شعرية,https://nahdetmisrbookstore.com/ar/c010919120230p,105,74,In Stock,دار نهضة مصر
جهينة الجزء الثانى,https://nahdetmisrbookstore.com/ar/c010919120236p,175,122,In Stock,دار نهضة مصر
جهينة الجزء الثالث,https://nahdetmisrbookstore.com/ar/c010919120237p,150,105,In Stock,دار نهضة مصر
رأفت الهجان رواية,https://nahdetmisrbookstore.com/ar/c010919120241p,240,168,In Stock,دار نهضة مصر
رواية الحفار,https://nahdetmisrbookstore.com/ar/c010919120242p,270,189,In Stock,دار نهضة مصر
الخروج من الأرض السودة رواية,https://nahdetmisrbookstore.com/ar/c010919120243p,135,94,In Stock,دار نهضة مصر
عالم اليقين,https://nahdetmisrbookstore.com/ar/c010919120265p,360,252,In Stock,دار نهضة مصر
المشجع الوحيد,https://nahdetmisrbookstore.com/ar/c010919120266p,90,63,In Stock,دار نهضة مصر
"جهينة "" الجزء الأول""",https://nahdetmisrbookstore.com/ar/c010919120282p,120,84,In Stock,دار نهضة مصر
مائة نصيحة ونصيحة,https://nahdetmisrbookstore.com/ar/c010919120303p,105,74,In Stock,دار نهضة مصر
حذاء فيلليني,https://nahdetmisrbookstore.com/ar/c010919120320p,160,112,In Stock,دار نهضة مصر
خطابات سرية,https://nahdetmisrbookstore.com/ar/c010919220200p,190,133,In Stock,دار نهضة مصر
أبيض واسود,https://nahdetmisrbookstore.com/ar/c010919220238p,195,136,In Stock,دار نهضة مصر
الكتاب النونو,https://nahdetmisrbookstore.com/ar/c010919220246p,95,66,In Stock,دار نهضة مصر
لؤلؤة من السماء,https://nahdetmisrbookstore.com/ar/c010919220247p,115,80,In Stock,دار نهضة مصر
هروب صغير رواية لليافعين,https://nahdetmisrbookstore.com/ar/c010919220371p,250,175,In Stock,دار نهضة مصر
الحافلة الحمراء,https://nahdetmisrbookstore.com/ar/c010919220372p,75,52,In Stock,دار نهضة مصر
من يعيد الدفء للمدينة,https://nahdetmisrbookstore.com/ar/c010919220373p,100,70,In Stock,دار نهضة مصر
فوق فى السماء,https://nahdetmisrbookstore.com/ar/c010919220374p,100,70,In Stock,دار نهضة مصر
رافعة الأثقال,https://nahdetmisrbookstore.com/ar/c010919220375p,105,74,In Stock,دار نهضة مصر
توته,https://nahdetmisrbookstore.com/ar/c010919220376p,190,133,In Stock,دار نهضة مصر
حقيبة ولون و وطن,https://nahdetmisrbookstore.com/ar/c010919220377p,195,136,In Stock,دار نهضة مصر
رجال من ورق ونساء من حلوى,https://nahdetmisrbookstore.com/ar/c010920120419p,110,77,In Stock,دار نهضة مصر
تفاصيل بسيطة,https://nahdetmisrbookstore.com/ar/c010920120424p,105,74,In Stock,دار نهضة مصر
بركان الصمت,https://nahdetmisrbookstore.com/ar/c010920120445p,150,105,In Stock,دار نهضة مصر
انتهى زمن الفرص الضائعة,https://nahdetmisrbookstore.com/ar/c010920120495p,145,102,In Stock,دار نهضة مصر
أين الابتسامة الحلوة,https://nahdetmisrbookstore.com/ar/c010920220400p,,,Out of Stock,دار نهضة مصر
حكايات أميرة,https://nahdetmisrbookstore.com/ar/c010920220429p,175,122,In Stock,دار نهضة مصر
يوسف إدريس الأعمال القصصية الكاملة ج1,https://nahdetmisrbookstore.com/ar/c010921110501p,550,385,In Stock,دار نهضة مصر
يوسف إدريس الأعمال الروائية الكاملة,https://nahdetmisrbookstore.com/ar/c010921110502p,550,385,In Stock,دار نهضة مصر
يوسف إدريس الأعمال القصصية الكاملة ج2,https://nahdetmisrbookstore.com/ar/c010921110519p,550,385,In Stock,دار نهضة مصر
مقهى ريش,https://nahdetmisrbookstore.com/ar/c010921110577p,420,294,In Stock,دار نهضة مصر
"الترجمان "" من يكتب السيناريو """,https://nahdetmisrbookstore.com/ar/c010921120449p,170,119,In Stock,دار نهضة مصر
فوضى المشاعر,https://nahdetmisrbookstore.com/ar/c010921120496p,85,60,In Stock,دار نهضة مصر
يحيى حقى ..الأعمال الكاملة,https://nahdetmisrbookstore.com/ar/c010921120524p,550,385,In Stock,دار نهضة مصر
حارة عليوة .. سابقا,https://nahdetmisrbookstore.com/ar/c010921120555p,95,66,In Stock,دار نهضة مصر
مرآة السيدة مو,https://nahdetmisrbookstore.com/ar/c010921120588p,100,70,In Stock,دار نهضة مصر
علمنى رسول الله -ج1,https://nahdetmisrbookstore.com/ar/c010921210590p,280,196,In Stock,دار نهضة مصر
"شياملا "" رواية لليافعين """,https://nahdetmisrbookstore.com/ar/c010921220450p,150,105,In Stock,دار نهضة مصر
لا نستطيع بعد,https://nahdetmisrbookstore.com/ar/c010921220453p,140,98,In Stock,دار نهضة مصر
لأجلها,https://nahdetmisrbookstore.com/ar/c010921220517p,300,210,In Stock,دار نهضة مصر
بلا .. بلا,https://nahdetmisrbookstore.com/ar/c010921220518p,100,70,In Stock,دار نهضة مصر
النافذة,https://nahdetmisrbookstore.com/ar/c010921220545p,180,126,In Stock,دار نهضة مصر
المتاهة,https://nahdetmisrbookstore.com/ar/c010921220546p,180,126,In Stock,دار نهضة مصر
من نافذة القطار,https://nahdetmisrbookstore.com/ar/c010921220564p,75,52,In Stock,دار نهضة مصر
غزل البنات,https://nahdetmisrbookstore.com/ar/c010921220565p,100,70,In Stock,دار نهضة مصر
الفتى هاه,https://nahdetmisrbookstore.com/ar/c010921220566p,70,49,In Stock,دار نهضة مصر
سر العناق,https://nahdetmisrbookstore.com/ar/c010921220575p,75,52,In Stock,دار نهضة مصر
الكرسى المجاور,https://nahdetmisrbookstore.com/ar/c010921220576p,170,119,In Stock,دار نهضة مصر
لبيروت,https://nahdetmisrbookstore.com/ar/c010922120586p,105,74,In Stock,دار نهضة مصر
لسه الحياة ممكنة,https://nahdetmisrbookstore.com/ar/c010922120600p,210,147,In Stock,دار نهضة مصر
رواية الحلوانى ثلاثية الفاطميين,https://nahdetmisrbookstore.com/ar/c010922120712p,475,332,In Stock,دار نهضة مصر
حياة وكريمة,https://nahdetmisrbookstore.com/ar/c010922220595p,75,52,In Stock,دار نهضة مصر
كرمة,https://nahdetmisrbookstore.com/ar/c010922220621p,280,196,In Stock,دار نهضة مصر
أنا محبوب,https://nahdetmisrbookstore.com/ar/c010922220624p,95,66,In Stock,دار نهضة مصر
لا يجوز البكاء,https://nahdetmisrbookstore.com/ar/c010922220642p,140,98,In Stock,دار نهضة مصر
من أخذ العربة,https://nahdetmisrbookstore.com/ar/c010922220659p,140,98,In Stock,دار نهضة مصر
فندق على النهر,https://nahdetmisrbookstore.com/ar/c010922220665p,350,245,In Stock,دار نهضة مصر
شيفرة منقار الصقر,https://nahdetmisrbookstore.com/ar/c010922220723p,265,186,In Stock,دار نهضة مصر
فى صالون العقاد,https://nahdetmisrbookstore.com/ar/c010923110733p,360,252,In Stock,دار نهضة مصر
الأعمال الروائية طه حسين,https://nahdetmisrbookstore.com/ar/c010923110831p,550,385,In Stock,دار نهضة مصر
الحلوانى ثلاثية الفاطميين,https://nahdetmisrbookstore.com/ar/c010923120715p-1752583655,,,Out of Stock,دار نهضة مصر
المساخيط,https://nahdetmisrbookstore.com/ar/c010923120717p,180,126,In Stock,دار نهضة مصر
"سبيل الغارق "" الطريق والبحر",https://nahdetmisrbookstore.com/ar/c010923120728p,400,280,In Stock,دار نهضة مصر
زى ما بقولك كده,https://nahdetmisrbookstore.com/ar/c010923120736p,325,228,In Stock,دار نهضة مصر
القطائع ثلاثية ابن طولون,https://nahdetmisrbookstore.com/ar/c010923120798p,475,332,In Stock,دار نهضة مصر
بائع الفستق,https://nahdetmisrbookstore.com/ar/c010923120806p,250,175,In Stock,دار نهضة مصر
الحب على الطريقة العربية,https://nahdetmisrbookstore.com/ar/c010923120807p,250,175,In Stock,دار نهضة مصر
د.هناء,https://nahdetmisrbookstore.com/ar/c010923120808p,250,175,In Stock,دار نهضة مصر
مرشد سياحي,https://nahdetmisrbookstore.com/ar/c010923120811p,250,175,In Stock,دار نهضة مصر
أشياء رائعة,https://nahdetmisrbookstore.com/ar/c010923120812p,250,175,In Stock,دار نهضة مصر
رواية دمعة على الموت الأول,https://nahdetmisrbookstore.com/ar/c010923120817p,200,140,In Stock,دار نهضة مصر
ماريو وأبو العباس,https://nahdetmisrbookstore.com/ar/c010923120833p,400,280,In Stock,دار نهضة مصر
قصة حجر,https://nahdetmisrbookstore.com/ar/c010923210814p,240,168,In Stock,دار نهضة مصر
أحلام شارع الخرنفش,https://nahdetmisrbookstore.com/ar/c010924120825p,205,144,In Stock,دار نهضة مصر
جراح,https://nahdetmisrbookstore.com/ar/c010924120895p,225,158,In Stock,دار نهضة مصر
صالون الحاتى وجيلاتي,https://nahdetmisrbookstore.com/ar/c010924120897p,210,147,In Stock,دار نهضة مصر
الغواص.. أبوحامد الغزالي,https://nahdetmisrbookstore.com/ar/c010924121049p,400,280,In Stock,دار نهضة مصر
إيزيس وازوريس,https://nahdetmisrbookstore.com/ar/c010924210857p,295,206,In Stock,دار نهضة مصر
لمن تعيش,https://nahdetmisrbookstore.com/ar/c010924210988p,315,220,In Stock,دار نهضة مصر
بئر عثمان بن عفان,https://nahdetmisrbookstore.com/ar/c010924211030p,315,220,In Stock,دار نهضة مصر
دار الأرقم بن أبي الأرقم,https://nahdetmisrbookstore.com/ar/c010924211032p,315,220,In Stock,دار نهضة مصر
فرس سراقة بن مالك,https://nahdetmisrbookstore.com/ar/c010924211036p,315,220,In Stock,دار نهضة مصر
ناقة حليمة,https://nahdetmisrbookstore.com/ar/c010924211038p,315,220,In Stock,دار نهضة مصر
نطاق أسماء بنت ابي بكر,https://nahdetmisrbookstore.com/ar/c010924211040p,315,220,In Stock,دار نهضة مصر
قلادة خديجة,https://nahdetmisrbookstore.com/ar/c010924211042p,315,220,In Stock,دار نهضة مصر
نور والسيد ظلام,https://nahdetmisrbookstore.com/ar/c010924220869p,85,60,In Stock,دار نهضة مصر
أهل كرم,https://nahdetmisrbookstore.com/ar/c010924220885p,210,147,In Stock,دار نهضة مصر
جدتي والديناصورات,https://nahdetmisrbookstore.com/ar/c010924220964p,410,287,In Stock,دار نهضة مصر
لماذا لا تزورنا العصافير,https://nahdetmisrbookstore.com/ar/c010924220970p,270,189,In Stock,دار نهضة مصر
الدارك ويب,https://nahdetmisrbookstore.com/ar/c010924220976p,250,175,In Stock,دار نهضة مصر
لا وزن لك,https://nahdetmisrbookstore.com/ar/c010924221051p,225,158,In Stock,دار نهضة مصر
لماذا لا تضحك المرآة,https://nahdetmisrbookstore.com/ar/c010924221159p,150,105,In Stock,دار نهضة مصر
إنسان عادى,https://nahdetmisrbookstore.com/ar/c010925120908p,180,126,In Stock,دار نهضة مصر
أوراق البنفسج.. وأوراق اخرى,https://nahdetmisrbookstore.com/ar/c010925121087p,605,424,In Stock,دار نهضة مصر
أصوات صامتة,https://nahdetmisrbookstore.com/ar/c010925121182p,170,119,In Stock,دار نهضة مصر
عالقون في الشبكة قصص ساخرة في زمن يحكمه الـ AI,https://nahdetmisrbookstore.com/ar/c010925121183p,295,206,In Stock,دار نهضة مصر
قرص بسكر,https://nahdetmisrbookstore.com/ar/c010925121186p,195,136,In Stock,دار نهضة مصر
رائحة البحر,https://nahdetmisrbookstore.com/ar/c010925121191p,250,175,In Stock,دار نهضة مصر
عزيزتى سيلين,https://nahdetmisrbookstore.com/ar/c010925121316p,265,186,In Stock,دار نهضة مصر
فى بيتنا لانكتب المذكرات,https://nahdetmisrbookstore.com/ar/c010925121317p,250,175,In Stock,دار نهضة مصر
بقلم فلاح مصري,https://nahdetmisrbookstore.com/ar/c010925211063p,190,133,In Stock,دار نهضة مصر
مازال هنا,https://nahdetmisrbookstore.com/ar/c010925211067p,190,133,In Stock,دار نهضة مصر
الحلم الذهبي,https://nahdetmisrbookstore.com/ar/c010925211069p,260,182,In Stock,دار نهضة مصر
في بيت الحياة,https://nahdetmisrbookstore.com/ar/c010925211071p,250,175,In Stock,دار نهضة مصر
لغز خنجر توت,https://nahdetmisrbookstore.com/ar/c010925211073p,240,168,In Stock,دار نهضة مصر
ملك من مصر,https://nahdetmisrbookstore.com/ar/c010925211075p,180,126,In Stock,دار نهضة مصر
الصولجان المفقود,https://nahdetmisrbookstore.com/ar/c010925211077p,280,196,In Stock,دار نهضة مصر
سندريلا وذات الوجنات الوردية,https://nahdetmisrbookstore.com/ar/c010925211081p,250,175,In Stock,دار نهضة مصر
The Mystery of Ancient Egypt,https://nahdetmisrbookstore.com/ar/c010925211123p,400,280,In Stock,دار نهضة مصر
Still Among Us,https://nahdetmisrbookstore.com/ar/c010925211125p,360,252,In Stock,دار نهضة مصر
The Words of an Ancient Egyptian Peasant,https://nahdetmisrbookstore.com/ar/c010925211126p,360,252,In Stock,دار نهضة مصر
الملاح الغريق,https://nahdetmisrbookstore.com/ar/c010925211163p,280,196,In Stock,دار نهضة مصر
The Golden Dream,https://nahdetmisrbookstore.com/ar/c010925211315p,370,259,In Stock,دار نهضة مصر
كومة التنين العملاقة,https://nahdetmisrbookstore.com/ar/c010925221094p,290,203,In Stock,دار نهضة مصر
الحظاظة,https://nahdetmisrbookstore.com/ar/c010925221102p,275,192,In Stock,دار نهضة مصر
الاسم الحركي نبضة,https://nahdetmisrbookstore.com/ar/c010925221132p,210,147,In Stock,دار نهضة مصر
من داخل البلورة اتكلم,https://nahdetmisrbookstore.com/ar/c010925221136p,175,122,In Stock,دار نهضة مصر
كميلو,https://nahdetmisrbookstore.com/ar/c010925221140p,335,234,In Stock,دار نهضة مصر
ثم أصبح اسمى طائرا,https://nahdetmisrbookstore.com/ar/c010925221142p,210,147,In Stock,دار نهضة مصر
بقعة,https://nahdetmisrbookstore.com/ar/c010925221144p,245,172,In Stock,دار نهضة مصر
بطل الأطلس,https://nahdetmisrbookstore.com/ar/c010925221146p,285,200,In Stock,دار نهضة مصر
الوحش خلف المرآة,https://nahdetmisrbookstore.com/ar/c010925221148p,,,Out of Stock,دار نهضة مصر
أوراق حبيبة,https://nahdetmisrbookstore.com/ar/c010925221165p,420,294,In Stock,دار نهضة مصر
خواطر شعرية,https://nahdetmisrbookstore.com/ar/c010926121386p,145,102,In Stock,دار نهضة مصر
ظلال,https://nahdetmisrbookstore.com/ar/c010926221371p,310,217,In Stock,دار نهضة مصر
حدث غير مألوف,https://nahdetmisrbookstore.com/ar/c010926221388p,160,112,In Stock,دار نهضة مصر
النقد الادبى الحديث,https://nahdetmisrbookstore.com/ar/c010938110106p,,,Out of Stock,دار نهضة مصر
ضمائر تائهة,https://nahdetmisrbookstore.com/ar/c010938110639p,50,35,In Stock,دار نهضة مصر
جحا الضحاك والمضحك,https://nahdetmisrbookstore.com/ar/c010938120048p,100,70,In Stock,دار نهضة مصر
خلاصة اليومية والشذور,https://nahdetmisrbookstore.com/ar/c010938120055p,,,Out of Stock,دار نهضة مصر
ساعات بين الكتب,https://nahdetmisrbookstore.com/ar/c010938120095p,210,147,In Stock,دار نهضة مصر
الشعر المصرى بعد شوقى ج1,https://nahdetmisrbookstore.com/ar/c010938120108p,50,35,In Stock,دار نهضة مصر
الشعر المصرى بعد شوقى ج2,https://nahdetmisrbookstore.com/ar/c010938120109p,50,35,In Stock,دار نهضة مصر
الشعر المصرى بعد شوقى ج3,https://nahdetmisrbookstore.com/ar/c010938120110p,50,35,In Stock,دار نهضة مصر
النقد والنقاد المعاصرون,https://nahdetmisrbookstore.com/ar/c010938120111p,65,46,In Stock,دار نهضة مصر
الحرام,https://nahdetmisrbookstore.com/ar/c010938120134p,,,Out of Stock,دار نهضة مصر
منهل الصفا,https://nahdetmisrbookstore.com/ar/c010938120611p,30,21,In Stock,دار نهضة مصر
قالوا,https://nahdetmisrbookstore.com/ar/c010938120655p,95,66,In Stock,دار نهضة مصر
حياة قلم,https://nahdetmisrbookstore.com/ar/c010938130052p,100,70,In Stock,دار نهضة مصر
سارة,https://nahdetmisrbookstore.com/ar/c010938130657p,100,70,In Stock,دار نهضة مصر
أثر العرب فى الحضارة,https://nahdetmisrbookstore.com/ar/c010938130658p,100,70,In Stock,دار نهضة مصر
السلطان نبهان يطلب احسان,https://nahdetmisrbookstore.com/ar/c010938210177p,100,70,In Stock,دار نهضة مصر
السلطان نبهان يطلب احسان E,https://nahdetmisrbookstore.com/ar/c010938210178p,105,74,In Stock,دار نهضة مصر
حكايات من دراو,https://nahdetmisrbookstore.com/ar/c010938210181p,200,140,In Stock,دار نهضة مصر
أشياء فى حياة الأنبياء,https://nahdetmisrbookstore.com/ar/c010938210189p,360,252,In Stock,دار نهضة مصر
وظيفة لماما,https://nahdetmisrbookstore.com/ar/c010938210446p,110,77,In Stock,دار نهضة مصر
هنونة و جدتها سونة ج1,https://nahdetmisrbookstore.com/ar/c010938210683p,55,38,In Stock,دار نهضة مصر
جمال . صخور . جبال . طيور حجم كبير,https://nahdetmisrbookstore.com/ar/c010938240184p,200,140,In Stock,دار نهضة مصر
الدعابة فى المجتمع المصرى,https://nahdetmisrbookstore.com/ar/c010999110038p,50,35,In Stock,دار نهضة مصر
المسرح,https://nahdetmisrbookstore.com/ar/c010999110165p,,,Out of Stock,دار نهضة مصر
الأوذيسة,https://nahdetmisrbookstore.com/ar/c010999120048p,30,21,In Stock,دار نهضة مصر
الأداب العربية فى القارة الهندية,https://nahdetmisrbookstore.com/ar/c010999120051p,50,35,In Stock,دار نهضة مصر
الحب و الصداقة و الزمالة,https://nahdetmisrbookstore.com/ar/c010999120072p,50,35,In Stock,دار نهضة مصر
الرومانتيكية,https://nahdetmisrbookstore.com/ar/c010999120102p,50,35,In Stock,دار نهضة مصر
الشهوة و الوجدان,https://nahdetmisrbookstore.com/ar/c010999120117p,50,35,In Stock,دار نهضة مصر
القلب البرىء,https://nahdetmisrbookstore.com/ar/c010999120143p,30,21,In Stock,دار نهضة مصر
القلب لا يمتلىء بالذهب,https://nahdetmisrbookstore.com/ar/c010999120144p,75,52,In Stock,دار نهضة مصر
الكتابة بقلم روج,https://nahdetmisrbookstore.com/ar/c010999120146p,50,35,In Stock,دار نهضة مصر
الكثير من الحب,https://nahdetmisrbookstore.com/ar/c010999120147p,50,35,In Stock,دار نهضة مصر
المسرح النثرى,https://nahdetmisrbookstore.com/ar/c010999120166p,,,Out of Stock,دار نهضة مصر
المواقف الأدبية,https://nahdetmisrbookstore.com/ar/c010999120173p,30,21,In Stock,دار نهضة مصر
أحلام الربيع و الخريف,https://nahdetmisrbookstore.com/ar/c010999120200p,50,35,In Stock,دار نهضة مصر
أنا و شيطانى,https://nahdetmisrbookstore.com/ar/c010999120220p,50,35,In Stock,دار نهضة مصر
أوجاع مصرية,https://nahdetmisrbookstore.com/ar/c010999120225p,65,46,In Stock,دار نهضة مصر
تحرير الرجل,https://nahdetmisrbookstore.com/ar/c010999120245p,30,21,In Stock,دار نهضة مصر
ثلاث نساء من مصر,https://nahdetmisrbookstore.com/ar/c010999120252p,30,21,In Stock,دار نهضة مصر
جريمة كاملة,https://nahdetmisrbookstore.com/ar/c010999120257p,,,Out of Stock,دار نهضة مصر
خطاب الحياة اليومية,https://nahdetmisrbookstore.com/ar/c010999120269p,30,21,In Stock,دار نهضة مصر
خواطر من دفتر شاعر,https://nahdetmisrbookstore.com/ar/c010999120276p,30,21,In Stock,دار نهضة مصر
دراسة فى حماسة ابى تمام,https://nahdetmisrbookstore.com/ar/c010999120280p,30,21,In Stock,دار نهضة مصر
دور الأدب المقارن,https://nahdetmisrbookstore.com/ar/c010999120293p,30,21,In Stock,دار نهضة مصر
ضمائر تائهة,https://nahdetmisrbookstore.com/ar/c010999120319p,30,21,In Stock,دار نهضة مصر
فى الميزان الجديد,https://nahdetmisrbookstore.com/ar/c010999120341p,50,35,In Stock,دار نهضة مصر
قطايف ج2,https://nahdetmisrbookstore.com/ar/c010999120352p,30,21,In Stock,دار نهضة مصر
كذب المثقفون و لو صدقوا,https://nahdetmisrbookstore.com/ar/c010999120355p,30,21,In Stock,دار نهضة مصر
مختارات من الشعر الفارسى,https://nahdetmisrbookstore.com/ar/c010999120367p,30,21,In Stock,دار نهضة مصر
مدينة الغرباء,https://nahdetmisrbookstore.com/ar/c010999120370p,,,Out of Stock,دار نهضة مصر
مسرحيات شوقى,https://nahdetmisrbookstore.com/ar/c010999120375p,30,21,In Stock,دار نهضة مصر
من باب العشم,https://nahdetmisrbookstore.com/ar/c010999120389p,60,42,In Stock,دار نهضة مصر
نحن أولاد الغجر,https://nahdetmisrbookstore.com/ar/c010999120399p,65,46,In Stock,دار نهضة مصر
هذا الشعر,https://nahdetmisrbookstore.com/ar/c010999120407p,50,35,In Stock,دار نهضة مصر
النماذج الأنسانية,https://nahdetmisrbookstore.com/ar/c010999120436p,30,21,In Stock,دار نهضة مصر
الدين و الديناميت,https://nahdetmisrbookstore.com/ar/c010999120500p,120,84,In Stock,دار نهضة مصر
حكايات حصاوى ج1,https://nahdetmisrbookstore.com/ar/c010999120510p,,,Out of Stock,دار نهضة مصر
حكايات حصاوى ج2,https://nahdetmisrbookstore.com/ar/c010999120511p,50,35,In Stock,دار نهضة مصر
حكايات حصاوى ج3,https://nahdetmisrbookstore.com/ar/c010999120512p,50,35,In Stock,دار نهضة مصر
الدنيا بكل الألوان,https://nahdetmisrbookstore.com/ar/c01099920004p,,,Out of Stock,دار نهضة مصر
الكتكوت العنيد,https://nahdetmisrbookstore.com/ar/c01099920007p,,,Out of Stock,دار نهضة مصر
حكاية الملك بير,https://nahdetmisrbookstore.com/ar/c01099920015p,70,49,In Stock,دار نهضة مصر
يحكى أن الأمير و اللصوص,https://nahdetmisrbookstore.com/ar/c01099920043p,,,Out of Stock,دار نهضة مصر
إنه مخيف جدا,https://nahdetmisrbookstore.com/ar/c01099920045p,190,133,In Stock,دار نهضة مصر
الأيدى الصغيرة تبنى أحيانا,https://nahdetmisrbookstore.com/ar/c01099920061p,75,52,In Stock,دار نهضة مصر
سكر زيادة,https://nahdetmisrbookstore.com/ar/c01099920064p,,,Out of Stock,دار نهضة مصر
العصفورة و الحمار,https://nahdetmisrbookstore.com/ar/c01099920066p,110,77,In Stock,دار نهضة مصر
فى بيتنا فأر,https://nahdetmisrbookstore.com/ar/c01099920071p,100,70,In Stock,دار نهضة مصر
أبدا فى سفينة الفضاء,https://nahdetmisrbookstore.com/ar/c01099920075p,70,49,In Stock,دار نهضة مصر
الصندوق,https://nahdetmisrbookstore.com/ar/c01099920082p,190,133,In Stock,دار نهضة مصر
العين,https://nahdetmisrbookstore.com/ar/c01099920085p,180,126,In Stock,دار نهضة مصر
ملامح القاهرة فى 1000 سنة,https://nahdetmisrbookstore.com/ar/c011001120005p,180,126,In Stock,دار نهضة مصر
مقدمة ابن خلدون ج1,https://nahdetmisrbookstore.com/ar/c011003110069p,420,294,In Stock,دار نهضة مصر
مقدمة ابن خلدون ج2,https://nahdetmisrbookstore.com/ar/c011003110070p,420,294,In Stock,دار نهضة مصر
مقدمة ابن خلدون ج3,https://nahdetmisrbookstore.com/ar/c011003110071p,420,294,In Stock,دار نهضة مصر
أثار وأسرار الجزء الأول,https://nahdetmisrbookstore.com/ar/c011006110030p,1185,830,In Stock,دار نهضة مصر
أثار و أسرار الجزء الثاني,https://nahdetmisrbookstore.com/ar/c011006110031p,1185,830,In Stock,دار نهضة مصر
حقيقة مثيرة عن الفراعنة100,https://nahdetmisrbookstore.com/ar/c011007110001p,600,420,In Stock,دار نهضة مصر
فلسطين أرض الرسالات الألهية,https://nahdetmisrbookstore.com/ar/c011007110061p,130,91,In Stock,دار نهضة مصر
مصر فى الإسلام القرن الرابع ج5,https://nahdetmisrbookstore.com/ar/c011007110075p,65,46,In Stock,دار نهضة مصر
مصر فى الإسلام - القرن السادس ج7,https://nahdetmisrbookstore.com/ar/c011007110086p,65,46,In Stock,دار نهضة مصر
الأطلنتس هل جاء منها المصريون القدماء,https://nahdetmisrbookstore.com/ar/c011007120009p,50,35,In Stock,دار نهضة مصر
مصر التى لا تعرفونها,https://nahdetmisrbookstore.com/ar/c011007120074p,75,52,In Stock,دار نهضة مصر
كتب للشباب من بيروت إلى وادى رم,https://nahdetmisrbookstore.com/ar/c011010120011p,30,21,In Stock,دار نهضة مصر
القرن الآسيوى,https://nahdetmisrbookstore.com/ar/c011010120015p,50,35,In Stock,دار نهضة مصر
رحلة إلى مهد البشرية,https://nahdetmisrbookstore.com/ar/c011011120008p,50,35,In Stock,دار نهضة مصر
القاهرة المدينة الذكريات,https://nahdetmisrbookstore.com/ar/c011012120003p,145,102,In Stock,دار نهضة مصر
الأولة باريس,https://nahdetmisrbookstore.com/ar/c011013120003p,50,35,In Stock,دار نهضة مصر
فلسطين وكيف نستردها,https://nahdetmisrbookstore.com/ar/c011013120039p,50,35,In Stock,دار نهضة مصر
الفيروزية,https://nahdetmisrbookstore.com/ar/c011013120056p,70,49,In Stock,دار نهضة مصر
مذكرات كمال الملاخ,https://nahdetmisrbookstore.com/ar/c011014110113p,60,42,In Stock,دار نهضة مصر
سرحات فلسطينية,https://nahdetmisrbookstore.com/ar/c011014120082p,50,35,In Stock,دار نهضة مصر
هذا ما رأيت فى دبى,https://nahdetmisrbookstore.com/ar/c011014120127p,50,35,In Stock,دار نهضة مصر
و تشرق شمس الأناضول,https://nahdetmisrbookstore.com/ar/c011014120130p,50,35,In Stock,دار نهضة مصر
أيام العرب يوم بابليون,https://nahdetmisrbookstore.com/ar/c011014120136p,55,38,In Stock,دار نهضة مصر
رحلات ابن فؤاد فى وصف البلاد,https://nahdetmisrbookstore.com/ar/c011015120012p,95,66,In Stock,دار نهضة مصر
مصر بيت الحياة,https://nahdetmisrbookstore.com/ar/c011017120030p,85,60,In Stock,دار نهضة مصر
توت عنخ آمون عربى-أطفال,https://nahdetmisrbookstore.com/ar/c011018210079p,575,402,In Stock,دار نهضة مصر
توت عنخ آمون E- أطفال,https://nahdetmisrbookstore.com/ar/c011018210080p,500,350,In Stock,دار نهضة مصر
فاروق حسنى يتذكر زمن من الثقافة,https://nahdetmisrbookstore.com/ar/c011019120224p,290,203,In Stock,دار نهضة مصر
من مكة إلى الميتا داتا,https://nahdetmisrbookstore.com/ar/c011019120273p,160,112,In Stock,دار نهضة مصر
Tutankhamun... A Journey with the Young Pharaoh,https://nahdetmisrbookstore.com/ar/c011020210442p,500,350,In Stock,دار نهضة مصر
توت عنخ آمون..رحلة مع الفرعون الصغير,https://nahdetmisrbookstore.com/ar/c011020220441p,500,350,In Stock,دار نهضة مصر
1000حقيقة وحقيقة عن مصر القديمة,https://nahdetmisrbookstore.com/ar/c011021110492p,420,294,In Stock,دار نهضة مصر
الحارس – أيام زاهى حواس,https://nahdetmisrbookstore.com/ar/c011021110499p,410,287,In Stock,دار نهضة مصر
إمبراطورية إمام الكروية,https://nahdetmisrbookstore.com/ar/c011021120553p,100,70,In Stock,دار نهضة مصر
المتمرد سيرة حياة,https://nahdetmisrbookstore.com/ar/c011022120617p,240,168,In Stock,دار نهضة مصر
قاهرة المماليك,https://nahdetmisrbookstore.com/ar/c011022120626p,180,126,In Stock,دار نهضة مصر
اسمى جلال السعيد,https://nahdetmisrbookstore.com/ar/c011023120785p,180,126,In Stock,دار نهضة مصر
مذكرات المشير الجمسي,https://nahdetmisrbookstore.com/ar/c011024120840p,395,276,In Stock,دار نهضة مصر
سر حياتي- حكاية العربي,https://nahdetmisrbookstore.com/ar/c011024120889p,265,186,In Stock,دار نهضة مصر
"المغامر الشهيد "" مذكرات النقراشى باشا """,https://nahdetmisrbookstore.com/ar/c011025121089p,240,168,In Stock,دار نهضة مصر
أسطورة المسرح العربى سميحة أيوب,https://nahdetmisrbookstore.com/ar/c011025121091p,290,203,In Stock,دار نهضة مصر
شخصيات في حياتي,https://nahdetmisrbookstore.com/ar/c011025121113p,350,245,In Stock,دار نهضة مصر
امرأة من صعيد مصر,https://nahdetmisrbookstore.com/ar/c011025121348p,260,182,In Stock,دار نهضة مصر
اسأل عالم آثار,https://nahdetmisrbookstore.com/ar/c011025210978p,640,448,In Stock,دار نهضة مصر
Adventure in Khufu's Pyramid,https://nahdetmisrbookstore.com/ar/c011025211055p,525,368,In Stock,دار نهضة مصر
Cinderella And The Rosy-Cheeked Girl,https://nahdetmisrbookstore.com/ar/c011025211199p,400,280,In Stock,دار نهضة مصر
In The House Of Life,https://nahdetmisrbookstore.com/ar/c011025211200p,400,280,In Stock,دار نهضة مصر
The Mystery Of Tutankhamun'S Dagger,https://nahdetmisrbookstore.com/ar/c011025211201p,380,266,In Stock,دار نهضة مصر
The Shipwrecked Sailor,https://nahdetmisrbookstore.com/ar/c011025211314p,400,280,In Stock,دار نهضة مصر
شخصيات لها العجب,https://nahdetmisrbookstore.com/ar/c011026121370p,500,350,In Stock,دار نهضة مصر
اليهوديه واليهود,https://nahdetmisrbookstore.com/ar/c011038120101p,70,49,In Stock,دار نهضة مصر
حضن العمر ج1,https://nahdetmisrbookstore.com/ar/c011038120142p,50,35,In Stock,دار نهضة مصر
حضن العمر ج2,https://nahdetmisrbookstore.com/ar/c011038120143p,50,35,In Stock,دار نهضة مصر
الأيام الأخيرة فى حياة عظماء السياسة,https://nahdetmisrbookstore.com/ar/c011038120623p,30,21,In Stock,دار نهضة مصر
انا,https://nahdetmisrbookstore.com/ar/c011038130061p,100,70,In Stock,دار نهضة مصر
الصهيونية العالمية,https://nahdetmisrbookstore.com/ar/c011038130662p,100,70,In Stock,دار نهضة مصر
معجزة هرم الملك خوفو,https://nahdetmisrbookstore.com/ar/c011038210665p,550,385,In Stock,دار نهضة مصر
نقش البردى,https://nahdetmisrbookstore.com/ar/c011038220674p,530,371,In Stock,دار نهضة مصر
بناة الأهرام E,https://nahdetmisrbookstore.com/ar/c011038240666p,550,385,In Stock,دار نهضة مصر
أطلس الماء,https://nahdetmisrbookstore.com/ar/c011099110216p,120,84,In Stock,دار نهضة مصر
القيم الأخلاقية و الجمالية,https://nahdetmisrbookstore.com/ar/c011099110433p,65,46,In Stock,دار نهضة مصر
أهرامات مصر هضبة الجيزة-ابو الهول,https://nahdetmisrbookstore.com/ar/c011099110489p,595,416,In Stock,دار نهضة مصر
الشيطان يسكن المدينة,https://nahdetmisrbookstore.com/ar/c011099120119p,50,35,In Stock,دار نهضة مصر
القدس التحدى الحضارى للأمة,https://nahdetmisrbookstore.com/ar/c011099120138p,50,35,In Stock,دار نهضة مصر
بينظير بوتو,https://nahdetmisrbookstore.com/ar/c011099120236p,30,21,In Stock,دار نهضة مصر
سر الصحراء الكبرى,https://nahdetmisrbookstore.com/ar/c011099120304p,50,35,In Stock,دار نهضة مصر
مصر فى العصر العتيق,https://nahdetmisrbookstore.com/ar/c011099120378p,50,35,In Stock,دار نهضة مصر
الموسوعة السياسية حوار الحضارات,https://nahdetmisrbookstore.com/ar/c011099120487p,50,35,In Stock,دار نهضة مصر
نجم فى سماء الفن,https://nahdetmisrbookstore.com/ar/c01109920020p,50,35,In Stock,دار نهضة مصر
أين أختفى أخر الديناصورات,https://nahdetmisrbookstore.com/ar/c01109920084p,190,133,In Stock,دار نهضة مصر
مهارات مهنية حل المشكلات,https://nahdetmisrbookstore.com/ar/c020205120011p,60,42,In Stock,دار نهضة مصر
القيمة الأخلاقية لم أستطع فعل شئ واحد بمفردي,https://nahdetmisrbookstore.com/ar/c02029920079p,100,70,In Stock,دار نهضة مصر
الحق المر ج5,https://nahdetmisrbookstore.com/ar/c020303110024p,,,Out of Stock,دار نهضة مصر
التربية الإسلامية الإسلام,https://nahdetmisrbookstore.com/ar/c020312120006p,50,35,In Stock,دار نهضة مصر
التربية الإسلامية بر الوالدين,https://nahdetmisrbookstore.com/ar/c020312120007p,50,35,In Stock,دار نهضة مصر
التربية الإسلامية الإيمان,https://nahdetmisrbookstore.com/ar/c020312120008p,50,35,In Stock,دار نهضة مصر
التربية الإسلامية تربية الشباب,https://nahdetmisrbookstore.com/ar/c020312120009p,50,35,In Stock,دار نهضة مصر
التربية الإسلامية حق الجار,https://nahdetmisrbookstore.com/ar/c020312120010p,50,35,In Stock,دار نهضة مصر
التربية الإسلامية حقوق الإنسان,https://nahdetmisrbookstore.com/ar/c020312120011p,50,35,In Stock,دار نهضة مصر
التربية الإسلامية حسن الخلق,https://nahdetmisrbookstore.com/ar/c020312120012p,50,35,In Stock,دار نهضة مصر
التربية الإسلامية قضايا الشباب,https://nahdetmisrbookstore.com/ar/c020312120032p,50,35,In Stock,دار نهضة مصر
التربية الإسلامية الرفق بالحيوان,https://nahdetmisrbookstore.com/ar/c020312120033p,50,35,In Stock,دار نهضة مصر
التربية الإسلامية حقوق الأطفال,https://nahdetmisrbookstore.com/ar/c020312120034p,50,35,In Stock,دار نهضة مصر
رحلة حجر,https://nahdetmisrbookstore.com/ar/c02031420016p,105,74,In Stock,دار نهضة مصر
سفر البنيان,https://nahdetmisrbookstore.com/ar/c020316120001p,85,60,In Stock,دار نهضة مصر
قصة حب (مصطفى حسنى),https://nahdetmisrbookstore.com/ar/c020317120002p,190,133,In Stock,دار نهضة مصر
سلسلة عزيزى الملحد(2): عزيزى الإنسان,https://nahdetmisrbookstore.com/ar/c020318120144p,105,74,In Stock,دار نهضة مصر
ما تريد أن تعرفه عن رمضان,https://nahdetmisrbookstore.com/ar/c020319120294p,130,91,In Stock,دار نهضة مصر
القناع,https://nahdetmisrbookstore.com/ar/c020323120721p,300,210,In Stock,دار نهضة مصر
فن الحياة,https://nahdetmisrbookstore.com/ar/c020323120729p,275,192,In Stock,دار نهضة مصر
يوم فى الجنة,https://nahdetmisrbookstore.com/ar/c020323120732p,130,91,In Stock,دار نهضة مصر
رسالة من الله,https://nahdetmisrbookstore.com/ar/c020323120810p,275,192,In Stock,دار نهضة مصر
الثمن,https://nahdetmisrbookstore.com/ar/c020323120813p,230,161,In Stock,دار نهضة مصر
نور الجزء الثاني,https://nahdetmisrbookstore.com/ar/c020325121354p,300,210,In Stock,دار نهضة مصر
الموسوعة السياسية الرأى العام,https://nahdetmisrbookstore.com/ar/c020406120017p,50,35,In Stock,دار نهضة مصر
الموسوعة السياسية العلمانية,https://nahdetmisrbookstore.com/ar/c020406120019p,50,35,In Stock,دار نهضة مصر
الموسوعة السياسية العنصرية,https://nahdetmisrbookstore.com/ar/c020406120020p,50,35,In Stock,دار نهضة مصر
الموسوعة السياسية الدساتير,https://nahdetmisrbookstore.com/ar/c020407120022p,50,35,In Stock,دار نهضة مصر
الحمل و الولادة سؤال و جواب,https://nahdetmisrbookstore.com/ar/c020408120007p,50,35,In Stock,دار نهضة مصر
عشرينات الحب أون لاين,https://nahdetmisrbookstore.com/ar/c020410120004p,30,21,In Stock,دار نهضة مصر
الموسوعة السياسية الحكم,https://nahdetmisrbookstore.com/ar/c020410120005p,50,35,In Stock,دار نهضة مصر
عشرينات روشتة ضرب البطالة,https://nahdetmisrbookstore.com/ar/c020410120007p,35,24,In Stock,دار نهضة مصر
عشرينات وظفنى شكراً,https://nahdetmisrbookstore.com/ar/c020414120134p,35,24,In Stock,دار نهضة مصر
العالمية والعولمة,https://nahdetmisrbookstore.com/ar/c020438120620p,50,35,In Stock,دار نهضة مصر
الموسوعة السياسية التحديث,https://nahdetmisrbookstore.com/ar/c020499120056p,50,35,In Stock,دار نهضة مصر
الموسوعة السياسية الليبرالية,https://nahdetmisrbookstore.com/ar/c020499120154p,50,35,In Stock,دار نهضة مصر
الموسوعة السياسية الهجرة غير الشرعية,https://nahdetmisrbookstore.com/ar/c020499120183p,50,35,In Stock,دار نهضة مصر
موسوعة الفروق اللغوية ج4,https://nahdetmisrbookstore.com/ar/c020524110884p,600,420,In Stock,دار نهضة مصر
من أجل صحة أفضل الهضم الصحى,https://nahdetmisrbookstore.com/ar/c020799120288p,50,35,In Stock,دار نهضة مصر
من أجل صحة أفضل الإلتهاب الكبدى,https://nahdetmisrbookstore.com/ar/c020799120289p,50,35,In Stock,دار نهضة مصر
من أجل صحة أفضل السرطان,https://nahdetmisrbookstore.com/ar/c020799120290p,50,35,In Stock,دار نهضة مصر
من أجل صحة أفضل الصداع,https://nahdetmisrbookstore.com/ar/c020799120291p,,,Out of Stock,دار نهضة مصر
من أجل صحة أفضل-خفض الكوليسترول,https://nahdetmisrbookstore.com/ar/c020799120448p,50,35,In Stock,دار نهضة مصر
من أجل صحة أفضل التعب المزمن,https://nahdetmisrbookstore.com/ar/c020799120449p,50,35,In Stock,دار نهضة مصر
من أجل صحة أفضل-التصدى للبرد,https://nahdetmisrbookstore.com/ar/c020799120450p,50,35,In Stock,دار نهضة مصر
الأعمال الكاملة-الورقة الأخيرة,https://nahdetmisrbookstore.com/ar/c02080920011p,180,126,In Stock,دار نهضة مصر
إقرأ و تعلم الفن المصرى الحديث,https://nahdetmisrbookstore.com/ar/c02081020002p,150,105,In Stock,دار نهضة مصر
إقرأ وتعلم المدارس الفنية,https://nahdetmisrbookstore.com/ar/c02081020003p,150,105,In Stock,دار نهضة مصر
مغامرات زيزو حازم الجديد,https://nahdetmisrbookstore.com/ar/c02081020005p,30,21,In Stock,دار نهضة مصر
مغامرات زيزو أين البحر ؟,https://nahdetmisrbookstore.com/ar/c02089920010p,,,Out of Stock,دار نهضة مصر
ألوانى رقم 1,https://nahdetmisrbookstore.com/ar/c02089920030p,,,Out of Stock,دار نهضة مصر
ألوانى رقم 2,https://nahdetmisrbookstore.com/ar/c02089920031p,,,Out of Stock,دار نهضة مصر
ألوانى رقم 3,https://nahdetmisrbookstore.com/ar/c02089920032p,,,Out of Stock,دار نهضة مصر
ألوانى رقم 4,https://nahdetmisrbookstore.com/ar/c02089920033p,,,Out of Stock,دار نهضة مصر
ألوانى رقم 5,https://nahdetmisrbookstore.com/ar/c02089920034p,,,Out of Stock,دار نهضة مصر
ألوانى رقم 6,https://nahdetmisrbookstore.com/ar/c02089920035p,,,Out of Stock,دار نهضة مصر
ألوانى رقم 7,https://nahdetmisrbookstore.com/ar/c02089920036p,,,Out of Stock,دار نهضة مصر
ألوانى رقم 8,https://nahdetmisrbookstore.com/ar/c02089920037p,,,Out of Stock,دار نهضة مصر
ألوانى رقم 9,https://nahdetmisrbookstore.com/ar/c02089920038p,,,Out of Stock,دار نهضة مصر
ألوانى رقم 10,https://nahdetmisrbookstore.com/ar/c02089920039p,,,Out of Stock,دار نهضة مصر
ألوانى رقم 11,https://nahdetmisrbookstore.com/ar/c02089920040p,,,Out of Stock,دار نهضة مصر
ألوانى رقم 12,https://nahdetmisrbookstore.com/ar/c02089920041p,,,Out of Stock,دار نهضة مصر
حقائق الحياة فلة تتذوق,https://nahdetmisrbookstore.com/ar/c02090120002p,95,66,In Stock,دار نهضة مصر
الله فى كل مكان,https://nahdetmisrbookstore.com/ar/c02090420003p,110,77,In Stock,دار نهضة مصر
الأعمال الكاملة-العصفورةوالألوان,https://nahdetmisrbookstore.com/ar/c02090620014p,180,126,In Stock,دار نهضة مصر
يحكى أن اللصان والسيدة,https://nahdetmisrbookstore.com/ar/c02090620018p,125,88,In Stock,دار نهضة مصر
خضرة خضرة و السمكة الصغيرة,https://nahdetmisrbookstore.com/ar/c02090620034p,190,133,In Stock,دار نهضة مصر
هنونة و جدتها سونة ج1 E,https://nahdetmisrbookstore.com/ar/c02090620050p,65,46,In Stock,دار نهضة مصر
هنونة و جدتها سونة ج1,https://nahdetmisrbookstore.com/ar/c02090620052p,50,35,In Stock,دار نهضة مصر
خضرة خضرة و الهواء,https://nahdetmisrbookstore.com/ar/c02090620057p,190,133,In Stock,دار نهضة مصر
دوم تاتا دوم حجم صغير,https://nahdetmisrbookstore.com/ar/c02090820003p,170,119,In Stock,دار نهضة مصر
الأعمال الكاملة-الأوزة البيضاء,https://nahdetmisrbookstore.com/ar/c02090920001p,180,126,In Stock,دار نهضة مصر
الأعمال الكاملة-الفانوس والألوان,https://nahdetmisrbookstore.com/ar/c02090920008p,180,126,In Stock,دار نهضة مصر
الأعمال الكاملة-القط يحب الغناء,https://nahdetmisrbookstore.com/ar/c02090920009p,180,126,In Stock,دار نهضة مصر
الأعمال الكاملة-النقطة السوداء,https://nahdetmisrbookstore.com/ar/c02090920010p,180,126,In Stock,دار نهضة مصر
الأعمال الكاملة-عصفور بلاد الشمال,https://nahdetmisrbookstore.com/ar/c02090920014p,180,126,In Stock,دار نهضة مصر
تراك تاتا تراك,https://nahdetmisrbookstore.com/ar/c02091020004p,180,126,In Stock,دار نهضة مصر
ليلى تسرح شعرها,https://nahdetmisrbookstore.com/ar/c02091220006p,,,Out of Stock,دار نهضة مصر
النيل العظيم,https://nahdetmisrbookstore.com/ar/c02091320009p,,,Out of Stock,دار نهضة مصر
أمينة ممكن اكون صديقتك,https://nahdetmisrbookstore.com/ar/c02091320011p,100,70,In Stock,دار نهضة مصر
أنا أحزن أنا إنسان,https://nahdetmisrbookstore.com/ar/c02091320012p,100,70,In Stock,دار نهضة مصر
أنا كما أنا جميلة ومبدعة,https://nahdetmisrbookstore.com/ar/c02091320013p,100,70,In Stock,دار نهضة مصر
مدن مصرية رشيد,https://nahdetmisrbookstore.com/ar/c02091320015p,550,385,In Stock,دار نهضة مصر
صابح و رابح فى بلاد حمدون,https://nahdetmisrbookstore.com/ar/c02091320016p,100,70,In Stock,دار نهضة مصر
كريم على طريق الأشواك,https://nahdetmisrbookstore.com/ar/c02091320019p,100,70,In Stock,دار نهضة مصر
كيف صارت شخصية محبوبة ؟,https://nahdetmisrbookstore.com/ar/c02091320020p,100,70,In Stock,دار نهضة مصر
ماندان,https://nahdetmisrbookstore.com/ar/c02091320021p,95,66,In Stock,دار نهضة مصر
لامادا العودة,https://nahdetmisrbookstore.com/ar/c02091320025p,30,21,In Stock,دار نهضة مصر
لامادا المواجهة,https://nahdetmisrbookstore.com/ar/c02091320026p,30,21,In Stock,دار نهضة مصر
لامادا فى الشارع,https://nahdetmisrbookstore.com/ar/c02091320027p,30,21,In Stock,دار نهضة مصر
القيمة الأخلاقية خطابات إلي بنورة,https://nahdetmisrbookstore.com/ar/c02091420012p,100,70,In Stock,دار نهضة مصر
شمس,https://nahdetmisrbookstore.com/ar/c02091420017p,180,126,In Stock,دار نهضة مصر
قصة حياة حبة أرز,https://nahdetmisrbookstore.com/ar/c02091420022p,100,70,In Stock,دار نهضة مصر
حقيبة النبل,https://nahdetmisrbookstore.com/ar/c02091520006p,100,70,In Stock,دار نهضة مصر
لن أستشير المتشائم,https://nahdetmisrbookstore.com/ar/c020917220003p,100,70,In Stock,دار نهضة مصر
رحلة إلى نبع جديد,https://nahdetmisrbookstore.com/ar/c020921220451p,180,126,In Stock,دار نهضة مصر
ريهام وحروف الكلام,https://nahdetmisrbookstore.com/ar/c020921220523p,85,60,In Stock,دار نهضة مصر
ريهام وحروف الكلام 2,https://nahdetmisrbookstore.com/ar/c020921220548p,85,60,In Stock,دار نهضة مصر
ريهام وحروف الكلام 3,https://nahdetmisrbookstore.com/ar/c020921220549p,85,60,In Stock,دار نهضة مصر
ريهام وحروف الكلام 4,https://nahdetmisrbookstore.com/ar/c020921220558p,85,60,In Stock,دار نهضة مصر
ريهام وحروف الكلام 5,https://nahdetmisrbookstore.com/ar/c020922220608p,85,60,In Stock,دار نهضة مصر
ريهام وحروف الكلام 6,https://nahdetmisrbookstore.com/ar/c020922220609p,85,60,In Stock,دار نهضة مصر
ريهام وحروف الكلام 7,https://nahdetmisrbookstore.com/ar/c020922220610p,85,60,In Stock,دار نهضة مصر
أنا مهتمة بالسماء سلسلة دوائر الاهتمام,https://nahdetmisrbookstore.com/ar/c020922220613p,90,63,In Stock,دار نهضة مصر
أنا مهتمة بجسمي,https://nahdetmisrbookstore.com/ar/c020923220651p,90,63,In Stock,دار نهضة مصر
سلسلة كلام سليم: قوس الخطر,https://nahdetmisrbookstore.com/ar/c020923220791p,115,80,In Stock,دار نهضة مصر
نبي الله نوح,https://nahdetmisrbookstore.com/ar/c020924211020p,315,220,In Stock,دار نهضة مصر
نبي الله إسماعيل,https://nahdetmisrbookstore.com/ar/c020924211023p,315,220,In Stock,دار نهضة مصر
نَبيُّ اللهِ مُحَمَّدٌ,https://nahdetmisrbookstore.com/ar/c020924211028p,315,220,In Stock,دار نهضة مصر
لغز: الختم,https://nahdetmisrbookstore.com/ar/c020926221364p,95,66,In Stock,دار نهضة مصر
لغز: حرامي الدراجة,https://nahdetmisrbookstore.com/ar/c020926221365p,95,66,In Stock,دار نهضة مصر
لغز : مؤامرة المسبح,https://nahdetmisrbookstore.com/ar/c020926221367p,95,66,In Stock,دار نهضة مصر
قصص الاطفال-الدجاجة كيكى,https://nahdetmisrbookstore.com/ar/c020938210271p,,,Out of Stock,دار نهضة مصر
كل الأوقات حب الرمان,https://nahdetmisrbookstore.com/ar/c020938210423p,35,24,In Stock,دار نهضة مصر
كل الأوقات الذبابة تتحدى,https://nahdetmisrbookstore.com/ar/c020938210425p,35,24,In Stock,دار نهضة مصر
كل الأوقات أريد أن أنام,https://nahdetmisrbookstore.com/ar/c020938210427p,,,Out of Stock,دار نهضة مصر
كل الأوقات -فى يوم الإمتحان,https://nahdetmisrbookstore.com/ar/c020938210429p,,,Out of Stock,دار نهضة مصر
الأعمال الكاملة القط يحب الغناء,https://nahdetmisrbookstore.com/ar/c020938210481p,190,133,In Stock,دار نهضة مصر
الأعمال الكاملة الأوزة,https://nahdetmisrbookstore.com/ar/c020938210482p,190,133,In Stock,دار نهضة مصر
الأعمال الكاملة أم الظل,https://nahdetmisrbookstore.com/ar/c020938210483p,190,133,In Stock,دار نهضة مصر
الأعمال الكاملة الورقة,https://nahdetmisrbookstore.com/ar/c020938210485p,190,133,In Stock,دار نهضة مصر
الأعمال الكاملة الفانوس,https://nahdetmisrbookstore.com/ar/c020938210486p,190,133,In Stock,دار نهضة مصر
الأعمال الكاملة-العصفورة,https://nahdetmisrbookstore.com/ar/c020938210487p,190,133,In Stock,دار نهضة مصر
كل الأوقات الذبابة تتحدى,https://nahdetmisrbookstore.com/ar/c020938220424p,30,21,In Stock,دار نهضة مصر
كل الأوقات ميرفت صديقة,https://nahdetmisrbookstore.com/ar/c020938220431p,30,21,In Stock,دار نهضة مصر
دوم تاتا دوم ( حجم كبير ),https://nahdetmisrbookstore.com/ar/c020938240195p,,,Out of Stock,دار نهضة مصر
صندوق بيت المكعبات,https://nahdetmisrbookstore.com/ar/c02099920012p,,,Out of Stock,دار نهضة مصر
هولا .. تاتا ..هولا,https://nahdetmisrbookstore.com/ar/c02099920021p,180,126,In Stock,دار نهضة مصر
عود السنابل,https://nahdetmisrbookstore.com/ar/c02099920054p,220,154,In Stock,دار نهضة مصر
مغامرات زيزو مباراة القمة,https://nahdetmisrbookstore.com/ar/c02099920055p,30,21,In Stock,دار نهضة مصر
يوم أن أختفت التررن,https://nahdetmisrbookstore.com/ar/c02100620043p,190,133,In Stock,دار نهضة مصر
عصور مصرية فتح مصر,https://nahdetmisrbookstore.com/ar/c02100720004p,550,385,In Stock,دار نهضة مصر
عصور مصرية الدولة الأيوبية,https://nahdetmisrbookstore.com/ar/c02100920004p,550,385,In Stock,دار نهضة مصر
عصور مصرية الدولة الطولونية,https://nahdetmisrbookstore.com/ar/c02100920005p,,,Out of Stock,دار نهضة مصر
مدن مصرية الفسطاط,https://nahdetmisrbookstore.com/ar/c02101320004p,550,385,In Stock,دار نهضة مصر
مدن مصرية تنيس,https://nahdetmisrbookstore.com/ar/c02101420005p,550,385,In Stock,دار نهضة مصر
أهرامات مصر ج4:أبورواش-جدف رع -خفرع,https://nahdetmisrbookstore.com/ar/c021018110156p,1185,830,In Stock,دار نهضة مصر
""" موسوعة الأهرامات "" تماثيل وعمال الجيزة",https://nahdetmisrbookstore.com/ar/c021021110461p,1185,830,In Stock,دار نهضة مصر
سلسلة الأهرامات المصرية.. الجزء الأول,https://nahdetmisrbookstore.com/ar/c021023110719p,1185,830,In Stock,دار نهضة مصر
سلسلة مواقف فاصلة:الدين والحكم,https://nahdetmisrbookstore.com/ar/c021023120725p,295,206,In Stock,دار نهضة مصر
أهرامات مصر ج2 من الأسرة الأولى إلى الأسرة الرابعة من حور عحا إلى سنفرو,https://nahdetmisrbookstore.com/ar/c021024110819p,1185,830,In Stock,دار نهضة مصر
أهرامات مصر ج7 أهرامات الأسرتين الخامسة والسادسة,https://nahdetmisrbookstore.com/ar/c021024110877p,1350,945,In Stock,دار نهضة مصر
سلسلة أهرامات مصر-ج8,https://nahdetmisrbookstore.com/ar/c021024110984p,1185,830,In Stock,دار نهضة مصر
موسوعة حضارات العالم ج1,https://nahdetmisrbookstore.com/ar/c02109920029p,900,630,In Stock,دار نهضة مصر
د. اسبوك,https://nahdetmisrbookstore.com/ar/c030118110178p,770,539,In Stock,دار نهضة مصر
الثروة العامة للمدن,https://nahdetmisrbookstore.com/ar/c030119120195p,150,105,In Stock,دار نهضة مصر
اسأل عالما,https://nahdetmisrbookstore.com/ar/c030124210844p,650,455,In Stock,دار نهضة مصر
موسوعتي الأولى المصورة,https://nahdetmisrbookstore.com/ar/c030124210849p,395,276,In Stock,دار نهضة مصر
Beyond Diverities,https://nahdetmisrbookstore.com/ar/c030138110011p,65,46,In Stock,دار نهضة مصر
الواحد و العشرين منطادا,https://nahdetmisrbookstore.com/ar/c030138220155p,50,35,In Stock,دار نهضة مصر
موسوعة نهضة مصر-الحيوانات,https://nahdetmisrbookstore.com/ar/c030138220398p,,,Out of Stock,دار نهضة مصر
لو كان العالم قرية واحدة,https://nahdetmisrbookstore.com/ar/c030138220534p,60,42,In Stock,دار نهضة مصر
شجرة الحياة,https://nahdetmisrbookstore.com/ar/c030138220538p,35,24,In Stock,دار نهضة مصر
Mission : Wheres June,https://nahdetmisrbookstore.com/ar/c030138230550p,,,Out of Stock,دار نهضة مصر
My Bean Plant,https://nahdetmisrbookstore.com/ar/c03016020146p,70,49,In Stock,دار نهضة مصر
Who Will Help,https://nahdetmisrbookstore.com/ar/c03016020184p,60,42,In Stock,دار نهضة مصر
دليل أشبال الكشافة السماء,https://nahdetmisrbookstore.com/ar/c03016020195p,35,24,In Stock,دار نهضة مصر
غبار الجنيات,https://nahdetmisrbookstore.com/ar/c03016020196p,,,Out of Stock,دار نهضة مصر
فوق السحاب العاصف,https://nahdetmisrbookstore.com/ar/c03020620137p,55,38,In Stock,دار نهضة مصر
سابق يعرف دواءه,https://nahdetmisrbookstore.com/ar/c03020620145p,55,38,In Stock,دار نهضة مصر
القرد (موكى) يهزم الساخرين,https://nahdetmisrbookstore.com/ar/c03021420055p,,,Out of Stock,دار نهضة مصر
شريف مختلف,https://nahdetmisrbookstore.com/ar/c03021420139p,55,38,In Stock,دار نهضة مصر
مشكلة الخلد الصغير,https://nahdetmisrbookstore.com/ar/c030218220189p,,,Out of Stock,دار نهضة مصر
الكون – عوالم محتملة,https://nahdetmisrbookstore.com/ar/c030221110491p,540,378,In Stock,دار نهضة مصر
لا أعرف ماذا أقول,https://nahdetmisrbookstore.com/ar/c03026020168p,,,Out of Stock,دار نهضة مصر
Accept and Value Each Person,https://nahdetmisrbookstore.com/ar/c03040320007p,60,42,In Stock,دار نهضة مصر
الأخر جميل أيضا,https://nahdetmisrbookstore.com/ar/c03040620089p,60,42,In Stock,دار نهضة مصر
أيا دوى الرعد أسمع صراخى,https://nahdetmisrbookstore.com/ar/c03040720107p,50,35,In Stock,دار نهضة مصر
Snow White GOOD BAD,https://nahdetmisrbookstore.com/ar/c03041020039p,,,Out of Stock,دار نهضة مصر
Winnie I SMELL HONEY,https://nahdetmisrbookstore.com/ar/c03041020040p,,,Out of Stock,دار نهضة مصر
كيف تؤسس دولتك الخاصة,https://nahdetmisrbookstore.com/ar/c03041220011p,60,42,In Stock,دار نهضة مصر
101 نصيحة للخريجين,https://nahdetmisrbookstore.com/ar/c03041420048p,65,46,In Stock,دار نهضة مصر
The Disney princess Cookbook,https://nahdetmisrbookstore.com/ar/c03041420137p,315,220,In Stock,دار نهضة مصر
تنشئة الإنسان فى العالم الرقمي - مترجم,https://nahdetmisrbookstore.com/ar/c030421120489p,295,206,In Stock,دار نهضة مصر
فيم يفكر صغيرى,https://nahdetmisrbookstore.com/ar/c030421120516p,560,392,In Stock,دار نهضة مصر
سيد اللعبة – هنري كيسنجر,https://nahdetmisrbookstore.com/ar/c030423110804p,600,420,In Stock,دار نهضة مصر
تحولات الحياة,https://nahdetmisrbookstore.com/ar/c030423120634p,270,189,In Stock,دار نهضة مصر
كيف تصبح مديرا أفضل؟,https://nahdetmisrbookstore.com/ar/c030423120730p,325,228,In Stock,دار نهضة مصر
جيل ألفا,https://nahdetmisrbookstore.com/ar/c030423120821p,270,189,In Stock,دار نهضة مصر
البنت مثل الولد,https://nahdetmisrbookstore.com/ar/c030438210462p,110,77,In Stock,دار نهضة مصر
26 Big Things,https://nahdetmisrbookstore.com/ar/c030438210556p,,,Out of Stock,دار نهضة مصر
البنت مثل الولد,https://nahdetmisrbookstore.com/ar/c030438220461p,100,70,In Stock,دار نهضة مصر
جسدك يخصك,https://nahdetmisrbookstore.com/ar/c030438220535p,,,Out of Stock,دار نهضة مصر
إحنا الدنيا ( حجم كبير ),https://nahdetmisrbookstore.com/ar/c030438240458p,150,105,In Stock,دار نهضة مصر
join In and Play,https://nahdetmisrbookstore.com/ar/c03046020005p,60,42,In Stock,دار نهضة مصر
Even Steven and Odd Todd,https://nahdetmisrbookstore.com/ar/c03046020148p,,,Out of Stock,دار نهضة مصر
الجدول الدورى,https://nahdetmisrbookstore.com/ar/c03060620057p,295,206,In Stock,دار نهضة مصر
شجرة الجميز,https://nahdetmisrbookstore.com/ar/c030638210466p,110,77,In Stock,دار نهضة مصر
مشاهدات علمية البراكين,https://nahdetmisrbookstore.com/ar/c030638210562p,310,217,In Stock,دار نهضة مصر
ألعاب العقل,https://nahdetmisrbookstore.com/ar/c03066020156p,300,210,In Stock,دار نهضة مصر
تصنيف الكائنات الحية,https://nahdetmisrbookstore.com/ar/c03070120001p,150,105,In Stock,دار نهضة مصر
أكثر أم أقل,https://nahdetmisrbookstore.com/ar/c03070620101p,,,Out of Stock,دار نهضة مصر
أشياء فى حياتنا,https://nahdetmisrbookstore.com/ar/c03070720043p,225,158,In Stock,دار نهضة مصر
بئر واحدة,https://nahdetmisrbookstore.com/ar/c03070720085p,50,35,In Stock,دار نهضة مصر
دليلك إلى الإسعافات الأولية,https://nahdetmisrbookstore.com/ar/c03070720106p,180,126,In Stock,دار نهضة مصر
كل من زرع يديك,https://nahdetmisrbookstore.com/ar/c03071220001p,190,133,In Stock,دار نهضة مصر
استعد احفر ابدأ البناء,https://nahdetmisrbookstore.com/ar/c03071420061p,,,Out of Stock,دار نهضة مصر
التكنولوجيا يا له من عالم,https://nahdetmisrbookstore.com/ar/c03071420130p,295,206,In Stock,دار نهضة مصر
الجبر و الهندسة كل شىء ما عدا الملل!,https://nahdetmisrbookstore.com/ar/c03071420131p,395,276,In Stock,دار نهضة مصر
الصخور و المعادن اقرأ تعلم,https://nahdetmisrbookstore.com/ar/c03071420136p,295,206,In Stock,دار نهضة مصر
ألوان الغابة,https://nahdetmisrbookstore.com/ar/c03071520032p,145,102,In Stock,دار نهضة مصر
كل شيءعن... الغابات المطيرة,https://nahdetmisrbookstore.com/ar/c03071520044p,70,49,In Stock,دار نهضة مصر
موسوعة العلوم,https://nahdetmisrbookstore.com/ar/c030717210057p,850,595,In Stock,دار نهضة مصر
ثورة على القمامة هارد,https://nahdetmisrbookstore.com/ar/c030719210270p,225,158,In Stock,دار نهضة مصر
الحرب الخفية,https://nahdetmisrbookstore.com/ar/c030720220416p,130,91,In Stock,دار نهضة مصر
موسوعة المستقبل الشاملة,https://nahdetmisrbookstore.com/ar/c030725220942p,625,438,In Stock,دار نهضة مصر
Levels of Reading Dory,https://nahdetmisrbookstore.com/ar/c030738220588p,80,56,In Stock,دار نهضة مصر
أين تذهب القمامة (حجم كبير),https://nahdetmisrbookstore.com/ar/c030738240454p,150,105,In Stock,دار نهضة مصر
الأتوبيس الكهرباء,https://nahdetmisrbookstore.com/ar/c03076020014p,,,Out of Stock,دار نهضة مصر
من صنع يدى,https://nahdetmisrbookstore.com/ar/c03081220004p,190,133,In Stock,دار نهضة مصر
كتاب البنات للأنشطة و المهارات,https://nahdetmisrbookstore.com/ar/c03081320072p,350,245,In Stock,دار نهضة مصر
غرزة بغرزة,https://nahdetmisrbookstore.com/ar/c03081420086p,350,245,In Stock,دار نهضة مصر
أنشطة علمية ومهارات,https://nahdetmisrbookstore.com/ar/c03081420093p,350,245,In Stock,دار نهضة مصر
هيا نتعلم الخياطة,https://nahdetmisrbookstore.com/ar/c030817210018p,195,136,In Stock,دار نهضة مصر
Frozen Art Therapy,https://nahdetmisrbookstore.com/ar/c030817220001p,75,52,In Stock,دار نهضة مصر
activity book for girls السنافر,https://nahdetmisrbookstore.com/ar/c030817220031p,,,Out of Stock,دار نهضة مصر
adventures team activity book السنافر,https://nahdetmisrbookstore.com/ar/c030817220032p,,,Out of Stock,دار نهضة مصر
Disney Coloring Magic,https://nahdetmisrbookstore.com/ar/c030819220268p,,,Out of Stock,دار نهضة مصر
Tigger& pooh-Coloring book,https://nahdetmisrbookstore.com/ar/c030838220265p,75,52,In Stock,دار نهضة مصر
Color and play-Finding Dory,https://nahdetmisrbookstore.com/ar/c030838220589p,,,Out of Stock,دار نهضة مصر
Super Coloring Frozen,https://nahdetmisrbookstore.com/ar/c03086020153p,170,119,In Stock,دار نهضة مصر
إيلا المسحورة,https://nahdetmisrbookstore.com/ar/c03090520009p,,,Out of Stock,دار نهضة مصر
الخاسر,https://nahdetmisrbookstore.com/ar/c03090520029p,50,35,In Stock,دار نهضة مصر
الحياة أجمل أسطورة نعيشها,https://nahdetmisrbookstore.com/ar/c03090620121p,,,Out of Stock,دار نهضة مصر
غبار الجنيات و البحث عن البيضة,https://nahdetmisrbookstore.com/ar/c03090720007p,35,24,In Stock,دار نهضة مصر
أخر كتاب فى الكون,https://nahdetmisrbookstore.com/ar/c03090720061p,110,77,In Stock,دار نهضة مصر
مانياك ماجى,https://nahdetmisrbookstore.com/ar/c03090720090p,50,35,In Stock,دار نهضة مصر
My Friends-لغز أختفاء العسل,https://nahdetmisrbookstore.com/ar/c03090820021p,,,Out of Stock,دار نهضة مصر
حورية البحر Lady Bird,https://nahdetmisrbookstore.com/ar/c03091120014p,100,70,In Stock,دار نهضة مصر
مائة مرقش و مرقش Lady Bird,https://nahdetmisrbookstore.com/ar/c03091120016p,100,70,In Stock,دار نهضة مصر
جامعة المرعبين Roaring Rivals,https://nahdetmisrbookstore.com/ar/c03091320039p,75,52,In Stock,دار نهضة مصر
Plans-Dusty to the Rescue,https://nahdetmisrbookstore.com/ar/c03091420111p,,,Out of Stock,دار نهضة مصر
Disney 365 Stories for Girls,https://nahdetmisrbookstore.com/ar/c03091420124p,850,595,In Stock,دار نهضة مصر
Royal Treasury Storybook,https://nahdetmisrbookstore.com/ar/c03091420133p,280,196,In Stock,دار نهضة مصر
Disney pixar أروع الحكايات,https://nahdetmisrbookstore.com/ar/c030917210033p,700,490,In Stock,دار نهضة مصر
Frozen A brave beginning,https://nahdetmisrbookstore.com/ar/c030917220019p,70,49,In Stock,دار نهضة مصر
أروع شيء,https://nahdetmisrbookstore.com/ar/c030918210204p,130,91,In Stock,دار نهضة مصر
Levels of reading Jsmine & Ariel,https://nahdetmisrbookstore.com/ar/c030919220260p,120,84,In Stock,دار نهضة مصر
Toy story 4 Movie storybook,https://nahdetmisrbookstore.com/ar/c030920210401p,395,276,In Stock,دار نهضة مصر
حكاية لعبة قصة فيلم 4 toy story,https://nahdetmisrbookstore.com/ar/c030920210443p,375,262,In Stock,دار نهضة مصر
حكايات قبل النوم الأميرات,https://nahdetmisrbookstore.com/ar/c030921210483p,420,294,In Stock,دار نهضة مصر
365قصة قبل النوم,https://nahdetmisrbookstore.com/ar/c030921210574p,850,595,In Stock,دار نهضة مصر
365Bedtime Stories,https://nahdetmisrbookstore.com/ar/c030921210581p,850,595,In Stock,دار نهضة مصر
حكايات قبل النوم الأبطال,https://nahdetmisrbookstore.com/ar/c030921220484p,420,294,In Stock,دار نهضة مصر
حكايات الطبيبة الصغيرة,https://nahdetmisrbookstore.com/ar/c030923210668p,390,273,In Stock,دار نهضة مصر
حكايات جليسات الأطفال,https://nahdetmisrbookstore.com/ar/c030923210672p,265,186,In Stock,دار نهضة مصر
اكتشف الفرق,https://nahdetmisrbookstore.com/ar/c030925211048p,130,91,In Stock,دار نهضة مصر
Scar: A Dark and Scary Night,https://nahdetmisrbookstore.com/ar/c030925220963p,90,63,In Stock,دار نهضة مصر
Moana 2,https://nahdetmisrbookstore.com/ar/c030925221192p,120,84,In Stock,دار نهضة مصر
موانا 2,https://nahdetmisrbookstore.com/ar/c030925221193p,110,77,In Stock,دار نهضة مصر
Go To Sleep Anxiety Inside Out2,https://nahdetmisrbookstore.com/ar/c030925221194p,180,126,In Stock,دار نهضة مصر
حان وقت النوم يا توتر,https://nahdetmisrbookstore.com/ar/c030925221195p,175,122,In Stock,دار نهضة مصر
سفينتي يوفوريا رواية,https://nahdetmisrbookstore.com/ar/c030926121389p,375,262,In Stock,دار نهضة مصر
365 Histoires Pour Le Soir,https://nahdetmisrbookstore.com/ar/c030926211343p,975,682,In Stock,دار نهضة مصر
7 Histoires Pour La Semaine,https://nahdetmisrbookstore.com/ar/c030926211344p,360,252,In Stock,دار نهضة مصر
أكاديمية المستكشفين 1 سر نيبيولا,https://nahdetmisrbookstore.com/ar/c030926221351p,300,210,In Stock,دار نهضة مصر
أكاديمية المستكشفين 2- ريشة الصقر,https://nahdetmisrbookstore.com/ar/c030926221352p,300,210,In Stock,دار نهضة مصر
alphabet mystery,https://nahdetmisrbookstore.com/ar/c030938210203p,,,Out of Stock,دار نهضة مصر
سارة ترسم و تعزف موسيقى,https://nahdetmisrbookstore.com/ar/c030938210460p,110,77,In Stock,دار نهضة مصر
سارة فارعة الطول متوسطة الجمال,https://nahdetmisrbookstore.com/ar/c030938220152p,50,35,In Stock,دار نهضة مصر
الواهب,https://nahdetmisrbookstore.com/ar/c030938220154p,50,35,In Stock,دار نهضة مصر
تل الأرانب,https://nahdetmisrbookstore.com/ar/c030938220156p,,,Out of Stock,دار نهضة مصر
هدايا جدتى,https://nahdetmisrbookstore.com/ar/c030938220222p,55,38,In Stock,دار نهضة مصر
Tangled يوم مذهل,https://nahdetmisrbookstore.com/ar/c030938220262p,75,52,In Stock,دار نهضة مصر
Disney - الأسد الملك,https://nahdetmisrbookstore.com/ar/c030938220263p,55,38,In Stock,دار نهضة مصر
سيد الخواتم عودة الملك,https://nahdetmisrbookstore.com/ar/c030938220296p,360,252,In Stock,دار نهضة مصر
سارة ترسم و تعزف موسيقى,https://nahdetmisrbookstore.com/ar/c030938220459p,100,70,In Stock,دار نهضة مصر
ماجد و السمكة العجيبة,https://nahdetmisrbookstore.com/ar/c030938220479p,65,46,In Stock,دار نهضة مصر
المدينة الجميلة,https://nahdetmisrbookstore.com/ar/c030938220490p,150,105,In Stock,دار نهضة مصر
Zootropolis-جريمة فى حى القوارض,https://nahdetmisrbookstore.com/ar/c030938220494p,75,52,In Stock,دار نهضة مصر
Lion King,https://nahdetmisrbookstore.com/ar/c030938230264p,55,38,In Stock,دار نهضة مصر
أين أختفى أخرالديناصوراتE,https://nahdetmisrbookstore.com/ar/c03096020047p,200,140,In Stock,دار نهضة مصر
نحن مميزون,https://nahdetmisrbookstore.com/ar/c03096020157p,310,217,In Stock,دار نهضة مصر
Disney Storybook Collection,https://nahdetmisrbookstore.com/ar/c03096020218p,500,350,In Stock,دار نهضة مصر
ديزني - أجمل الحكايات,https://nahdetmisrbookstore.com/ar/c03096020219p,500,350,In Stock,دار نهضة مصر
فريق كرة القدم الشرس,https://nahdetmisrbookstore.com/ar/c03096020242p,130,91,In Stock,دار نهضة مصر
فريق كرة القدم الشرس,https://nahdetmisrbookstore.com/ar/c03096020243p,150,105,In Stock,دار نهضة مصر
10ملوك وملكات غيروا العالم,https://nahdetmisrbookstore.com/ar/c03101420009p,550,385,In Stock,دار نهضة مصر
اختراع وحقيقة مدهشة 1001 عن الحضارة الاسلامية,https://nahdetmisrbookstore.com/ar/c03101420084p,280,196,In Stock,دار نهضة مصر
تتبع الخريطة,https://nahdetmisrbookstore.com/ar/c031017220001p,95,66,In Stock,دار نهضة مصر
حياتك بعد الأربعين New,https://nahdetmisrbookstore.com/ar/c031019120275p,225,158,In Stock,دار نهضة مصر
صلاح مترجم,https://nahdetmisrbookstore.com/ar/c031019120281p,,,Out of Stock,دار نهضة مصر
في خدمة الملكة والخديوى.. مذكرات مسئول إنجليزى في مصر,https://nahdetmisrbookstore.com/ar/c031024220927p,325,228,In Stock,دار نهضة مصر
World Atlas,https://nahdetmisrbookstore.com/ar/c031025211356p,655,458,In Stock,دار نهضة مصر
أسرار أبى الهول,https://nahdetmisrbookstore.com/ar/c031038220256p,,,Out of Stock,دار نهضة مصر
الأخوان رايت,https://nahdetmisrbookstore.com/ar/c031038220480p,25,18,In Stock,دار نهضة مصر
المنظمات الدولية-منظمة الصحة,https://nahdetmisrbookstore.com/ar/c04010620072p,60,42,In Stock,دار نهضة مصر
مشاهدات علمية الكتابة,https://nahdetmisrbookstore.com/ar/c04010720003p,310,217,In Stock,دار نهضة مصر
موضوعات تهمك الحرب و الصراع,https://nahdetmisrbookstore.com/ar/c04010720017p,55,38,In Stock,دار نهضة مصر
موضوعات تهمك الإنتخابات و التصويت,https://nahdetmisrbookstore.com/ar/c04010720018p,55,38,In Stock,دار نهضة مصر
حقائق مدهشة عجائب الدنيا,https://nahdetmisrbookstore.com/ar/c04010720050p,,,Out of Stock,دار نهضة مصر
اقرأ مع ناشيونال جيوجرافيك الثعابين,https://nahdetmisrbookstore.com/ar/c040121220527p,145,102,In Stock,دار نهضة مصر
اقرأ مع ناشيونال جيوجرافيك العناكب,https://nahdetmisrbookstore.com/ar/c040121220528p,145,102,In Stock,دار نهضة مصر
اقرأ مع ناشيونال جيوجرافيك الحيتان,https://nahdetmisrbookstore.com/ar/c040121220529p,195,136,In Stock,دار نهضة مصر
اقرأ مع ناشيونال جيوجرافيك الباندا,https://nahdetmisrbookstore.com/ar/c040121220530p,145,102,In Stock,دار نهضة مصر
اقرأ مع ناشيونال جيوجرافيك المومياوات,https://nahdetmisrbookstore.com/ar/c040121220531p,145,102,In Stock,دار نهضة مصر
اقرأ مع ناشيونال جيوجرافيك الديناصورات,https://nahdetmisrbookstore.com/ar/c040121220533p,145,102,In Stock,دار نهضة مصر
اقرأ مع ناشيونال جيوغرافيك القطط أم الكلاب,https://nahdetmisrbookstore.com/ar/c040121220534p,195,136,In Stock,دار نهضة مصر
موسوعة أغرب من الخيال 2,https://nahdetmisrbookstore.com/ar/c040125220949p,460,322,In Stock,دار نهضة مصر
اقرأ مع ناشيونال: قدرات الحيوانات,https://nahdetmisrbookstore.com/ar/c040125220950p,145,102,In Stock,دار نهضة مصر
In the Desert-National kids,https://nahdetmisrbookstore.com/ar/c040125221099p,170,119,In Stock,دار نهضة مصر
Ultimate Weird but True 1,https://nahdetmisrbookstore.com/ar/c040125221100p,470,329,In Stock,دار نهضة مصر
Ultimate Weird but True 2,https://nahdetmisrbookstore.com/ar/c040125221101p,470,329,In Stock,دار نهضة مصر
National Kids-Mars,https://nahdetmisrbookstore.com/ar/c040125221117p,200,140,In Stock,دار نهضة مصر
أسئلة وأجوبة -اسباب تغير تضاريس الأرض,https://nahdetmisrbookstore.com/ar/c040138210400p,,,Out of Stock,دار نهضة مصر
من أجل صحة أفضل صحة القلب,https://nahdetmisrbookstore.com/ar/c040138220163p,50,35,In Stock,دار نهضة مصر
روائع الأختراعات -الفضاء الخارجى,https://nahdetmisrbookstore.com/ar/c040138220218p,,,Out of Stock,دار نهضة مصر
هيا نقرأ الحيوانات المفترسة,https://nahdetmisrbookstore.com/ar/c040138220476p,,,Out of Stock,دار نهضة مصر
مغامرات بينى فى العصر الحجرى,https://nahdetmisrbookstore.com/ar/c040138220530p,,,Out of Stock,دار نهضة مصر
مغامرات بينى قائد البالون,https://nahdetmisrbookstore.com/ar/c040138220533p,220,154,In Stock,دار نهضة مصر
أموالى قوة الإنفاق,https://nahdetmisrbookstore.com/ar/c04016020010p,,,Out of Stock,دار نهضة مصر
Food From Another Coun,https://nahdetmisrbookstore.com/ar/c04016020188p,70,49,In Stock,دار نهضة مصر
مشاهدات علمية العلوم,https://nahdetmisrbookstore.com/ar/c04016020201p,,,Out of Stock,دار نهضة مصر
حكايات صغيرة منزلنا الجديد,https://nahdetmisrbookstore.com/ar/c04020620139p,60,42,In Stock,دار نهضة مصر
سالى و الحلم المثالى,https://nahdetmisrbookstore.com/ar/c04021020041p,,,Out of Stock,دار نهضة مصر
Levels of Reading Inside out,https://nahdetmisrbookstore.com/ar/c04026020215p,100,70,In Stock,دار نهضة مصر
Levels of Reading 2 Frozen,https://nahdetmisrbookstore.com/ar/c04026020216p,100,70,In Stock,دار نهضة مصر
Levels of Reading Zootropolis,https://nahdetmisrbookstore.com/ar/c04026020217p,,,Out of Stock,دار نهضة مصر
مشاهدات علمية الديانات والمعتقدات,https://nahdetmisrbookstore.com/ar/c04031320058p,310,217,In Stock,دار نهضة مصر
خبرات جديدة-فرى والنادى السرى,https://nahdetmisrbookstore.com/ar/c04040420004p,90,63,In Stock,دار نهضة مصر
خبرات جديدة-فرى يذهب مدرسة,https://nahdetmisrbookstore.com/ar/c04040420009p,90,63,In Stock,دار نهضة مصر
دبدوب ودبدوبة-مشكلة مع النقود,https://nahdetmisrbookstore.com/ar/c04040620007p,195,136,In Stock,دار نهضة مصر
دبدوب ودبدوبة غير مسموح للبنات م,https://nahdetmisrbookstore.com/ar/c04040620008p,,,Out of Stock,دار نهضة مصر
دبدوب و دبدوبة - الصدق,https://nahdetmisrbookstore.com/ar/c04040620013p,195,136,In Stock,دار نهضة مصر
المنظمات الدولية اليونيسف,https://nahdetmisrbookstore.com/ar/c04040620017p,65,46,In Stock,دار نهضة مصر
دبدوب و دبدوبة قواعد الذوق,https://nahdetmisrbookstore.com/ar/c04040620027p,195,136,In Stock,دار نهضة مصر
حكايات صغيرة طفلنا الجديد,https://nahdetmisrbookstore.com/ar/c04040620042p,,,Out of Stock,دار نهضة مصر
هيا نتحدث قول كلمة لا,https://nahdetmisrbookstore.com/ar/c04040620097p,,,Out of Stock,دار نهضة مصر
دبدوب و دبدوبة-الضغوط الكثيرة,https://nahdetmisrbookstore.com/ar/c04040620126p,,,Out of Stock,دار نهضة مصر
لماذا بعض الناس نباتيون ؟,https://nahdetmisrbookstore.com/ar/c04040720004p,55,38,In Stock,دار نهضة مصر
لماذا يدخن البعض ؟,https://nahdetmisrbookstore.com/ar/c04040720015p,55,38,In Stock,دار نهضة مصر
أموالى اجعل نقودك تنمو,https://nahdetmisrbookstore.com/ar/c04040720039p,,,Out of Stock,دار نهضة مصر
أموالى نقودك,https://nahdetmisrbookstore.com/ar/c04040720040p,,,Out of Stock,دار نهضة مصر
لماذا-يقسو البعض على الضعفاء؟,https://nahdetmisrbookstore.com/ar/c04040720045p,55,38,In Stock,دار نهضة مصر
لماذا-يعيش البعض فى الشوارع؟,https://nahdetmisrbookstore.com/ar/c04040720048p,55,38,In Stock,دار نهضة مصر
لماذا تنتهك حقوق الإنسان ؟,https://nahdetmisrbookstore.com/ar/c04040720049p,55,38,In Stock,دار نهضة مصر
قصصى الجميلة وينى و نمور,https://nahdetmisrbookstore.com/ar/c04041020005p,,,Out of Stock,دار نهضة مصر
سيطر على ألامك,https://nahdetmisrbookstore.com/ar/c04041020026p,,,Out of Stock,دار نهضة مصر
قصصى الجميلة Tigger and Pooh,https://nahdetmisrbookstore.com/ar/c04041420002p,,,Out of Stock,دار نهضة مصر
سيطر على توترك,https://nahdetmisrbookstore.com/ar/c04041420039p,,,Out of Stock,دار نهضة مصر
حكايات وينى A Portrait of Frien,https://nahdetmisrbookstore.com/ar/c04041420076p,,,Out of Stock,دار نهضة مصر
حكايات وينى Under the Weather,https://nahdetmisrbookstore.com/ar/c04041420077p,,,Out of Stock,دار نهضة مصر
حكايات وينى Don't be Roo,https://nahdetmisrbookstore.com/ar/c04041420078p,,,Out of Stock,دار نهضة مصر
حكايات وينى Forget Me Knot,https://nahdetmisrbookstore.com/ar/c04041420079p,,,Out of Stock,دار نهضة مصر
حكايات وينى مفاجأة اليوم,https://nahdetmisrbookstore.com/ar/c04041420080p,,,Out of Stock,دار نهضة مصر
مشاهدات علمية المدينة,https://nahdetmisrbookstore.com/ar/c04041420091p,310,217,In Stock,دار نهضة مصر
فنون الطهى وصفات من الصين,https://nahdetmisrbookstore.com/ar/c04041420147p,95,66,In Stock,دار نهضة مصر
وصفات الأميرات DISNEY,https://nahdetmisrbookstore.com/ar/c04041420150p,295,206,In Stock,دار نهضة مصر
Staying safe Around strangers,https://nahdetmisrbookstore.com/ar/c04041520005p,45,32,In Stock,دار نهضة مصر
Staying safe On Line,https://nahdetmisrbookstore.com/ar/c04041520017p,45,32,In Stock,دار نهضة مصر
Staying safe Around Fire,https://nahdetmisrbookstore.com/ar/c04041520036p,45,32,In Stock,دار نهضة مصر
قبعات التفكير الست,https://nahdetmisrbookstore.com/ar/c040420120480p,120,84,In Stock,دار نهضة مصر
Time to face your fears,https://nahdetmisrbookstore.com/ar/c040421220471p,140,98,In Stock,دار نهضة مصر
Time to eat healthy,https://nahdetmisrbookstore.com/ar/c040421220472p,140,98,In Stock,دار نهضة مصر
Time to tell the truth,https://nahdetmisrbookstore.com/ar/c040421220473p,140,98,In Stock,دار نهضة مصر
Time to put away the Screen,https://nahdetmisrbookstore.com/ar/c040421220474p,140,98,In Stock,دار نهضة مصر
ملء الدلاء من الألف إلى الياء,https://nahdetmisrbookstore.com/ar/c040421220475p,100,70,In Stock,دار نهضة مصر
حان وقت مواجهة مخاوفك,https://nahdetmisrbookstore.com/ar/c040421220485p,120,84,In Stock,دار نهضة مصر
حان وقت تناول الطعام الصحى,https://nahdetmisrbookstore.com/ar/c040421220486p,120,84,In Stock,دار نهضة مصر
حان وقت قول الحقيقة,https://nahdetmisrbookstore.com/ar/c040421220487p,120,84,In Stock,دار نهضة مصر
حان وقت ابعاد الشاشات,https://nahdetmisrbookstore.com/ar/c040421220488p,120,84,In Stock,دار نهضة مصر
جولة فى عالم الرياضيات المنزل,https://nahdetmisrbookstore.com/ar/c040421220504p,145,102,In Stock,دار نهضة مصر
Time For Kindness,https://nahdetmisrbookstore.com/ar/c040423220682p,140,98,In Stock,دار نهضة مصر
حان وقت تحمل المسئولية,https://nahdetmisrbookstore.com/ar/c040423220688p,120,84,In Stock,دار نهضة مصر
Time To Try Again,https://nahdetmisrbookstore.com/ar/c040423220694p,140,98,In Stock,دار نهضة مصر
جينو و جينى فيلم و لا علم,https://nahdetmisrbookstore.com/ar/c040438210436p,,,Out of Stock,دار نهضة مصر
جينوو جينى مغامرون تحت الصفر,https://nahdetmisrbookstore.com/ar/c040438210438p,,,Out of Stock,دار نهضة مصر
طبيعة الحياة عباد الشمس,https://nahdetmisrbookstore.com/ar/c040438220361p,35,24,In Stock,دار نهضة مصر
طبيعة الحياة الحمام,https://nahdetmisrbookstore.com/ar/c040438220365p,35,24,In Stock,دار نهضة مصر
مفاهيم جديدة عائلة خالية,https://nahdetmisrbookstore.com/ar/c040438220442p,95,66,In Stock,دار نهضة مصر
مفاهيم جديدة من السارق,https://nahdetmisrbookstore.com/ar/c040438220444p,95,66,In Stock,دار نهضة مصر
خبرات جديدة-فرى يزرع شجرة,https://nahdetmisrbookstore.com/ar/c040438220515p,90,63,In Stock,دار نهضة مصر
خبرات جديدة-فرى فى المستشفى,https://nahdetmisrbookstore.com/ar/c040438220516p,,,Out of Stock,دار نهضة مصر
خبرات جديدة فرى المهمل,https://nahdetmisrbookstore.com/ar/c040438220517p,90,63,In Stock,دار نهضة مصر
خبرات جديدة-فرى يخاف الظلام,https://nahdetmisrbookstore.com/ar/c040438220518p,,,Out of Stock,دار نهضة مصر
خبرات جديدة-فرى العنيد,https://nahdetmisrbookstore.com/ar/c040438220519p,,,Out of Stock,دار نهضة مصر
خبرات جديدة-عيد ميلاد فرى,https://nahdetmisrbookstore.com/ar/c040438220520p,90,63,In Stock,دار نهضة مصر
خبرات جديدة-فرى يذهب إلى المدرسة,https://nahdetmisrbookstore.com/ar/c040438220521p,,,Out of Stock,دار نهضة مصر
خبرات جديدة-فرى والمولود الجديد,https://nahdetmisrbookstore.com/ar/c040438220523p,90,63,In Stock,دار نهضة مصر
خبرات جديدة-فرى يتعلم كيف يعتذر,https://nahdetmisrbookstore.com/ar/c040438220524p,,,Out of Stock,دار نهضة مصر
مغامرات بينى المراسل صحفى,https://nahdetmisrbookstore.com/ar/c040438220529p,220,154,In Stock,دار نهضة مصر
ديزنى الأعداد و العد,https://nahdetmisrbookstore.com/ar/c040438230004p,,,Out of Stock,دار نهضة مصر
ديزنى أجمع و أطرح,https://nahdetmisrbookstore.com/ar/c040438230007p,,,Out of Stock,دار نهضة مصر
ديزنى Addition,https://nahdetmisrbookstore.com/ar/c040438230008p,,,Out of Stock,دار نهضة مصر
أول ألف كلمة فى حياتى فرنساوي,https://nahdetmisrbookstore.com/ar/c04050520012p,525,368,In Stock,دار نهضة مصر
أول ألف كلمة فى حياتى انجليزى,https://nahdetmisrbookstore.com/ar/c04050520016p,525,368,In Stock,دار نهضة مصر
ديزنى A.B.C,https://nahdetmisrbookstore.com/ar/c04050720105p,130,91,In Stock,دار نهضة مصر
أستمع و تعلم جولة فى المدينة,https://nahdetmisrbookstore.com/ar/c04050820042p,,,Out of Stock,دار نهضة مصر
أستمع و تعلم فى طريقنا,https://nahdetmisrbookstore.com/ar/c04051020034p,,,Out of Stock,دار نهضة مصر
أستمع و تعلم هيا نرتدى ملابسنا,https://nahdetmisrbookstore.com/ar/c04051020036p,,,Out of Stock,دار نهضة مصر
ديزنى Phonics Reading حجم كبير,https://nahdetmisrbookstore.com/ar/c04051320021p,,,Out of Stock,دار نهضة مصر
ديزنى Alphabet حجم كبير,https://nahdetmisrbookstore.com/ar/c04051320022p,,,Out of Stock,دار نهضة مصر
My First Picture Dictionary,https://nahdetmisrbookstore.com/ar/c04051420135p,525,368,In Stock,دار نهضة مصر
Vampirina alphabet learning,https://nahdetmisrbookstore.com/ar/c040519220258p,95,66,In Stock,دار نهضة مصر
Minnie numbers & counting learning,https://nahdetmisrbookstore.com/ar/c040519220259p,95,66,In Stock,دار نهضة مصر
Disney Learning-English brainboost lev1,https://nahdetmisrbookstore.com/ar/c040519220283p,210,147,In Stock,دار نهضة مصر
Disney Learning-English brainboost lev2,https://nahdetmisrbookstore.com/ar/c040519220284p,210,147,In Stock,دار نهضة مصر
Disney Learning-English brainboost lev3,https://nahdetmisrbookstore.com/ar/c040519220285p,210,147,In Stock,دار نهضة مصر
Disney Learning-English brainboost lev4,https://nahdetmisrbookstore.com/ar/c040519220286p,210,147,In Stock,دار نهضة مصر
أستمع و تعلم هيا نأكل,https://nahdetmisrbookstore.com/ar/c04056020018p,,,Out of Stock,دار نهضة مصر
مشاهدات علمية المادة,https://nahdetmisrbookstore.com/ar/c04060720095p,310,217,In Stock,دار نهضة مصر
ديزنى Addition حجم كبير,https://nahdetmisrbookstore.com/ar/c04061320023p,,,Out of Stock,دار نهضة مصر
أطلس الفضاء,https://nahdetmisrbookstore.com/ar/c04061320095p,740,518,In Stock,دار نهضة مصر
Disney Learning-Math brainboost level 1,https://nahdetmisrbookstore.com/ar/c040619220288p,210,147,In Stock,دار نهضة مصر
Disney Learning-Math brainboost level 3,https://nahdetmisrbookstore.com/ar/c040619220289p,210,147,In Stock,دار نهضة مصر
Disney Learning-Math brainboost level 4,https://nahdetmisrbookstore.com/ar/c040619220290p,210,147,In Stock,دار نهضة مصر
الأتوبيس جسم الإنسان,https://nahdetmisrbookstore.com/ar/c040638210333p,,,Out of Stock,دار نهضة مصر
الاتوبيس السحري - رحلة في الصحراء,https://nahdetmisrbookstore.com/ar/c040638210341p,,,Out of Stock,دار نهضة مصر
كائنات غريبة-عجائب الأزهار,https://nahdetmisrbookstore.com/ar/c040638210374p,,,Out of Stock,دار نهضة مصر
مشاهدات علمية الطعام,https://nahdetmisrbookstore.com/ar/c040638210563p,,,Out of Stock,دار نهضة مصر
الأتوبيس باطن الأرض,https://nahdetmisrbookstore.com/ar/c040638220334p,,,Out of Stock,دار نهضة مصر
الأتوبيس ظاهرة التحلل,https://nahdetmisrbookstore.com/ar/c040638220345p,,,Out of Stock,دار نهضة مصر
كائنات غريبة-عالم الميكروبات,https://nahdetmisrbookstore.com/ar/c040638220377p,170,119,In Stock,دار نهضة مصر
كائنات غريبة-الخنافس,https://nahdetmisrbookstore.com/ar/c040638220379p,170,119,In Stock,دار نهضة مصر
صحى و لذيذ,https://nahdetmisrbookstore.com/ar/c040638240537p,,,Out of Stock,دار نهضة مصر
هيا نكتشف-الكسور الحسابية,https://nahdetmisrbookstore.com/ar/c04066020090p,,,Out of Stock,دار نهضة مصر
هيا نكتشف أجمل الأوقات,https://nahdetmisrbookstore.com/ar/c04066020114p,100,70,In Stock,دار نهضة مصر
هيا نكتشف-القياس,https://nahdetmisrbookstore.com/ar/c04066020118p,80,56,In Stock,دار نهضة مصر
هيا نكتشف حساب الوقت,https://nahdetmisrbookstore.com/ar/c04066020120p,,,Out of Stock,دار نهضة مصر
القمر,https://nahdetmisrbookstore.com/ar/c04066020132p,,,Out of Stock,دار نهضة مصر
أنت و جيناتك,https://nahdetmisrbookstore.com/ar/c04066020133p,155,108,In Stock,دار نهضة مصر
الفيل,https://nahdetmisrbookstore.com/ar/c04070320001p,50,35,In Stock,دار نهضة مصر
مغامرات بينى - أعالى البحار,https://nahdetmisrbookstore.com/ar/c04070520004p,230,161,In Stock,دار نهضة مصر
مشاهدات علمية - جسم الإنسان مجلد,https://nahdetmisrbookstore.com/ar/c04070520043p,310,217,In Stock,دار نهضة مصر
عالم المواد الخشب,https://nahdetmisrbookstore.com/ar/c04070620002p,,,Out of Stock,دار نهضة مصر
دبدوب و دبدوبة-الأطعمة الضارة,https://nahdetmisrbookstore.com/ar/c04070620003p,195,136,In Stock,دار نهضة مصر
هيا نكتشف رسم الخرائط,https://nahdetmisrbookstore.com/ar/c04070620005p,,,Out of Stock,دار نهضة مصر
ديزنى هيا نزرع حديقة,https://nahdetmisrbookstore.com/ar/c04070620006p,,,Out of Stock,دار نهضة مصر
العلماء الصغار موسيقى المراعى,https://nahdetmisrbookstore.com/ar/c04070620012p,50,35,In Stock,دار نهضة مصر
ديزنى وينى البحث عن الحشرات,https://nahdetmisrbookstore.com/ar/c04070620026p,,,Out of Stock,دار نهضة مصر
طلب العلم-الحلزون المزدوج,https://nahdetmisrbookstore.com/ar/c04070620041p,,,Out of Stock,دار نهضة مصر
البيئة من حولنا -الطعام المعدل,https://nahdetmisrbookstore.com/ar/c04070620043p,60,42,In Stock,دار نهضة مصر
أمتع ما تقرأة الحواس,https://nahdetmisrbookstore.com/ar/c04070620047p,,,Out of Stock,دار نهضة مصر
#NAME?,https://nahdetmisrbookstore.com/ar/c04070620049p,,,Out of Stock,دار نهضة مصر
الكهرباء فى العمل,https://nahdetmisrbookstore.com/ar/c04070620056p,100,70,In Stock,دار نهضة مصر
أمتع ما تقرأه الدم,https://nahdetmisrbookstore.com/ar/c04070620059p,,,Out of Stock,دار نهضة مصر
الأطفال الرضع,https://nahdetmisrbookstore.com/ar/c04070620066p,,,Out of Stock,دار نهضة مصر
روائع الإختراعات-التكنولوجيا,https://nahdetmisrbookstore.com/ar/c04070620074p,60,42,In Stock,دار نهضة مصر
مشاهدات علمية الحفريات,https://nahdetmisrbookstore.com/ar/c04070620075p,310,217,In Stock,دار نهضة مصر
روائع الإختراعات-نحوالمستقبل,https://nahdetmisrbookstore.com/ar/c04070620083p,60,42,In Stock,دار نهضة مصر
Music of the Meadow,https://nahdetmisrbookstore.com/ar/c04070620087p,40,28,In Stock,دار نهضة مصر
National - الكائنات البحرية,https://nahdetmisrbookstore.com/ar/c04070620093p,,,Out of Stock,دار نهضة مصر
الكهرباء فى المنزل,https://nahdetmisrbookstore.com/ar/c04070620104p,100,70,In Stock,دار نهضة مصر
الكهرباء فى اللعب,https://nahdetmisrbookstore.com/ar/c04070620105p,100,70,In Stock,دار نهضة مصر
موسوعتى الأولى(الأرض)ديزنى,https://nahdetmisrbookstore.com/ar/c04070620106p,,,Out of Stock,دار نهضة مصر
مشاهدات علمية الهيكل العظمى,https://nahdetmisrbookstore.com/ar/c04070620110p,310,217,In Stock,دار نهضة مصر
روائع الإختراعات-أسلحة الحرب,https://nahdetmisrbookstore.com/ar/c04070620111p,,,Out of Stock,دار نهضة مصر
الألات العجيبة -الطائرات,https://nahdetmisrbookstore.com/ar/c04070620114p,,,Out of Stock,دار نهضة مصر
البيئة من حولنا التلوث,https://nahdetmisrbookstore.com/ar/c04070620116p,60,42,In Stock,دار نهضة مصر
البيئة من حولنا الإحتباس,https://nahdetmisrbookstore.com/ar/c04070620120p,,,Out of Stock,دار نهضة مصر
من الأشجار-الورق,https://nahdetmisrbookstore.com/ar/c04070620132p,150,105,In Stock,دار نهضة مصر
مشاهدات علمية المومياوات,https://nahdetmisrbookstore.com/ar/c04070720005p,,,Out of Stock,دار نهضة مصر
منجزات الطب-علم الوراثة و الطب,https://nahdetmisrbookstore.com/ar/c04070720022p,70,49,In Stock,دار نهضة مصر
قضايا صحية إصابات الملاعب,https://nahdetmisrbookstore.com/ar/c04070720023p,55,38,In Stock,دار نهضة مصر
قضايا صحية التدخين,https://nahdetmisrbookstore.com/ar/c04070720024p,55,38,In Stock,دار نهضة مصر
قضايا صحية الحساسية,https://nahdetmisrbookstore.com/ar/c04070720025p,55,38,In Stock,دار نهضة مصر
طلب العلم-قوة خفية,https://nahdetmisrbookstore.com/ar/c04070720026p,,,Out of Stock,دار نهضة مصر
طلب العلم قتل الجراثيم,https://nahdetmisrbookstore.com/ar/c04070720031p,85,60,In Stock,دار نهضة مصر
أمتع ما تقرأة الجراثيم,https://nahdetmisrbookstore.com/ar/c04070720033p,,,Out of Stock,دار نهضة مصر
منجزات الطب-الأجهزة فى عالم الطب,https://nahdetmisrbookstore.com/ar/c04070720034p,70,49,In Stock,دار نهضة مصر
منجزات الطب زرع الأعضاء,https://nahdetmisrbookstore.com/ar/c04070720035p,70,49,In Stock,دار نهضة مصر
احدث منجزات الطب نظرة داخل الجسم,https://nahdetmisrbookstore.com/ar/c04070720036p,,,Out of Stock,دار نهضة مصر
احدث منجزات الطب محاربة الأمراض المعدية,https://nahdetmisrbookstore.com/ar/c04070720037p,,,Out of Stock,دار نهضة مصر
قضايا صحية الربو,https://nahdetmisrbookstore.com/ar/c04070720046p,55,38,In Stock,دار نهضة مصر
قضايا صحية السرطان,https://nahdetmisrbookstore.com/ar/c04070720047p,55,38,In Stock,دار نهضة مصر
حقائق مدهشة اختراعات رائعة,https://nahdetmisrbookstore.com/ar/c04070720051p,60,42,In Stock,دار نهضة مصر
مشاهدات علمية - التكنولوجيا,https://nahdetmisrbookstore.com/ar/c04070720056p,310,217,In Stock,دار نهضة مصر
مشاهدات علمية المريخ,https://nahdetmisrbookstore.com/ar/c04070720066p,310,217,In Stock,دار نهضة مصر
مشاهدات علمية الروبوت,https://nahdetmisrbookstore.com/ar/c04070720069p,310,217,In Stock,دار نهضة مصر
مشاهدات علمية الصخور,https://nahdetmisrbookstore.com/ar/c04070720072p,,,Out of Stock,دار نهضة مصر
مشاهدات علمية الألات الطائرة,https://nahdetmisrbookstore.com/ar/c04070720073p,310,217,In Stock,دار نهضة مصر
مشاهدات علمية الإختراعات,https://nahdetmisrbookstore.com/ar/c04070720075p,,,Out of Stock,دار نهضة مصر
مشاهدات علمية البلورات,https://nahdetmisrbookstore.com/ar/c04070720077p,310,217,In Stock,دار نهضة مصر
مشاهدات علمية - الطب,https://nahdetmisrbookstore.com/ar/c04070720078p,310,217,In Stock,دار نهضة مصر
مشاهدات علمية الكيمياء,https://nahdetmisrbookstore.com/ar/c04070720079p,,,Out of Stock,دار نهضة مصر
كائنات إفريقية,https://nahdetmisrbookstore.com/ar/c04070820029p,205,144,In Stock,دار نهضة مصر
المعبد اليونانى القديم,https://nahdetmisrbookstore.com/ar/c04070920001p,65,46,In Stock,دار نهضة مصر
الآلة البشرية,https://nahdetmisrbookstore.com/ar/c04070920006p,110,77,In Stock,دار نهضة مصر
الآلات وعالم الصحة,https://nahdetmisrbookstore.com/ar/c04071020030p,110,77,In Stock,دار نهضة مصر
الآلات و الرياضة,https://nahdetmisrbookstore.com/ar/c04071020031p,,,Out of Stock,دار نهضة مصر
الآلات فى منازلنا,https://nahdetmisrbookstore.com/ar/c04071020032p,110,77,In Stock,دار نهضة مصر
الآلات و البناء,https://nahdetmisrbookstore.com/ar/c04071020033p,,,Out of Stock,دار نهضة مصر
تكنولوجيا المستقبل,https://nahdetmisrbookstore.com/ar/c04071020045p,170,119,In Stock,دار نهضة مصر
أغرب من الخيال رقم 1,https://nahdetmisrbookstore.com/ar/c04071320001p,180,126,In Stock,دار نهضة مصر
كتابى الأول Nature,https://nahdetmisrbookstore.com/ar/c04071320006p,,,Out of Stock,دار نهضة مصر
عدوا معى INFANTS,https://nahdetmisrbookstore.com/ar/c04071320008p,55,38,In Stock,دار نهضة مصر
تعلم ركوب الخيل,https://nahdetmisrbookstore.com/ar/c04071320011p,85,60,In Stock,دار نهضة مصر
كتابى الأول الحيوانات البرية,https://nahdetmisrbookstore.com/ar/c04071320016p,,,Out of Stock,دار نهضة مصر
ديزنى الجمع و الطرح -حجم كبير,https://nahdetmisrbookstore.com/ar/c04071320018p,,,Out of Stock,دار نهضة مصر
ديزنى الاعداد والعد حجم كبير,https://nahdetmisrbookstore.com/ar/c04071320019p,,,Out of Stock,دار نهضة مصر
أغرب من الخيال 2,https://nahdetmisrbookstore.com/ar/c04071320030p,180,126,In Stock,دار نهضة مصر
Colors,https://nahdetmisrbookstore.com/ar/c04071320042p,70,49,In Stock,دار نهضة مصر
Match,https://nahdetmisrbookstore.com/ar/c04071320043p,70,49,In Stock,دار نهضة مصر
Count,https://nahdetmisrbookstore.com/ar/c04071320044p,70,49,In Stock,دار نهضة مصر
Amazing animal,https://nahdetmisrbookstore.com/ar/c04071320063p,180,126,In Stock,دار نهضة مصر
Whales,https://nahdetmisrbookstore.com/ar/c04071320064p,180,126,In Stock,دار نهضة مصر
Cats vs. Dogs,https://nahdetmisrbookstore.com/ar/c04071320065p,180,126,In Stock,دار نهضة مصر
Mummies,https://nahdetmisrbookstore.com/ar/c04071320066p,170,119,In Stock,دار نهضة مصر
Ants,https://nahdetmisrbookstore.com/ar/c04071320067p,170,119,In Stock,دار نهضة مصر
National kids - Pandas,https://nahdetmisrbookstore.com/ar/c04071320068p,170,119,In Stock,دار نهضة مصر
Spiders,https://nahdetmisrbookstore.com/ar/c04071320069p,170,119,In Stock,دار نهضة مصر
National kids - Dinosaurs,https://nahdetmisrbookstore.com/ar/c04071320070p,170,119,In Stock,دار نهضة مصر
Snakes,https://nahdetmisrbookstore.com/ar/c04071320071p,170,119,In Stock,دار نهضة مصر
العالم الصغير فى المطبخ,https://nahdetmisrbookstore.com/ar/c04071320073p,120,84,In Stock,دار نهضة مصر
العالم الصغير فى الحديقة,https://nahdetmisrbookstore.com/ar/c04071320074p,120,84,In Stock,دار نهضة مصر
العالم الصغير جسمى,https://nahdetmisrbookstore.com/ar/c04071320075p,120,84,In Stock,دار نهضة مصر
العالم الصغير العاب المياة,https://nahdetmisrbookstore.com/ar/c04071320076p,120,84,In Stock,دار نهضة مصر
موسوعتى الصغيرة الفضاء,https://nahdetmisrbookstore.com/ar/c04071320077p,305,214,In Stock,دار نهضة مصر
موسوعتى الصغيرة لماذا,https://nahdetmisrbookstore.com/ar/c04071320078p,305,214,In Stock,دار نهضة مصر
باهر و الأجسام الكروية,https://nahdetmisrbookstore.com/ar/c04071320079p,95,66,In Stock,دار نهضة مصر
باهر و المربعات,https://nahdetmisrbookstore.com/ar/c04071320080p,95,66,In Stock,دار نهضة مصر
باهر و المثلثات,https://nahdetmisrbookstore.com/ar/c04071320082p,95,66,In Stock,دار نهضة مصر
باهر و الدوائر,https://nahdetmisrbookstore.com/ar/c04071320083p,95,66,In Stock,دار نهضة مصر
باهر و الخطوط,https://nahdetmisrbookstore.com/ar/c04071320084p,95,66,In Stock,دار نهضة مصر
موسوعة الحيوانات,https://nahdetmisrbookstore.com/ar/c04071320085p,850,595,In Stock,دار نهضة مصر
العواصف,https://nahdetmisrbookstore.com/ar/c04071320089p,145,102,In Stock,دار نهضة مصر
البراكين,https://nahdetmisrbookstore.com/ar/c04071320090p,145,102,In Stock,دار نهضة مصر
الطائرات,https://nahdetmisrbookstore.com/ar/c04071320091p,145,102,In Stock,دار نهضة مصر
وجها لوجه الفراشات,https://nahdetmisrbookstore.com/ar/c04071320092p,90,63,In Stock,دار نهضة مصر
Angry Birds الحيوانات,https://nahdetmisrbookstore.com/ar/c04071320093p,175,122,In Stock,دار نهضة مصر
فى الفضاء Angry,https://nahdetmisrbookstore.com/ar/c04071420088p,175,122,In Stock,دار نهضة مصر
السلاحف البحرية,https://nahdetmisrbookstore.com/ar/c04071420105p,145,102,In Stock,دار نهضة مصر
رحلات الحيوانات,https://nahdetmisrbookstore.com/ar/c04071420106p,195,136,In Stock,دار نهضة مصر
الحيوانات المفترس,https://nahdetmisrbookstore.com/ar/c04071420107p,195,136,In Stock,دار نهضة مصر
وجها لوجه الضفادع,https://nahdetmisrbookstore.com/ar/c04071420108p,,,Out of Stock,دار نهضة مصر
صغار الحيوانات,https://nahdetmisrbookstore.com/ar/c04071420119p,70,49,In Stock,دار نهضة مصر
الأشكال,https://nahdetmisrbookstore.com/ar/c04071420120p,70,49,In Stock,دار نهضة مصر
كل شىء عنى,https://nahdetmisrbookstore.com/ar/c04071420121p,70,49,In Stock,دار نهضة مصر
المتشابة و المختلف,https://nahdetmisrbookstore.com/ar/c04071420122p,70,49,In Stock,دار نهضة مصر
باهر والطاقة و الحركة,https://nahdetmisrbookstore.com/ar/c04071520002p,95,66,In Stock,دار نهضة مصر
باهر و الخامات والمواد,https://nahdetmisrbookstore.com/ar/c04071520003p,95,66,In Stock,دار نهضة مصر
باهر و المنشآت و الأبنية,https://nahdetmisrbookstore.com/ar/c04071520004p,95,66,In Stock,دار نهضة مصر
باهر و الالات البسيطة,https://nahdetmisrbookstore.com/ar/c04071520014p,95,66,In Stock,دار نهضة مصر
Staying safe Food safty,https://nahdetmisrbookstore.com/ar/c04071520015p,45,32,In Stock,دار نهضة مصر
Staying safty On the Play ground,https://nahdetmisrbookstore.com/ar/c04071520016p,45,32,In Stock,دار نهضة مصر
انظر وتعلم الدببة,https://nahdetmisrbookstore.com/ar/c04071520023p,75,52,In Stock,دار نهضة مصر
انظر وتعلم الحشرات,https://nahdetmisrbookstore.com/ar/c04071520024p,75,52,In Stock,دار نهضة مصر
انظر وتعلم النقوش المتكررة,https://nahdetmisrbookstore.com/ar/c04071520025p,75,52,In Stock,دار نهضة مصر
انظر وتعلم الناس,https://nahdetmisrbookstore.com/ar/c04071520026p,75,52,In Stock,دار نهضة مصر
انظر وتعلم وسائل النقل,https://nahdetmisrbookstore.com/ar/c04071520027p,75,52,In Stock,دار نهضة مصر
أستكشف العالم الفهود الثلجية,https://nahdetmisrbookstore.com/ar/c04071520028p,,,Out of Stock,دار نهضة مصر
أستكشف العالم صغار الحيوانات,https://nahdetmisrbookstore.com/ar/c04071520029p,,,Out of Stock,دار نهضة مصر
أستكشف العالم السحاب,https://nahdetmisrbookstore.com/ar/c04071520030p,,,Out of Stock,دار نهضة مصر
أستكشف العالم الفراشات,https://nahdetmisrbookstore.com/ar/c04071520031p,,,Out of Stock,دار نهضة مصر
كل شيء عن... الحشرات,https://nahdetmisrbookstore.com/ar/c04071520038p,70,49,In Stock,دار نهضة مصر
كل شيءعن... المجموعة الشمسية,https://nahdetmisrbookstore.com/ar/c04071520039p,,,Out of Stock,دار نهضة مصر
كل شيءعن...العناكب,https://nahdetmisrbookstore.com/ar/c04071520040p,,,Out of Stock,دار نهضة مصر
كل شيء عن... الأنهار,https://nahdetmisrbookstore.com/ar/c04071520041p,,,Out of Stock,دار نهضة مصر
كل شيء عن... أسماك القرش,https://nahdetmisrbookstore.com/ar/c04071520042p,70,49,In Stock,دار نهضة مصر
كل شيء عن... الطقس,https://nahdetmisrbookstore.com/ar/c04071520043p,,,Out of Stock,دار نهضة مصر
كل شيء عن...القطبين المتجمدين,https://nahdetmisrbookstore.com/ar/c04071520045p,70,49,In Stock,دار نهضة مصر
المادة التي يتكون منها جسمك,https://nahdetmisrbookstore.com/ar/c040717220024p,,,Out of Stock,دار نهضة مصر
المادة التي يتكون منها الكون,https://nahdetmisrbookstore.com/ar/c040718220141p,90,63,In Stock,دار نهضة مصر
المادة التي يتكون منها مخك,https://nahdetmisrbookstore.com/ar/c040718220142p,90,63,In Stock,دار نهضة مصر
المادة التي تتكون منها عائلتك,https://nahdetmisrbookstore.com/ar/c040718220143p,90,63,In Stock,دار نهضة مصر
موسوعتي الصغيرة: كيف؟,https://nahdetmisrbookstore.com/ar/c040718220196p,305,214,In Stock,دار نهضة مصر
موسوعتي الصغيرة: لماذا؟ (2),https://nahdetmisrbookstore.com/ar/c040718220197p,305,214,In Stock,دار نهضة مصر
باهر فى المستقبل البيوت والمعمار,https://nahdetmisrbookstore.com/ar/c040719220213p,95,66,In Stock,دار نهضة مصر
أنا البكتيريا,https://nahdetmisrbookstore.com/ar/c040719220239p,95,66,In Stock,دار نهضة مصر
قصة حياة البكتيريا,https://nahdetmisrbookstore.com/ar/c040719220240p,95,66,In Stock,دار نهضة مصر
روبوتات بشرية,https://nahdetmisrbookstore.com/ar/c040719220252p,,,Out of Stock,دار نهضة مصر
روبوتات الحيوانات,https://nahdetmisrbookstore.com/ar/c040719220253p,70,49,In Stock,دار نهضة مصر
Disney Learning shapes,https://nahdetmisrbookstore.com/ar/c040719220276p,100,70,In Stock,دار نهضة مصر
Disney Learning opposites,https://nahdetmisrbookstore.com/ar/c040719220277p,100,70,In Stock,دار نهضة مصر
Disney Learning feelings,https://nahdetmisrbookstore.com/ar/c040719220278p,100,70,In Stock,دار نهضة مصر
Disney Learning numbers,https://nahdetmisrbookstore.com/ar/c040719220279p,100,70,In Stock,دار نهضة مصر
Disney Learning letters,https://nahdetmisrbookstore.com/ar/c040719220280p,100,70,In Stock,دار نهضة مصر
Disney Learning-Math brainboost level 2,https://nahdetmisrbookstore.com/ar/c040719220287p,210,147,In Stock,دار نهضة مصر
البكتيريا والجينات,https://nahdetmisrbookstore.com/ar/c040720220307p,95,66,In Stock,دار نهضة مصر
جيش البكتيريا النافعة,https://nahdetmisrbookstore.com/ar/c040720220370p,95,66,In Stock,دار نهضة مصر
موسوعتي الصغيرة أطلس العالم,https://nahdetmisrbookstore.com/ar/c040720220413p,305,214,In Stock,دار نهضة مصر
موسوعتي الصغيرة العلوم,https://nahdetmisrbookstore.com/ar/c040720220414p,305,214,In Stock,دار نهضة مصر
موسوعتي الصغيرة الطقس,https://nahdetmisrbookstore.com/ar/c040720220415p,305,214,In Stock,دار نهضة مصر
تعلم التكنولوجيا-تصميم صور,https://nahdetmisrbookstore.com/ar/c040738210243p,130,91,In Stock,دار نهضة مصر
ميجاتيك الذكاء الأصطناعى,https://nahdetmisrbookstore.com/ar/c040738210407p,60,42,In Stock,دار نهضة مصر
ميجاتيك الهندسة الوراثية,https://nahdetmisrbookstore.com/ar/c040738210409p,60,42,In Stock,دار نهضة مصر
ميجاتيك الفضاءالأفتراضى,https://nahdetmisrbookstore.com/ar/c040738210411p,60,42,In Stock,دار نهضة مصر
العلوم الطبيعية التراكيب,https://nahdetmisrbookstore.com/ar/c040738220209p,,,Out of Stock,دار نهضة مصر
العلوم الطبيعية الخامات,https://nahdetmisrbookstore.com/ar/c040738220210p,120,84,In Stock,دار نهضة مصر
العلوم الطبيعية الحركة و القوى,https://nahdetmisrbookstore.com/ar/c040738220212p,120,84,In Stock,دار نهضة مصر
الكائنات البحرية,https://nahdetmisrbookstore.com/ar/c040738220226p,180,126,In Stock,دار نهضة مصر
National - حماية الكواكب,https://nahdetmisrbookstore.com/ar/c040738220226p-1767700729,,,Out of Stock,دار نهضة مصر
من القطن إلى الجينز,https://nahdetmisrbookstore.com/ar/c040738220234p,145,102,In Stock,دار نهضة مصر
من البقر إلى الأيس كريم,https://nahdetmisrbookstore.com/ar/c040738220235p,145,102,In Stock,دار نهضة مصر
National - من القمح إلى الخبز,https://nahdetmisrbookstore.com/ar/c040738220236p,,,Out of Stock,دار نهضة مصر
تعلم التكنولوجيا تصميم الصور,https://nahdetmisrbookstore.com/ar/c040738220242p,120,84,In Stock,دار نهضة مصر
تعلم التكنولوجيا التعامل مع الكلمات,https://nahdetmisrbookstore.com/ar/c040738220246p,120,84,In Stock,دار نهضة مصر
عالم المواد المعادن,https://nahdetmisrbookstore.com/ar/c040738220248p,60,42,In Stock,دار نهضة مصر
عالم المواد الزجاج,https://nahdetmisrbookstore.com/ar/c040738220249p,60,42,In Stock,دار نهضة مصر
عالم المواد الخرسانة,https://nahdetmisrbookstore.com/ar/c040738220251p,60,42,In Stock,دار نهضة مصر
الاتوبيس السحري - رحلة داخل الشجرة,https://nahdetmisrbookstore.com/ar/c04076020001p,,,Out of Stock,دار نهضة مصر
الاتوبيس السحري - رحلة الي بيئات الحيوانات,https://nahdetmisrbookstore.com/ar/c04076020004p,,,Out of Stock,دار نهضة مصر
أستكشف العالم طيور البطريق,https://nahdetmisrbookstore.com/ar/c04076020043p,,,Out of Stock,دار نهضة مصر
الألات العجيبة القطارات,https://nahdetmisrbookstore.com/ar/c04076020136p,,,Out of Stock,دار نهضة مصر
الألات العجيبة -الصواريخ,https://nahdetmisrbookstore.com/ar/c04076020140p,,,Out of Stock,دار نهضة مصر
الألات العجيبة -القوارب,https://nahdetmisrbookstore.com/ar/c04076020142p,,,Out of Stock,دار نهضة مصر
الألات العجيبة -الغواصات,https://nahdetmisrbookstore.com/ar/c04076020145p,,,Out of Stock,دار نهضة مصر
أستكشف العالم الليل,https://nahdetmisrbookstore.com/ar/c04076020223p,,,Out of Stock,دار نهضة مصر
أستكشف العالم الشجرة,https://nahdetmisrbookstore.com/ar/c04076020224p,,,Out of Stock,دار نهضة مصر
أنظر و تعلم كائنات المحيط,https://nahdetmisrbookstore.com/ar/c04076020225p,75,52,In Stock,دار نهضة مصر
أنظر و تعلم انظر لأعلى,https://nahdetmisrbookstore.com/ar/c04076020226p,75,52,In Stock,دار نهضة مصر
إبحث عن رابونزيل,https://nahdetmisrbookstore.com/ar/c04076020249p,115,80,In Stock,دار نهضة مصر
إبحث عن نيمو,https://nahdetmisrbookstore.com/ar/c04080820017p,115,80,In Stock,دار نهضة مصر
إبحث عن ميكى و أصدقائه,https://nahdetmisrbookstore.com/ar/c04080820034p,115,80,In Stock,دار نهضة مصر
Super Coloring Disney,https://nahdetmisrbookstore.com/ar/c04081020014p,170,119,In Stock,دار نهضة مصر
Super Coloring Mickey,https://nahdetmisrbookstore.com/ar/c04081020015p,170,119,In Stock,دار نهضة مصر
السنافر-1فكر و العب مع السنافر ط.,https://nahdetmisrbookstore.com/ar/c04081020020p,,,Out of Stock,دار نهضة مصر
إبحث عن فريد ورامز فوق,https://nahdetmisrbookstore.com/ar/c04081020035p,115,80,In Stock,دار نهضة مصر
قصة فيلم فوق,https://nahdetmisrbookstore.com/ar/c04081020037p,225,158,In Stock,دار نهضة مصر
إبحث عن حكاية لعبة 3,https://nahdetmisrbookstore.com/ar/c04081120008p,115,80,In Stock,دار نهضة مصر
حكايات و ملصقات Cars,https://nahdetmisrbookstore.com/ar/c04081220014p,50,35,In Stock,دار نهضة مصر
حكايات و ملصقات Brave,https://nahdetmisrbookstore.com/ar/c04081220016p,,,Out of Stock,دار نهضة مصر
ميجا تلوين المرعبين فى الجامعة,https://nahdetmisrbookstore.com/ar/c04081320017p,105,74,In Stock,دار نهضة مصر
السنافر GIANT Coloring,https://nahdetmisrbookstore.com/ar/c04081320031p,,,Out of Stock,دار نهضة مصر
السنافر Coloring Book,https://nahdetmisrbookstore.com/ar/c04081320032p,,,Out of Stock,دار نهضة مصر
إقرأ و لون جامعة المرعبين,https://nahdetmisrbookstore.com/ar/c04081320035p,90,63,In Stock,دار نهضة مصر
ميجا تلوين الطائرات,https://nahdetmisrbookstore.com/ar/c04081320037p,105,74,In Stock,دار نهضة مصر
لون مع ويني نمور,https://nahdetmisrbookstore.com/ar/c04081420017p,180,126,In Stock,دار نهضة مصر
ألعاب فى الهواء الطلق,https://nahdetmisrbookstore.com/ar/c04081420025p,,,Out of Stock,دار نهضة مصر
ألعاب داخل المنزل,https://nahdetmisrbookstore.com/ar/c04081420026p,,,Out of Stock,دار نهضة مصر
لون مع أميرات,https://nahdetmisrbookstore.com/ar/c04081420027p,180,126,In Stock,دار نهضة مصر
BUMPER COLOUR PRINCESS,https://nahdetmisrbookstore.com/ar/c04081420029p,180,126,In Stock,دار نهضة مصر
إلصق و لون بامبى,https://nahdetmisrbookstore.com/ar/c04081420033p,100,70,In Stock,دار نهضة مصر
إلصق و لون راتاتوى,https://nahdetmisrbookstore.com/ar/c04081420035p,100,70,In Stock,دار نهضة مصر
إلصق و لون الخارقون,https://nahdetmisrbookstore.com/ar/c04081420036p,100,70,In Stock,دار نهضة مصر
إلصق و لون بيتر بان,https://nahdetmisrbookstore.com/ar/c04081420037p,100,70,In Stock,دار نهضة مصر
لون مع الأسد الملك بامبي,https://nahdetmisrbookstore.com/ar/c04081420040p,180,126,In Stock,دار نهضة مصر
لون مع نيمو الخارقون,https://nahdetmisrbookstore.com/ar/c04081420041p,180,126,In Stock,دار نهضة مصر
إبحث عن عالم السيارات,https://nahdetmisrbookstore.com/ar/c04081420044p,115,80,In Stock,دار نهضة مصر
Tigger& pooh -كتاب تلوين,https://nahdetmisrbookstore.com/ar/c04081420049p,,,Out of Stock,دار نهضة مصر
BUMPER COLOUR LION KING,https://nahdetmisrbookstore.com/ar/c04081420066p,180,126,In Stock,دار نهضة مصر
BUMPER COLOURING WINNIE,https://nahdetmisrbookstore.com/ar/c04081420067p,180,126,In Stock,دار نهضة مصر
كيف ترسم أبطال ديزنى,https://nahdetmisrbookstore.com/ar/c04081420070p,,,Out of Stock,دار نهضة مصر
كيف ترسم الجنيات,https://nahdetmisrbookstore.com/ar/c04081420071p,45,32,In Stock,دار نهضة مصر
إقرأ و لون السيارات,https://nahdetmisrbookstore.com/ar/c04081420072p,90,63,In Stock,دار نهضة مصر
إقرأ و لون أميرات,https://nahdetmisrbookstore.com/ar/c04081420073p,90,63,In Stock,دار نهضة مصر
إقرأ و لون وينى,https://nahdetmisrbookstore.com/ar/c04081420074p,90,63,In Stock,دار نهضة مصر
إقرأ و لون مع مريدا,https://nahdetmisrbookstore.com/ar/c04081420075p,90,63,In Stock,دار نهضة مصر
إقرأ و لون مهمة إطفاء,https://nahdetmisrbookstore.com/ar/c04081420109p,90,63,In Stock,دار نهضة مصر
حكايات و ملصقات Planes,https://nahdetmisrbookstore.com/ar/c04081420116p,50,35,In Stock,دار نهضة مصر
إقرأ و لون حيوانات القصر الأليف,https://nahdetmisrbookstore.com/ar/c04081420127p,90,63,In Stock,دار نهضة مصر
ميجا تلوين حيوانات القصر,https://nahdetmisrbookstore.com/ar/c04081420128p,105,74,In Stock,دار نهضة مصر
حكايات وملصقات palace pets,https://nahdetmisrbookstore.com/ar/c04081420151p,50,35,In Stock,دار نهضة مصر
حكايات و ملصقات جامعة المرعبين,https://nahdetmisrbookstore.com/ar/c04081420155p,50,35,In Stock,دار نهضة مصر
ميجا تلوين مجموعة من المشاعر,https://nahdetmisrbookstore.com/ar/c04081520020p,105,74,In Stock,دار نهضة مصر
إقرأ و لون جنون المشاعر,https://nahdetmisrbookstore.com/ar/c04081520022p,90,63,In Stock,دار نهضة مصر
A Boy named Spot- good Dinosaur,https://nahdetmisrbookstore.com/ar/c04081520033p,,,Out of Stock,دار نهضة مصر
إقرأ و لون الرحلة الرهيبة,https://nahdetmisrbookstore.com/ar/c04081520034p,90,63,In Stock,دار نهضة مصر
Bunnies تلوين و أنشطة,https://nahdetmisrbookstore.com/ar/c04081520046p,120,84,In Stock,دار نهضة مصر
the lion فريق حراس الغابة ميجا تلوين,https://nahdetmisrbookstore.com/ar/c040817220007p,105,74,In Stock,دار نهضة مصر
بحارة الأساطير moana ميجا تلوين,https://nahdetmisrbookstore.com/ar/c040817220008p,105,74,In Stock,دار نهضة مصر
Super Coloring Moana,https://nahdetmisrbookstore.com/ar/c040817220009p,170,119,In Stock,دار نهضة مصر
Super Coloring beauty and the beast,https://nahdetmisrbookstore.com/ar/c040817220010p,170,119,In Stock,دار نهضة مصر
Super Coloring Toy Story,https://nahdetmisrbookstore.com/ar/c040817220011p,170,119,In Stock,دار نهضة مصر
Color and play-Mickey Mouse,https://nahdetmisrbookstore.com/ar/c040817220012p,100,70,In Stock,دار نهضة مصر
Color and play-the lion guard,https://nahdetmisrbookstore.com/ar/c040817220013p,,,Out of Stock,دار نهضة مصر
ميجا تلوين مستشفى اللعب,https://nahdetmisrbookstore.com/ar/c040817220014p,105,74,In Stock,دار نهضة مصر
هيا نبدأ العمل -أقرأ و لون,https://nahdetmisrbookstore.com/ar/c040817220015p,90,63,In Stock,دار نهضة مصر
cars 3-ميجا تلوين العاصفة والتحدي,https://nahdetmisrbookstore.com/ar/c040817220059p,105,74,In Stock,دار نهضة مصر
Super coloring Cars3,https://nahdetmisrbookstore.com/ar/c040817220060p,170,119,In Stock,دار نهضة مصر
Incredibles2 Super coloring,https://nahdetmisrbookstore.com/ar/c040818220183p,170,119,In Stock,دار نهضة مصر
Incredibles2 ميجا تلوين,https://nahdetmisrbookstore.com/ar/c040818220184p,105,74,In Stock,دار نهضة مصر
Super coloring Wreck-it Ralph,https://nahdetmisrbookstore.com/ar/c040819220233p,170,119,In Stock,دار نهضة مصر
Super coloring toy story 4,https://nahdetmisrbookstore.com/ar/c040819220382p,170,119,In Stock,دار نهضة مصر
Super coloring Dumbo,https://nahdetmisrbookstore.com/ar/c040820220380p,170,119,In Stock,دار نهضة مصر
Super coloring dog puppy pals,https://nahdetmisrbookstore.com/ar/c040820220381p,170,119,In Stock,دار نهضة مصر
Super coloring T.O.T.S,https://nahdetmisrbookstore.com/ar/c040820220383p,170,119,In Stock,دار نهضة مصر
ميجا تلوين-Dumbo,https://nahdetmisrbookstore.com/ar/c040820220384p,105,74,In Stock,دار نهضة مصر
ميجا تلوين-dog puppy pals,https://nahdetmisrbookstore.com/ar/c040820220385p,105,74,In Stock,دار نهضة مصر
ميجا تلوين-toy story 4,https://nahdetmisrbookstore.com/ar/c040820220386p,105,74,In Stock,دار نهضة مصر
ميجا تلوين-T.O.T.S,https://nahdetmisrbookstore.com/ar/c040820220387p,105,74,In Stock,دار نهضة مصر
Inside out activity book,https://nahdetmisrbookstore.com/ar/c040820220411p,120,84,In Stock,دار نهضة مصر
frozen 2 activity book,https://nahdetmisrbookstore.com/ar/c040820220436p,120,84,In Stock,دار نهضة مصر
Super coloring frozen 2,https://nahdetmisrbookstore.com/ar/c040820220438p,170,119,In Stock,دار نهضة مصر
ميجا تلوين أبطال كومندرا,https://nahdetmisrbookstore.com/ar/c040821220550p,105,74,In Stock,دار نهضة مصر
اقرأ ولون هيا ننطلق معا,https://nahdetmisrbookstore.com/ar/c040821220551p,90,63,In Stock,دار نهضة مصر
Super coloring – Raya,https://nahdetmisrbookstore.com/ar/c040821220552p,170,119,In Stock,دار نهضة مصر
Super Coloring Encanto,https://nahdetmisrbookstore.com/ar/c040822220611p,170,119,In Stock,دار نهضة مصر
ميجا تلوين (100 سنة ديزني ),https://nahdetmisrbookstore.com/ar/c040824220894p,125,88,In Stock,دار نهضة مصر
Super Coloring Moana 2,https://nahdetmisrbookstore.com/ar/c040826221345p,170,119,In Stock,دار نهضة مصر
ميجا تلوين موانا 2 مغامرة جديدة,https://nahdetmisrbookstore.com/ar/c040826221346p,105,74,In Stock,دار نهضة مصر
إقرأو تعلم كيف ترى ؟,https://nahdetmisrbookstore.com/ar/c040838210492p,160,112,In Stock,دار نهضة مصر
اقرأ ولون حارس أرض العزة,https://nahdetmisrbookstore.com/ar/c040838220018p,90,63,In Stock,دار نهضة مصر
اقرأ ولون قلب شجاع,https://nahdetmisrbookstore.com/ar/c040838220019p,90,63,In Stock,دار نهضة مصر
العلماء الصغار موسيقى المراعى,https://nahdetmisrbookstore.com/ar/c040838220547p,,,Out of Stock,دار نهضة مصر
ميجا تلوين عالم من الجليد,https://nahdetmisrbookstore.com/ar/c040838220570p,105,74,In Stock,دار نهضة مصر
السنافر JUMBO Coloring Book 2,https://nahdetmisrbookstore.com/ar/c040838230590p,,,Out of Stock,دار نهضة مصر
Bunnies Coloring and Activty,https://nahdetmisrbookstore.com/ar/c04086020009p,120,84,In Stock,دار نهضة مصر
BUMPER PIXAR NEMO,https://nahdetmisrbookstore.com/ar/c04086020026p,180,126,In Stock,دار نهضة مصر
Disney Jumbo coloring,https://nahdetmisrbookstore.com/ar/c04086020162p,145,102,In Stock,دار نهضة مصر
Disney JuMBO Coloring 2,https://nahdetmisrbookstore.com/ar/c04086020163p,145,102,In Stock,دار نهضة مصر
ميجا تلوين زوتروبوليس,https://nahdetmisrbookstore.com/ar/c04086020204p,105,74,In Stock,دار نهضة مصر
ميجا تلوين رحلة العودة,https://nahdetmisrbookstore.com/ar/c04086020205p,105,74,In Stock,دار نهضة مصر
إقرأ و لون أصدقاء للأبد,https://nahdetmisrbookstore.com/ar/c04086020210p,90,63,In Stock,دار نهضة مصر
إقرأ و لون زوتروبوليس,https://nahdetmisrbookstore.com/ar/c04086020211p,90,63,In Stock,دار نهضة مصر
إقرأ و لون عالم من الجليد,https://nahdetmisrbookstore.com/ar/c04086020214p,90,63,In Stock,دار نهضة مصر
Color and play-Princess,https://nahdetmisrbookstore.com/ar/c04086020222p,,,Out of Stock,دار نهضة مصر
إقرأ و لون صوفيا,https://nahdetmisrbookstore.com/ar/c04086020229p,90,63,In Stock,دار نهضة مصر
إقرأ و لون الطائرات,https://nahdetmisrbookstore.com/ar/c04086020230p,90,63,In Stock,دار نهضة مصر
ميجا تلوين الديناصور و أنا,https://nahdetmisrbookstore.com/ar/c04086020249p,105,74,In Stock,دار نهضة مصر
سنو وايت - Lady Bird,https://nahdetmisrbookstore.com/ar/c04090420015p,100,70,In Stock,دار نهضة مصر
مغامرات بينى - العصر الحجرى,https://nahdetmisrbookstore.com/ar/c04090520005p,230,161,In Stock,دار نهضة مصر
مغامرات بينى - فى المدرسة,https://nahdetmisrbookstore.com/ar/c04090520007p,230,161,In Stock,دار نهضة مصر
الجميلة و الوحش Lady Bird,https://nahdetmisrbookstore.com/ar/c04090520011p,100,70,In Stock,دار نهضة مصر
أرض الأحلام - Lady Bird,https://nahdetmisrbookstore.com/ar/c04090520013p,100,70,In Stock,دار نهضة مصر
Lady Bird الخارقون,https://nahdetmisrbookstore.com/ar/c04090520015p,100,70,In Stock,دار نهضة مصر
البحث عن نيمو - Lady Bird,https://nahdetmisrbookstore.com/ar/c04090520017p,100,70,In Stock,دار نهضة مصر
مغامرات بينى - المخبر السرى,https://nahdetmisrbookstore.com/ar/c04090520027p,,,Out of Stock,دار نهضة مصر
مغامرات بينى - قائد البالون,https://nahdetmisrbookstore.com/ar/c04090520028p,230,161,In Stock,دار نهضة مصر
Lady Bird Never Land,https://nahdetmisrbookstore.com/ar/c04090520030p,115,80,In Stock,دار نهضة مصر
Lady Bird Finding Nemo,https://nahdetmisrbookstore.com/ar/c04090520035p,115,80,In Stock,دار نهضة مصر
Lady Bird Snow White,https://nahdetmisrbookstore.com/ar/c04090520036p,115,80,In Stock,دار نهضة مصر
Lady Bird The Incredibles,https://nahdetmisrbookstore.com/ar/c04090520037p,115,80,In Stock,دار نهضة مصر
معجزات فوق تل مابل,https://nahdetmisrbookstore.com/ar/c04090520044p,50,35,In Stock,دار نهضة مصر
مغامرات بينى - المراسل صحفى,https://nahdetmisrbookstore.com/ar/c04090520046p,230,161,In Stock,دار نهضة مصر
ديزنى الأميرات سيمفونية البحر,https://nahdetmisrbookstore.com/ar/c04090620019p,,,Out of Stock,دار نهضة مصر
ديزنى الأميرات المساعدة,https://nahdetmisrbookstore.com/ar/c04090620035p,,,Out of Stock,دار نهضة مصر
الجمال النائم Lady Bird,https://nahdetmisrbookstore.com/ar/c04090720008p,100,70,In Stock,دار نهضة مصر
علاء الدين Lady Bird,https://nahdetmisrbookstore.com/ar/c04090720009p,100,70,In Stock,دار نهضة مصر
Lady Bird Sleeping Beauty,https://nahdetmisrbookstore.com/ar/c04090720011p,115,80,In Stock,دار نهضة مصر
Lady Bird Aladdin,https://nahdetmisrbookstore.com/ar/c04090720012p,115,80,In Stock,دار نهضة مصر
Lady Bird Monsters.Inc,https://nahdetmisrbookstore.com/ar/c04090720013p,115,80,In Stock,دار نهضة مصر
Lady Bird Cinderella,https://nahdetmisrbookstore.com/ar/c04090720014p,115,80,In Stock,دار نهضة مصر
بيتر بان Lady Bird,https://nahdetmisrbookstore.com/ar/c04090720019p,100,70,In Stock,دار نهضة مصر
سندريلا Lady Bird,https://nahdetmisrbookstore.com/ar/c04090720027p,100,70,In Stock,دار نهضة مصر
Disney Cars CD,https://nahdetmisrbookstore.com/ar/c04090720057p,125,88,In Stock,دار نهضة مصر
Disney Monsters CD,https://nahdetmisrbookstore.com/ar/c04090720058p,125,88,In Stock,دار نهضة مصر
Disney Pirates of the Caribb CD,https://nahdetmisrbookstore.com/ar/c04090720059p,125,88,In Stock,دار نهضة مصر
Disney -Finding Nemo CD,https://nahdetmisrbookstore.com/ar/c04090720060p,125,88,In Stock,دار نهضة مصر
صوت البوم,https://nahdetmisrbookstore.com/ar/c04090720062p,50,35,In Stock,دار نهضة مصر
Disney Lion King CD,https://nahdetmisrbookstore.com/ar/c04090720063p,125,88,In Stock,دار نهضة مصر
Lady Bird Beauty and The beast,https://nahdetmisrbookstore.com/ar/c04090720064p,115,80,In Stock,دار نهضة مصر
سيد الخواتم - البرجان مجلد,https://nahdetmisrbookstore.com/ar/c04090720081p,,,Out of Stock,دار نهضة مصر
Lady Bird Peter Pan,https://nahdetmisrbookstore.com/ar/c04090720083p,115,80,In Stock,دار نهضة مصر
الحفر,https://nahdetmisrbookstore.com/ar/c04090720087p,,,Out of Stock,دار نهضة مصر
سيد الخواتم البرجان,https://nahdetmisrbookstore.com/ar/c04090720092p,360,252,In Stock,دار نهضة مصر
سيد الخواتم رفقة الخاتم,https://nahdetmisrbookstore.com/ar/c04090720093p,360,252,In Stock,دار نهضة مصر
سبايدر ويك 1 الكتاب السحرى,https://nahdetmisrbookstore.com/ar/c04090820010p,120,84,In Stock,دار نهضة مصر
Disney RATATOUILLE CD,https://nahdetmisrbookstore.com/ar/c04090920004p,,,Out of Stock,دار نهضة مصر
Disney Winnie the pooh CD,https://nahdetmisrbookstore.com/ar/c04090920007p,125,88,In Stock,دار نهضة مصر
Disney Bambi CD,https://nahdetmisrbookstore.com/ar/c04090920008p,125,88,In Stock,دار نهضة مصر
السنافر بيضةعلى الطريقةالسنفورية,https://nahdetmisrbookstore.com/ar/c04091020004p,,,Out of Stock,دار نهضة مصر
قصصى الجميلة حكاية لعبة 2,https://nahdetmisrbookstore.com/ar/c04091020006p,,,Out of Stock,دار نهضة مصر
قصصى الجميلة Cars,https://nahdetmisrbookstore.com/ar/c04091020007p,,,Out of Stock,دار نهضة مصر
السنافر سنفور رقم 100,https://nahdetmisrbookstore.com/ar/c04091020018p,,,Out of Stock,دار نهضة مصر
السنافر السنافر السوداء,https://nahdetmisrbookstore.com/ar/c04091020019p,,,Out of Stock,دار نهضة مصر
السنافر سنفور فضائي,https://nahdetmisrbookstore.com/ar/c04091020021p,,,Out of Stock,دار نهضة مصر
سبتيموس هيب الطب,https://nahdetmisrbookstore.com/ar/c04091020027p,360,252,In Stock,دار نهضة مصر
Cars 2 Racing Rivals,https://nahdetmisrbookstore.com/ar/c04091120005p,55,38,In Stock,دار نهضة مصر
Cars 2 نتيجة السباق,https://nahdetmisrbookstore.com/ar/c04091120006p,75,52,In Stock,دار نهضة مصر
Lady Bird The Little Mermaid,https://nahdetmisrbookstore.com/ar/c04091120009p,115,80,In Stock,دار نهضة مصر
101 Dalmatians,https://nahdetmisrbookstore.com/ar/c04091120010p,115,80,In Stock,دار نهضة مصر
شركة المرعبين المحدودة Lady Bir,https://nahdetmisrbookstore.com/ar/c04091120015p,100,70,In Stock,دار نهضة مصر
كل يوم قصة كتاب الأدغال,https://nahdetmisrbookstore.com/ar/c04091220007p,50,35,In Stock,دار نهضة مصر
كل يوم قصة نيمو,https://nahdetmisrbookstore.com/ar/c04091220015p,50,35,In Stock,دار نهضة مصر
كل يوم قصة علاء الدين,https://nahdetmisrbookstore.com/ar/c04091320009p,50,35,In Stock,دار نهضة مصر
INFANTS Sweet Dreams,https://nahdetmisrbookstore.com/ar/c04091320010p,55,38,In Stock,دار نهضة مصر
قصص كلاسيكية علاء الدين,https://nahdetmisrbookstore.com/ar/c04091320012p,,,Out of Stock,دار نهضة مصر
كل يوم قصة أريل,https://nahdetmisrbookstore.com/ar/c04091320013p,50,35,In Stock,دار نهضة مصر
كل يوم قصة تنة و رنة,https://nahdetmisrbookstore.com/ar/c04091320014p,50,35,In Stock,دار نهضة مصر
كل يوم قصة ياسمين,https://nahdetmisrbookstore.com/ar/c04091320015p,50,35,In Stock,دار نهضة مصر
السنافر القصر ذو الألف مرآة,https://nahdetmisrbookstore.com/ar/c04091320025p,,,Out of Stock,دار نهضة مصر
السنافر الخدعة فى بير,https://nahdetmisrbookstore.com/ar/c04091320026p,,,Out of Stock,دار نهضة مصر
السنافر سيرك السنافر,https://nahdetmisrbookstore.com/ar/c04091320029p,,,Out of Stock,دار نهضة مصر
السنافر Smurfette‘s Story,https://nahdetmisrbookstore.com/ar/c04091320033p,35,24,In Stock,دار نهضة مصر
السنافر What it take Smurf,https://nahdetmisrbookstore.com/ar/c04091320034p,,,Out of Stock,دار نهضة مصر
جامعة المرعبين سباق الصرخات,https://nahdetmisrbookstore.com/ar/c04091320038p,75,52,In Stock,دار نهضة مصر
الطائرات أجنحة حول العالم,https://nahdetmisrbookstore.com/ar/c04091320040p,75,52,In Stock,دار نهضة مصر
الطائرات Wings Around,https://nahdetmisrbookstore.com/ar/c04091320041p,75,52,In Stock,دار نهضة مصر
قصص كلاسيكية الجميلة و الوحش,https://nahdetmisrbookstore.com/ar/c04091320045p,,,Out of Stock,دار نهضة مصر
قصص كلاسيكية حورية البحر,https://nahdetmisrbookstore.com/ar/c04091320046p,,,Out of Stock,دار نهضة مصر
قصصى الجميلة السيارات,https://nahdetmisrbookstore.com/ar/c04091420001p,,,Out of Stock,دار نهضة مصر
قصصى الجميلة Toy Story2,https://nahdetmisrbookstore.com/ar/c04091420003p,,,Out of Stock,دار نهضة مصر
كل يوم قصة ـ قطط ذوات,https://nahdetmisrbookstore.com/ar/c04091420004p,50,35,In Stock,دار نهضة مصر
كل يوم قصة ـ راتاتوى,https://nahdetmisrbookstore.com/ar/c04091420005p,50,35,In Stock,دار نهضة مصر
سبايدر ويك 3 سر لوسيندا,https://nahdetmisrbookstore.com/ar/c04091420008p,120,84,In Stock,دار نهضة مصر
سبتيموس هيب الطيران,https://nahdetmisrbookstore.com/ar/c04091420022p,360,252,In Stock,دار نهضة مصر
سبايدر ويك 4 الشجرة الحديدية,https://nahdetmisrbookstore.com/ar/c04091420023p,120,84,In Stock,دار نهضة مصر
سبايدر ويك 5 المواجهة الأخيرة,https://nahdetmisrbookstore.com/ar/c04091420024p,120,84,In Stock,دار نهضة مصر
قصة فيلم السيارات,https://nahdetmisrbookstore.com/ar/c04091420058p,225,158,In Stock,دار نهضة مصر
قصة فيلم راتاتوى,https://nahdetmisrbookstore.com/ar/c04091420059p,225,158,In Stock,دار نهضة مصر
كل يوم قصة الأسد الملك,https://nahdetmisrbookstore.com/ar/c04091420068p,50,35,In Stock,دار نهضة مصر
كل يوم قصة سنو وايت,https://nahdetmisrbookstore.com/ar/c04091420069p,50,35,In Stock,دار نهضة مصر
Angry Birds مغامرة الجوهرة المسروقة,https://nahdetmisrbookstore.com/ar/c04091420097p,,,Out of Stock,دار نهضة مصر
Plans داستى المنقذ,https://nahdetmisrbookstore.com/ar/c04091420112p,75,52,In Stock,دار نهضة مصر
كل يوم قصة - عالم من الجليد,https://nahdetmisrbookstore.com/ar/c04091420113p,50,35,In Stock,دار نهضة مصر
كل يوم قصة صوفيا,https://nahdetmisrbookstore.com/ar/c04091420114p,50,35,In Stock,دار نهضة مصر
قصص كلاسيكية مهمة إطفاء حريق,https://nahdetmisrbookstore.com/ar/c04091420117p,,,Out of Stock,دار نهضة مصر
كل يوم قصة مهرة صغيرة وأحلام كب,https://nahdetmisrbookstore.com/ar/c04091420123p,50,35,In Stock,دار نهضة مصر
Palace Pets cuddly princess,https://nahdetmisrbookstore.com/ar/c04091420125p,75,52,In Stock,دار نهضة مصر
ديزنى 365قصة للبنات,https://nahdetmisrbookstore.com/ar/c04091420138p,850,595,In Stock,دار نهضة مصر
Levels of Reading A Cake to bake,https://nahdetmisrbookstore.com/ar/c04091420140p,100,70,In Stock,دار نهضة مصر
Levels of Reading Princesses,https://nahdetmisrbookstore.com/ar/c04091420141p,100,70,In Stock,دار نهضة مصر
Levels of Reading A Fairy Tale,https://nahdetmisrbookstore.com/ar/c04091420142p,120,84,In Stock,دار نهضة مصر
Levels of Reading Go Go Go,https://nahdetmisrbookstore.com/ar/c04091420144p,100,70,In Stock,دار نهضة مصر
Levels of Reading Run,https://nahdetmisrbookstore.com/ar/c04091420145p,,,Out of Stock,دار نهضة مصر
مغامرات الأميرات,https://nahdetmisrbookstore.com/ar/c04091420152p,280,196,In Stock,دار نهضة مصر
inside out : فرحة فرح حكاية حزينة,https://nahdetmisrbookstore.com/ar/c04091520019p,75,52,In Stock,دار نهضة مصر
inside out : joy's greatest joy,https://nahdetmisrbookstore.com/ar/c04091520021p,75,52,In Stock,دار نهضة مصر
Story book collections Pixer-,https://nahdetmisrbookstore.com/ar/c040917210022p,790,553,In Stock,دار نهضة مصر
Disney متى اصبح ملكة ؟,https://nahdetmisrbookstore.com/ar/c040917220006p,75,52,In Stock,دار نهضة مصر
Finding Dory هيا نلعب يا دورى,https://nahdetmisrbookstore.com/ar/c040917220007p,75,52,In Stock,دار نهضة مصر
A GOLDEN STORY BOOK FINDING DORY,https://nahdetmisrbookstore.com/ar/c040917220020p,105,74,In Stock,دار نهضة مصر
هاري بوتر والطفل الملعون,https://nahdetmisrbookstore.com/ar/c040917220025p,200,140,In Stock,دار نهضة مصر
Cars3- شركاء في الفوز,https://nahdetmisrbookstore.com/ar/c040917220062p,,,Out of Stock,دار نهضة مصر
صرخة الرعب خدعة أم فخ؟,https://nahdetmisrbookstore.com/ar/c040918220112p,75,52,In Stock,دار نهضة مصر
صرخة الرعب ليلة الدمى الحية,https://nahdetmisrbookstore.com/ar/c040918220114p,75,52,In Stock,دار نهضة مصر
صرخة الرعب لماذا غادرت مدرسة الزومبي؟,https://nahdetmisrbookstore.com/ar/c040918220115p,75,52,In Stock,دار نهضة مصر
صرخة الرعب أقنعة الفزع الخمسة,https://nahdetmisrbookstore.com/ar/c040918220116p,75,52,In Stock,دار نهضة مصر
Levels of Reading Lion King,https://nahdetmisrbookstore.com/ar/c040918220118p,100,70,In Stock,دار نهضة مصر
Levels of Reading 1 Frozen,https://nahdetmisrbookstore.com/ar/c040918220119p,,,Out of Stock,دار نهضة مصر
Levels of Reading Beauty & The Beast,https://nahdetmisrbookstore.com/ar/c040918220120p,80,56,In Stock,دار نهضة مصر
Levels of Reading Toy Story 2,https://nahdetmisrbookstore.com/ar/c040918220121p,100,70,In Stock,دار نهضة مصر
Levels of Reading Moana,https://nahdetmisrbookstore.com/ar/c040918220122p,100,70,In Stock,دار نهضة مصر
Levels of Reading Cars 3 : Driven to W,https://nahdetmisrbookstore.com/ar/c040918220123p,100,70,In Stock,دار نهضة مصر
Levels of Reading Incredibles,https://nahdetmisrbookstore.com/ar/c040918220124p,120,84,In Stock,دار نهضة مصر
Coco مغامرة في أرض الموتى,https://nahdetmisrbookstore.com/ar/c040918220133p,75,52,In Stock,دار نهضة مصر
Super coloring Coco,https://nahdetmisrbookstore.com/ar/c040918220134p,170,119,In Stock,دار نهضة مصر
ميجا تلوين كوكو,https://nahdetmisrbookstore.com/ar/c040918220135p,105,74,In Stock,دار نهضة مصر
صرخة الرعب المنزل الرهيب,https://nahdetmisrbookstore.com/ar/c040918220136p,75,52,In Stock,دار نهضة مصر
صرخة الرعب لعنة القدرات الخارقة,https://nahdetmisrbookstore.com/ar/c040918220137p,75,52,In Stock,دار نهضة مصر
صرخة الرعب ساحر أرض الرعب,https://nahdetmisrbookstore.com/ar/c040918220138p,75,52,In Stock,دار نهضة مصر
صرخة الرعب عواء الكلب الشبح,https://nahdetmisrbookstore.com/ar/c040918220139p,75,52,In Stock,دار نهضة مصر
صرخة الرعب رعب رأس السنة,https://nahdetmisrbookstore.com/ar/c040918220140p,75,52,In Stock,دار نهضة مصر
سبتيموس هيب الحورية,https://nahdetmisrbookstore.com/ar/c040918220161p,360,252,In Stock,دار نهضة مصر
سبتيموس هيب الظلام,https://nahdetmisrbookstore.com/ar/c040918220162p,360,252,In Stock,دار نهضة مصر
levels of reading Wreck-it Ralph,https://nahdetmisrbookstore.com/ar/c040919220235p,100,70,In Stock,دار نهضة مصر
Vampirina-First day of school golden,https://nahdetmisrbookstore.com/ar/c040919220269p,95,66,In Stock,دار نهضة مصر
Levels of reading- toy story 4,https://nahdetmisrbookstore.com/ar/c040919220304p,80,56,In Stock,دار نهضة مصر
Disney princess-my first bedtime storybook,https://nahdetmisrbookstore.com/ar/c040920210394p,420,294,In Stock,دار نهضة مصر
Disney pixar-my bedtime storybook,https://nahdetmisrbookstore.com/ar/c040920210395p,420,294,In Stock,دار نهضة مصر
5-Minutes Disney princess,https://nahdetmisrbookstore.com/ar/c040920210398p,700,490,In Stock,دار نهضة مصر
5-Minutes frozen 2,https://nahdetmisrbookstore.com/ar/c040920210439p,700,490,In Stock,دار نهضة مصر
5دقائق مع حكايات مملكة الثلج,https://nahdetmisrbookstore.com/ar/c040920210457p,700,490,In Stock,دار نهضة مصر
Levels of Reading what is a princess,https://nahdetmisrbookstore.com/ar/c040920220379p,80,56,In Stock,دار نهضة مصر
Time to share,https://nahdetmisrbookstore.com/ar/c040920220402p,140,98,In Stock,دار نهضة مصر
Time to play fair,https://nahdetmisrbookstore.com/ar/c040920220403p,140,98,In Stock,دار نهضة مصر
Time for school,https://nahdetmisrbookstore.com/ar/c040920220404p,140,98,In Stock,دار نهضة مصر
Time to visit the dentist,https://nahdetmisrbookstore.com/ar/c040920220405p,140,98,In Stock,دار نهضة مصر
حان وقت المشاركة,https://nahdetmisrbookstore.com/ar/c040920220406p,120,84,In Stock,دار نهضة مصر
حان وقت اللعب العادل,https://nahdetmisrbookstore.com/ar/c040920220407p,120,84,In Stock,دار نهضة مصر
حان وقت الذهاب إلى المدرسة,https://nahdetmisrbookstore.com/ar/c040920220408p,120,84,In Stock,دار نهضة مصر
حان وقت زيارة طبيب الأسنان,https://nahdetmisrbookstore.com/ar/c040920220409p,120,84,In Stock,دار نهضة مصر
ميجا تلوين-frozen 2,https://nahdetmisrbookstore.com/ar/c040920220435p,105,74,In Stock,دار نهضة مصر
Levels of reading frozen 3,https://nahdetmisrbookstore.com/ar/c040920220437p,100,70,In Stock,دار نهضة مصر
5دقائق مع حكايات الأميرات,https://nahdetmisrbookstore.com/ar/c040921210481p,700,490,In Stock,دار نهضة مصر
5دقائق مع حكايات الأبطال,https://nahdetmisrbookstore.com/ar/c040921210482p,700,490,In Stock,دار نهضة مصر
Disney Storybook Beauty and the beast,https://nahdetmisrbookstore.com/ar/c040921210542p,,,Out of Stock,دار نهضة مصر
الحكايات اميرات,https://nahdetmisrbookstore.com/ar/c040921210571p,700,490,In Stock,دار نهضة مصر
اروع الحكايات ميكي وميمي,https://nahdetmisrbookstore.com/ar/c040921210572p,700,490,In Stock,دار نهضة مصر
storybook princesses,https://nahdetmisrbookstore.com/ar/c040921210578p,790,553,In Stock,دار نهضة مصر
storybook Mickey and Minnie,https://nahdetmisrbookstore.com/ar/c040921210579p,790,553,In Stock,دار نهضة مصر
Levels of reading – Mulan,https://nahdetmisrbookstore.com/ar/c040921220562p,80,56,In Stock,دار نهضة مصر
Levels of reading – Tangled,https://nahdetmisrbookstore.com/ar/c040921220563p,100,70,In Stock,دار نهضة مصر
Movie Night -Disney Story-,https://nahdetmisrbookstore.com/ar/c040922210602p,490,343,In Stock,دار نهضة مصر
ليلة سينمائية حكايات ديزنى ءذ,https://nahdetmisrbookstore.com/ar/c040922210603p,490,343,In Stock,دار نهضة مصر
Levels of reading -Encanto Family,https://nahdetmisrbookstore.com/ar/c040923220703p,80,56,In Stock,دار نهضة مصر
Baby Animals_My First Bedtime Storybook,https://nahdetmisrbookstore.com/ar/c040924210864p,420,294,In Stock,دار نهضة مصر
حكايات الأميرات سنووايت,https://nahdetmisrbookstore.com/ar/c040925210931p,170,119,In Stock,دار نهضة مصر
"Say Please, Stitch",https://nahdetmisrbookstore.com/ar/c040925210960p,180,126,In Stock,دار نهضة مصر
حكايات القلعة سندريلا,https://nahdetmisrbookstore.com/ar/c040925220926p,110,77,In Stock,دار نهضة مصر
سيدة الشر: قصة جنية الظلام,https://nahdetmisrbookstore.com/ar/c040925220930p,240,168,In Stock,دار نهضة مصر
Castle Stories: Jasmine,https://nahdetmisrbookstore.com/ar/c040925220952p,120,84,In Stock,دار نهضة مصر
Castle Stories: Rapunzel,https://nahdetmisrbookstore.com/ar/c040925220953p,120,84,In Stock,دار نهضة مصر
Time to Be Mindful,https://nahdetmisrbookstore.com/ar/c040925221002p,140,98,In Stock,دار نهضة مصر
حان وقت التركيز,https://nahdetmisrbookstore.com/ar/c040925221003p,120,84,In Stock,دار نهضة مصر
حان وقت الامتنان,https://nahdetmisrbookstore.com/ar/c040925221007p,120,84,In Stock,دار نهضة مصر
Time to Care,https://nahdetmisrbookstore.com/ar/c040925221008p,140,98,In Stock,دار نهضة مصر
حان وقت الاهتمام بالآخرين,https://nahdetmisrbookstore.com/ar/c040925221009p,120,84,In Stock,دار نهضة مصر
حان وقت الثقة,https://nahdetmisrbookstore.com/ar/c040925221011p,120,84,In Stock,دار نهضة مصر
حان وقت الصبر,https://nahdetmisrbookstore.com/ar/c040925221013p,120,84,In Stock,دار نهضة مصر
ساحرة البحر,https://nahdetmisrbookstore.com/ar/c040925221127p,240,168,In Stock,دار نهضة مصر
قصة الساحرة العجوز-جوثيل,https://nahdetmisrbookstore.com/ar/c040925221196p,240,168,In Stock,دار نهضة مصر
My First Stories: Mickey and the dinosaur,https://nahdetmisrbookstore.com/ar/c040926211171p,180,126,In Stock,دار نهضة مصر
حكاياتي الأولى: ميكي والديناصور,https://nahdetmisrbookstore.com/ar/c040926211172p,170,119,In Stock,دار نهضة مصر
My First Stories: Thumper Loves his family,https://nahdetmisrbookstore.com/ar/c040926211173p,180,126,In Stock,دار نهضة مصر
حكاياتي الأولى: أرنوب يحب اسرته,https://nahdetmisrbookstore.com/ar/c040926211174p,170,119,In Stock,دار نهضة مصر
My First Stories: Olaf,https://nahdetmisrbookstore.com/ar/c040926211175p,180,126,In Stock,دار نهضة مصر
حكاياتي الأولى: أولاف,https://nahdetmisrbookstore.com/ar/c040926211176p,170,119,In Stock,دار نهضة مصر
My First Stories: Simba's,https://nahdetmisrbookstore.com/ar/c040926211177p,180,126,In Stock,دار نهضة مصر
حكاياتي الأولى: كلمات سمبا,https://nahdetmisrbookstore.com/ar/c040926211178p,170,119,In Stock,دار نهضة مصر
My First Stories: winnie the pooh and the lost toy,https://nahdetmisrbookstore.com/ar/c040926211179p,180,126,In Stock,دار نهضة مصر
حكاياتي الأولى: ويني والدمية,https://nahdetmisrbookstore.com/ar/c040926211180p,170,119,In Stock,دار نهضة مصر
Raiponce Mon Histoire Du Soir,https://nahdetmisrbookstore.com/ar/c040926211338p,125,88,In Stock,دار نهضة مصر
Vaiana Mon Histoire Du Soir,https://nahdetmisrbookstore.com/ar/c040926211339p,125,88,In Stock,دار نهضة مصر
Les 101 Dalmatiens Mon Histoire Du Soir,https://nahdetmisrbookstore.com/ar/c040926211340p,125,88,In Stock,دار نهضة مصر
Encanto Mon Histoire Du Soir,https://nahdetmisrbookstore.com/ar/c040926211341p,125,88,In Stock,دار نهضة مصر
Le Roi Lion Mon Histoire Du Soir,https://nahdetmisrbookstore.com/ar/c040926211342p,125,88,In Stock,دار نهضة مصر
صندوق القطة و الفراشة,https://nahdetmisrbookstore.com/ar/c040938210309p,,,Out of Stock,دار نهضة مصر
صندوق الحصان الشقى,https://nahdetmisrbookstore.com/ar/c040938210313p,,,Out of Stock,دار نهضة مصر
صندوق القرد ميمون,https://nahdetmisrbookstore.com/ar/c040938210314p,,,Out of Stock,دار نهضة مصر
شجرة الحكايات -الحروف التى,https://nahdetmisrbookstore.com/ar/c040938210317p,,,Out of Stock,دار نهضة مصر
شجرة الحكايات قالب الطوب,https://nahdetmisrbookstore.com/ar/c040938210318p,50,35,In Stock,دار نهضة مصر
شجرة الحكايات القط المدلل,https://nahdetmisrbookstore.com/ar/c040938210320p,,,Out of Stock,دار نهضة مصر
قلم الحكايات عصفور الجنة,https://nahdetmisrbookstore.com/ar/c040938210327p,140,98,In Stock,دار نهضة مصر
قلم الحكايات-العصافير وشجرة,https://nahdetmisrbookstore.com/ar/c040938210328p,,,Out of Stock,دار نهضة مصر
قلم الحكايات - الشجرة التى طالت السحاب,https://nahdetmisrbookstore.com/ar/c040938210330p,140,98,In Stock,دار نهضة مصر
أه يا أخى,https://nahdetmisrbookstore.com/ar/c040938210449p,60,42,In Stock,دار نهضة مصر
خضرة خضرة و الدنيا,https://nahdetmisrbookstore.com/ar/c040938210564p,200,140,In Stock,دار نهضة مصر
خضرة خضرة والسمكة,https://nahdetmisrbookstore.com/ar/c040938210567p,200,140,In Stock,دار نهضة مصر
صرخة الرعب حفلة الزومبى,https://nahdetmisrbookstore.com/ar/c040938220012p,75,52,In Stock,دار نهضة مصر
صرخة الرعب الوحش الدموى,https://nahdetmisrbookstore.com/ar/c040938220013p,75,52,In Stock,دار نهضة مصر
صرخة الرعب مستنقع المذؤب,https://nahdetmisrbookstore.com/ar/c040938220014p,75,52,In Stock,دار نهضة مصر
صرخة الرعب معسكر الفزع,https://nahdetmisrbookstore.com/ar/c040938220015p,75,52,In Stock,دار نهضة مصر
صرخة الرعب شاطىء الأشباح,https://nahdetmisrbookstore.com/ar/c040938220016p,75,52,In Stock,دار نهضة مصر
Super Coloring princess,https://nahdetmisrbookstore.com/ar/c040938220267p,170,119,In Stock,دار نهضة مصر
هارى بوتر و حجر الفيلسوف,https://nahdetmisrbookstore.com/ar/c040938220289p,200,140,In Stock,دار نهضة مصر
هارى بوتر و حجرة الأسرار,https://nahdetmisrbookstore.com/ar/c040938220290p,200,140,In Stock,دار نهضة مصر
هارى بوتر وسجين أزكابان,https://nahdetmisrbookstore.com/ar/c040938220291p,250,175,In Stock,دار نهضة مصر
هارى بوتر و كأس النار,https://nahdetmisrbookstore.com/ar/c040938220292p,440,308,In Stock,دار نهضة مصر
هارى بوتر و جماعة العنقاء,https://nahdetmisrbookstore.com/ar/c040938220293p,500,350,In Stock,دار نهضة مصر
هارى بوتر و الأمير الهجين,https://nahdetmisrbookstore.com/ar/c040938220294p,375,262,In Stock,دار نهضة مصر
هارى بوتر و مقدسات الموت,https://nahdetmisrbookstore.com/ar/c040938220295p,400,280,In Stock,دار نهضة مصر
رحلة مع الكائنات إيدو,https://nahdetmisrbookstore.com/ar/c040938220297p,35,24,In Stock,دار نهضة مصر
رحلة مع الكائنات خميرو,https://nahdetmisrbookstore.com/ar/c040938220299p,35,24,In Stock,دار نهضة مصر
رحلة مع الكائنات ريزو,https://nahdetmisrbookstore.com/ar/c040938220305p,35,24,In Stock,دار نهضة مصر
شجرة الحكايات حلم عسكرى,https://nahdetmisrbookstore.com/ar/c040938220323p,,,Out of Stock,دار نهضة مصر
قلم الحكايات الفراشات,https://nahdetmisrbookstore.com/ar/c040938220325p,135,94,In Stock,دار نهضة مصر
صرخة الرعب-القبو الغامض,https://nahdetmisrbookstore.com/ar/c040938220347p,75,52,In Stock,دار نهضة مصر
صرخة الرعب-فى بيتنا شبح,https://nahdetmisrbookstore.com/ar/c040938220348p,75,52,In Stock,دار نهضة مصر
حكايات و ملصقات Monsters,https://nahdetmisrbookstore.com/ar/c040938220569p,,,Out of Stock,دار نهضة مصر
ديزنى الأميرات القبعة الطائرة,https://nahdetmisrbookstore.com/ar/c040938220571p,45,32,In Stock,دار نهضة مصر
ديزنى الأميرات-المساعدةفى الطريق,https://nahdetmisrbookstore.com/ar/c040938220572p,,,Out of Stock,دار نهضة مصر
ديزنى الأميرات البحث عن الكنز,https://nahdetmisrbookstore.com/ar/c040938220573p,,,Out of Stock,دار نهضة مصر
ديزنى الأميرات شكرا دقدق,https://nahdetmisrbookstore.com/ar/c040938220574p,,,Out of Stock,دار نهضة مصر
دبدوب و دبدوبة - لا تلوث,https://nahdetmisrbookstore.com/ar/c040938220578p,180,126,In Stock,دار نهضة مصر
سبايدر ويك 2 العدسة السحرية,https://nahdetmisrbookstore.com/ar/c04096020017p,120,84,In Stock,دار نهضة مصر
مغامرات بينى - فى أفريقيا,https://nahdetmisrbookstore.com/ar/c04096020022p,230,161,In Stock,دار نهضة مصر
ساوندر,https://nahdetmisrbookstore.com/ar/c04096020025p,50,35,In Stock,دار نهضة مصر
كسرة من أنية فخارية,https://nahdetmisrbookstore.com/ar/c04096020027p,,,Out of Stock,دار نهضة مصر
لعبة ويستنج,https://nahdetmisrbookstore.com/ar/c04096020028p,50,35,In Stock,دار نهضة مصر
السفر فى الزمن ( البعد الخامس ),https://nahdetmisrbookstore.com/ar/c04096020029p,50,35,In Stock,دار نهضة مصر
Lady Bird - The Incredibles,https://nahdetmisrbookstore.com/ar/c04096020052p,100,70,In Stock,دار نهضة مصر
سبتيموس هيب السحر,https://nahdetmisrbookstore.com/ar/c04096020158p,360,252,In Stock,دار نهضة مصر
سبتيموس هيب الرحلة,https://nahdetmisrbookstore.com/ar/c04096020161p,360,252,In Stock,دار نهضة مصر
صرخة الرعب-أيها الوحش,https://nahdetmisrbookstore.com/ar/c04096020165p,75,52,In Stock,دار نهضة مصر
حكايات البنات حفل آخر العام,https://nahdetmisrbookstore.com/ar/c04096020202p,50,35,In Stock,دار نهضة مصر
حكايات و ملصقات Fire&Recue,https://nahdetmisrbookstore.com/ar/c04096020203p,,,Out of Stock,دار نهضة مصر
قصص كلاسكية عالم من الجليد,https://nahdetmisrbookstore.com/ar/c04096020206p,75,52,In Stock,دار نهضة مصر
أستمع و تعلم هيا نذهب للمدرسة,https://nahdetmisrbookstore.com/ar/c04096020207p,,,Out of Stock,دار نهضة مصر
إبحث عن أميرات,https://nahdetmisrbookstore.com/ar/c04096020208p,115,80,In Stock,دار نهضة مصر
إبحث عن نمور,https://nahdetmisrbookstore.com/ar/c04096020209p,115,80,In Stock,دار نهضة مصر
جنون العلم ما الفكرة الرائعة,https://nahdetmisrbookstore.com/ar/c04096020232p,,,Out of Stock,دار نهضة مصر
حكايات و ملصقات سحر الجليد,https://nahdetmisrbookstore.com/ar/c04096020249p,50,35,In Stock,دار نهضة مصر
صرخة الرعب 2-منزل الموتى,https://nahdetmisrbookstore.com/ar/c04099920005p,,,Out of Stock,دار نهضة مصر
Down the Nile,https://nahdetmisrbookstore.com/ar/c04100520034p,155,108,In Stock,دار نهضة مصر
مصر الفرعونية,https://nahdetmisrbookstore.com/ar/c04100620076p,,,Out of Stock,دار نهضة مصر
أموالى تاريخ النقود,https://nahdetmisrbookstore.com/ar/c04100720021p,,,Out of Stock,دار نهضة مصر
حقائق مدهشة مصر القديمة,https://nahdetmisrbookstore.com/ar/c04100720053p,,,Out of Stock,دار نهضة مصر
مشاهدات علمية - علم الأثار,https://nahdetmisrbookstore.com/ar/c04100720068p,310,217,In Stock,دار نهضة مصر
مشاهدات علمية الحرب الثانية,https://nahdetmisrbookstore.com/ar/c04100720070p,,,Out of Stock,دار نهضة مصر
مشاهدات علمية الحرب الأولى,https://nahdetmisrbookstore.com/ar/c04100720096p,,,Out of Stock,دار نهضة مصر
الحصن الرومانى القديم,https://nahdetmisrbookstore.com/ar/c04100920003p,65,46,In Stock,دار نهضة مصر
تاريخ العراق القديم,https://nahdetmisrbookstore.com/ar/c04100920010p,90,63,In Stock,دار نهضة مصر
أطلس العالم,https://nahdetmisrbookstore.com/ar/c04101020038p,,,Out of Stock,دار نهضة مصر
مسجد من القرن السادس عشر,https://nahdetmisrbookstore.com/ar/c04101420015p,,,Out of Stock,دار نهضة مصر
المقبرة المصرية القديمة,https://nahdetmisrbookstore.com/ar/c04101420016p,,,Out of Stock,دار نهضة مصر
احذر العمل فى تشييد سور الصين,https://nahdetmisrbookstore.com/ar/c04101420050p,150,105,In Stock,دار نهضة مصر
احذر العمل فى المدينة المحرمة,https://nahdetmisrbookstore.com/ar/c04101420051p,150,105,In Stock,دار نهضة مصر
أطلس العالم Angry,https://nahdetmisrbookstore.com/ar/c04101520018p,175,122,In Stock,دار نهضة مصر
الطبيعة البكر المحيطات,https://nahdetmisrbookstore.com/ar/c041038220355p,75,52,In Stock,دار نهضة مصر
The Great Pyramid,https://nahdetmisrbookstore.com/ar/c04106020021p,,,Out of Stock,دار نهضة مصر
The Art Of Mindfulness - Serene,https://nahdetmisrbookstore.com/ar/c060920120354p,,,Out of Stock,دار نهضة مصر
The Art Of Mindfulness - Relaxed,https://nahdetmisrbookstore.com/ar/c060920120355p,,,Out of Stock,دار نهضة مصر
الكتكوت العنيد,https://nahdetmisrbookstore.com/ar/c1099920008p,,,Out of Stock,دار نهضة مصر
البناء السياسى فى الريف,https://nahdetmisrbookstore.com/ar/cc0406120012p,50,35,In Stock,دار نهضة مصر
البحث عن مصر,https://nahdetmisrbookstore.com/ar/cc0499120052p,50,35,In Stock,دار نهضة مصر
صرخة الرعب احترس.. د. مهووس يراك,https://nahdetmisrbookstore.com/ar/co40918220113p,75,52,In Stock,دار نهضة مصر
هيا نكتشف-الهندسة,https://nahdetmisrbookstore.com/ar/hya-nktshf-alhnds-1737031964,100,70,In Stock,دار نهضة مصر
هيا نكتشف جراثيم,https://nahdetmisrbookstore.com/ar/hya-nktshf-grathym-1737031965,,,Out of Stock,دار نهضة مصر
Let's Discover 1,https://nahdetmisrbookstore.com/ar/lets-discover-1-1777363576,60,42,In Stock,دار نهضة مصر
Let's Discover 2,https://nahdetmisrbookstore.com/ar/lets-discover-2-1777363766,60,42,In Stock,دار نهضة مصر
Let's Discover 3,https://nahdetmisrbookstore.com/ar/lets-discover-3-1777364004,60,42,In Stock,دار نهضة مصر
Meet The Animals Of Egypt,https://nahdetmisrbookstore.com/ar/meet-the-animals-of-egypt-1746524118,240,168,In Stock,دار نهضة مصر
Rusty Rocks Colors,https://nahdetmisrbookstore.com/ar/rusty-rocks-colors-1778408658,80,56,In Stock,دار نهضة مصر
The Lost Scepter,https://nahdetmisrbookstore.com/ar/the-lost-scepter-1763379986,450,315,In Stock,دار نهضة مصر
يوم فى حياة فيل صغير,https://nahdetmisrbookstore.com/ar/yom-f-hya-fyl-sghyr-1737031966,,,Out of Stock,دار نهضة مصر
آباء مطمئنون… أبناء سعداء – كيف توقف الصياح وتبدأ التواصل؟,https://alkarmabooks.com/product/%d8%a2%d8%a8%d8%a7%d8%a1-%d9%85%d8%b7%d9%85%d8%a6%d9%86%d9%88%d9%86-%d8%a3%d8%a8%d9%86%d8%a7%d8%a1-%d8%b3%d8%b9%d8%af%d8%a7%d8%a1%d9%83%d9%8a%d9%81-%d8%aa%d9%88%d9%82%d9%81-%d8%a7%d9%84%d8%b5/,390,390,in stock,دار الكرمة
أبريل الساحر,https://alkarmabooks.com/product/%d8%a3%d8%a8%d8%b1%d9%8a%d9%84-%d8%a7%d9%84%d8%b3%d8%a7%d8%ad%d8%b1-%d8%aa%d8%a3%d9%84%d9%8a%d9%81-%d8%a5%d9%84%d9%8a%d8%b2%d8%a7%d8%a8%d9%8a%d8%ab-%d9%81%d9%88%d9%86-%d8%a3%d8%b1%d9%86%d9%8a%d9%85/,400,400,in stock,دار الكرمة
أحد الرجال,https://alkarmabooks.com/product/%d8%a3%d8%ad%d8%af-%d8%a7%d9%84%d8%b1%d8%ac%d8%a7%d9%84-%d8%aa%d8%a3%d9%84%d9%8a%d9%81-%d9%83%d9%8a%d8%a6%d8%aa%d8%b4%d9%8a%d8%b1%d9%88-%d9%87%d9%8a%d8%b1%d8%a7%d9%86%d9%88/,390,390,in stock,دار الكرمة
أن تُحب شخصًا يعاني صدمة جنسية – دليل التعاطف الواعي لدعم شريكك وتحسين علاقتك,https://alkarmabooks.com/product/%d8%a3%d9%86-%d8%aa%d9%8f%d8%ad%d8%a8-%d8%b4%d8%ae%d8%b5%d9%8b%d8%a7-%d9%8a%d8%b9%d8%a7%d9%86%d9%8a-%d8%b5%d8%af%d9%85%d8%a9-%d8%ac%d9%86%d8%b3%d9%8a%d8%a9-%d8%af%d9%84%d9%8a%d9%84-%d8%a7%d9%84/,350,350,in stock,دار الكرمة
أوديب في الطائرة,https://alkarmabooks.com/product/%d8%a3%d9%88%d8%af%d9%8a%d8%a8-%d9%81%d9%8a-%d8%a7%d9%84%d8%b7%d8%a7%d8%a6%d8%b1%d8%a9-%d8%aa%d8%a3%d9%84%d9%8a%d9%81-%d9%85%d8%ad%d9%85%d8%af-%d8%b3%d9%84%d9%85%d8%a7%d9%88%d9%8a/,150,150,in stock,دار الكرمة
أوهام العقل,https://alkarmabooks.com/product/%d8%a3%d9%88%d9%87%d8%a7%d9%85-%d8%a7%d9%84%d8%b9%d9%82%d9%84-%d8%aa%d8%a3%d9%84%d9%8a%d9%81-%d8%a8%d8%b1%d9%86%d9%84%d9%81/,240,240,in stock,دار الكرمة
السماء الثامنة,https://alkarmabooks.com/product/%d8%a7%d9%84%d8%b3%d9%85%d8%a7%d8%a1-%d8%a7%d9%84%d8%ab%d8%a7%d9%85%d9%86%d8%a9-%d8%aa%d8%a3%d9%84%d9%8a%d9%81-%d9%85%d8%ad%d9%85%d8%af-%d8%b3%d9%84%d9%85%d8%a7%d9%88%d9%8a/,200,200,in stock,دار الكرمة
العلاج بالقراءة – القوة الشافية للكتب,https://alkarmabooks.com/product/%d8%a7%d9%84%d8%b9%d9%84%d8%a7%d8%ac-%d8%a8%d8%a7%d9%84%d9%82%d8%b1%d8%a7%d8%a1%d8%a9-%d8%a7%d9%84%d9%82%d9%88%d8%a9-%d8%a7%d9%84%d8%b4%d8%a7%d9%81%d9%8a%d8%a9-%d9%84%d9%84%d9%83%d8%aa%d8%a8-%d8%aa/,400,400,in stock,دار الكرمة
القفزة,https://alkarmabooks.com/product/%d8%a7%d9%84%d9%82%d9%81%d8%b2%d8%a9-%d8%aa%d8%a3%d9%84%d9%8a%d9%81-%d8%b3%d9%8a%d9%85%d9%88%d9%86%d9%87-%d9%84%d8%a7%d8%a8%d8%b1%d8%aa/,390,390,in stock,دار الكرمة
الميراث والوصية,https://alkarmabooks.com/product/%d8%a7%d9%84%d9%85%d9%8a%d8%b1%d8%a7%d8%ab-%d9%88%d8%a7%d9%84%d9%88%d8%b5%d9%8a%d8%a9-%d8%aa%d8%a3%d9%84%d9%8a%d9%81-%d9%81%d9%8a%d8%ac%d8%af%d9%8a%d8%b3-%d9%8a%d9%88%d8%aa/,390,390,in stock,دار الكرمة
الهجران,https://alkarmabooks.com/product/%d8%a7%d9%84%d9%87%d8%ac%d8%b1%d8%a7%d9%86-%d8%aa%d8%a3%d9%84%d9%8a%d9%81-%d8%b3%d9%88%d9%85%d8%b1-%d8%b4%d8%ad%d8%a7%d8%af%d8%a9/,250,250,in stock,دار الكرمة
تذكر 36,https://alkarmabooks.com/product/%d8%aa%d8%b0%d9%83%d8%b1-36-%d8%aa%d8%a3%d9%84%d9%8a%d9%81-%d8%a3%d8%ad%d9%85%d8%af-%d8%ad%d8%b3%d9%8a%d9%86-%d8%a3%d8%a8%d9%88-%d8%a7%d9%84%d8%b1%d8%ac%d8%a7%d9%84/,240,240,in stock,دار الكرمة
ثورة القمر,https://alkarmabooks.com/product/%d8%ab%d9%88%d8%b1%d8%a9-%d8%a7%d9%84%d9%82%d9%85%d8%b1-%d8%aa%d8%a3%d9%84%d9%8a%d9%81-%d8%a3%d9%86%d8%af%d8%b1%d9%8a%d8%a7-%d9%83%d8%a7%d9%85%d9%8a%d9%84%d9%84%d9%8a%d8%b1%d9%8a/,290,290,in stock,دار الكرمة
جمعية جيرنزي للأدب وفطيرة قشر البطاطس,https://alkarmabooks.com/product/%d8%ac%d9%85%d8%b9%d9%8a%d8%a9-%d8%ac%d9%8a%d8%b1%d9%86%d8%b2%d9%8a-%d9%84%d9%84%d8%a3%d8%af%d8%a8-%d9%88%d9%81%d8%b7%d9%8a%d8%b1%d8%a9-%d9%82%d8%b4%d8%b1-%d8%a7%d9%84%d8%a8%d8%b7%d8%a7%d8%b7%d8%b3/,380,380,in stock,دار الكرمة
صمت الحملان,https://alkarmabooks.com/product/%d8%b5%d9%85%d8%aa-%d8%a7%d9%84%d8%ad%d9%85%d9%84%d8%a7%d9%86-%d8%aa%d8%a3%d9%84%d9%8a%d9%81-%d8%aa%d9%88%d9%85%d8%a7%d8%b3-%d9%87%d8%a7%d8%b1%d9%8a%d8%b3/,500,500,in stock,دار الكرمة
طريق العودة إليك رحلة نحو الاكتشاف الذاتي قائمة على قواعد الإنياجرام,https://alkarmabooks.com/product/%d8%b7%d8%b1%d9%8a%d9%82-%d8%a7%d9%84%d8%b9%d9%88%d8%af%d8%a9-%d8%a5%d9%84%d9%8a%d9%83-%d8%b1%d8%ad%d9%84%d8%a9-%d9%86%d8%ad%d9%88-%d8%a7%d9%84%d8%a7%d9%83%d8%aa%d8%b4%d8%a7%d9%81-%d8%a7%d9%84%d8%b0/,350,350,in stock,دار الكرمة
في التشاؤم,https://alkarmabooks.com/product/%d9%81%d9%8a-%d8%a7%d9%84%d8%aa%d8%b4%d8%a7%d8%a4%d9%85-%d8%aa%d8%a3%d9%84%d9%8a%d9%81-%d9%8a%d9%88%d8%ac%d9%8a%d9%86-%d8%ab%d8%a7%d9%83%d8%b1/,240,240,in stock,دار الكرمة
في بيت أحمد أمين,https://alkarmabooks.com/product/%d9%81%d9%8a-%d8%a8%d9%8a%d8%aa-%d8%a3%d8%ad%d9%85%d8%af-%d8%a3%d9%85%d9%8a%d9%86-%d8%aa%d8%a3%d9%84%d9%8a%d9%81-%d8%ad%d8%b3%d9%8a%d9%86-%d8%a3%d8%ad%d9%85%d8%af-%d8%a3%d9%85%d9%8a%d9%86/,200,200,in stock,دار الكرمة
قديسو التشاؤم,https://alkarmabooks.com/product/%d9%82%d8%af%d9%8a%d8%b3%d9%88-%d8%a7%d9%84%d8%aa%d8%b4%d8%a7%d8%a4%d9%85-%d8%aa%d8%a3%d9%84%d9%8a%d9%81-%d9%8a%d9%88%d8%ac%d9%8a%d9%86-%d8%ab%d8%a7%d9%83%d8%b1/,190,190,in stock,دار الكرمة
قضية ذيل القط – تحقيقات نوح الألفي 4,https://alkarmabooks.com/product/%d9%82%d8%b6%d9%8a%d8%a9-%d8%b0%d9%8a%d9%84-%d8%a7%d9%84%d9%82%d8%b7-%d8%aa%d8%ad%d9%82%d9%8a%d9%82%d8%a7%d8%aa-%d9%86%d9%88%d8%ad-%d8%a7%d9%84%d8%a3%d9%84%d9%81%d9%8a-4-%d8%aa%d8%a3%d9%84%d9%8a/,250,250,in stock,دار الكرمة
قضية مخالب القط – تحقيقات نوح الألفي 5,https://alkarmabooks.com/product/%d9%82%d8%b6%d9%8a%d8%a9-%d8%b0%d9%8a%d9%84-%d8%a7%d9%84%d9%82%d8%b7-%d8%aa%d8%ad%d9%82%d9%8a%d9%82%d8%a7%d8%aa-%d9%86%d9%88%d8%ad-%d8%a7%d9%84%d8%a3%d9%84%d9%81%d9%8a-5-%d8%aa%d8%a3%d9%84%d9%8a/,300,300,in stock,دار الكرمة
مهووس – أن تبني علامة تجارية يحبها الناس من أول يوم,https://alkarmabooks.com/product/%d9%85%d9%87%d9%88%d9%88%d8%b3-%d8%a3%d9%86-%d8%aa%d8%a8%d9%86%d9%8a-%d8%b9%d9%84%d8%a7%d9%85%d8%a9-%d8%aa%d8%ac%d8%a7%d8%b1%d9%8a%d8%a9-%d9%8a%d8%ad%d8%a8%d9%87%d8%a7-%d8%a7%d9%84%d9%86%d8%a7%d8%b3/,300,300,in stock,دار الكرمة
وأجمل الذكريات ستأتي حتمًا,https://alkarmabooks.com/product/%d9%88%d8%a3%d8%ac%d9%85%d9%84-%d8%a7%d9%84%d8%b0%d9%83%d8%b1%d9%8a%d8%a7%d8%aa-%d8%b3%d8%aa%d8%a3%d8%aa%d9%8a-%d8%ad%d8%aa%d9%85%d9%8b%d8%a7-%d8%aa%d8%a3%d9%84%d9%8a%d9%81-%d9%86%d9%88%d9%84%d8%a9/,290,290,in stock,دار الكرمة
يمكنك أن تكون سعيدًا مهما حدث – خمسة مبادئ تجعلك تفكر في الحياة بعقلانية,https://alkarmabooks.com/product/%d9%8a%d9%85%d9%83%d9%86%d9%83-%d8%a3%d9%86-%d8%aa%d9%83%d9%88%d9%86-%d8%b3%d8%b9%d9%8a%d8%af%d9%8b%d8%a7-%d9%85%d9%87%d9%85%d8%a7-%d8%ad%d8%af%d8%ab%d8%ae%d9%85%d8%b3%d8%a9-%d9%85%d8%a8%d8%a7%d8%af/,220,220,in stock,دار الكرمة
النظرة الأخيرة,https://alkarmabooks.com/product/%d8%a7%d9%84%d9%86%d8%b8%d8%b1%d8%a9-%d8%a7%d9%84%d8%a3%d8%ae%d9%8a%d8%b1%d8%a9-%d8%aa%d8%a3%d9%84%d9%8a%d9%81-%d8%af%d9%8a%d9%86%d8%a7-%d8%b7%d8%a7%d9%87%d8%b1/,175,175,in stock,دار الكرمة
12 قانونًا لتغيير أسوأ عاداتك,https://alkarmabooks.com/product/12-%d9%82%d8%a7%d9%86%d9%88%d9%86%d9%8b%d8%a7-%d9%84%d8%aa%d8%ba%d9%8a%d9%8a%d8%b1-%d8%a3%d8%b3%d9%88%d8%a3-%d8%b9%d8%a7%d8%af%d8%a7%d8%aa%d9%83-%d8%aa%d8%a3%d9%84%d9%8a%d9%81-%d8%a5%d9%8a%d9%87/,200,200,in stock,دار الكرمة
154 طريقة لقول أفتقدك,https://alkarmabooks.com/product/154-%d8%b7%d8%b1%d9%8a%d9%82%d8%a9-%d9%84%d9%82%d9%88%d9%84-%d8%a3%d9%81%d8%aa%d9%82%d8%af%d9%83-%d8%aa%d8%a3%d9%84%d9%8a%d9%81-%d8%b4%d9%8a%d8%b1%d9%8a%d9%86-%d8%b3%d8%a7%d9%85%d9%8a/,120,120,in stock,دار الكرمة
أحمر لارنج,https://alkarmabooks.com/product/%d8%a3%d8%ad%d9%85%d8%b1-%d9%84%d8%a7%d8%b1%d9%86%d8%ac-%d8%aa%d8%a3%d9%84%d9%8a%d9%81-%d8%b4%d8%a7%d8%b1%d9%84-%d8%b9%d9%82%d9%84/,300,300,in stock,دار الكرمة
أخوية الطبقة المتوسطة – في وداع الأربعينيات,https://alkarmabooks.com/product/%d8%a3%d8%ae%d9%88%d9%8a%d8%a9-%d8%a7%d9%84%d8%b7%d8%a8%d9%82%d8%a9-%d8%a7%d9%84%d9%85%d8%aa%d9%88%d8%b3%d8%b7%d8%a9-%d9%81%d9%8a-%d9%88%d8%af%d8%a7%d8%b9-%d8%a7%d9%84%d8%a3%d8%b1%d8%a8%d8%b9%d9%8a/,150,150,in stock,دار الكرمة
أخي العزيز – مراسلات حسين وجلال أمين: الجزء الثاني: 1961-1989,https://alkarmabooks.com/product/%d8%a3%d8%ae%d9%8a-%d8%a7%d9%84%d8%b9%d8%b2%d9%8a%d8%b2-%d9%85%d8%b1%d8%a7%d8%b3%d9%84%d8%a7%d8%aa-%d8%ad%d8%b3%d9%8a%d9%86-%d9%88%d8%ac%d9%84%d8%a7%d9%84-%d8%a3%d9%85%d9%8a%d9%86-%d8%a7%d9%84/,350,350,in stock,دار الكرمة
أرض البشر,https://alkarmabooks.com/product/%d8%a3%d8%b1%d8%b6-%d8%a7%d9%84%d8%a8%d8%b4%d8%b1-%d8%aa%d8%a3%d9%84%d9%8a%d9%81-%d8%a3%d9%86%d8%b7%d9%88%d8%a7%d9%86-%d8%af%d9%88-%d8%b3%d8%a7%d9%86%d8%aa-%d8%a7%d9%83%d8%b2%d9%88%d8%a8%d9%8a%d8%b1/,270,270,in stock,دار الكرمة
أشباح وطنية,https://alkarmabooks.com/product/%d8%a3%d8%b4%d8%a8%d8%a7%d8%ad-%d9%88%d8%b7%d9%86%d9%8a%d8%a9-%d8%aa%d8%a3%d9%84%d9%8a%d9%81-%d8%a5%d8%a8%d8%b1%d8%a7%d9%87%d9%8a%d9%85-%d8%b9%d9%8a%d8%b3%d9%89/,250,250,in stock,دار الكرمة
أصوات المساء,https://alkarmabooks.com/product/%d8%a3%d8%b5%d9%88%d8%a7%d8%aa-%d8%a7%d9%84%d9%85%d8%b3%d8%a7%d8%a1/,180,180,in stock,دار الكرمة
أغالب مجرى النهر,https://alkarmabooks.com/product/%d8%a7%d8%ba%d8%a7%d9%84%d8%a8-%d9%85%d8%ac%d8%b1%d9%89-%d8%a7%d9%84%d9%86%d9%87%d8%b1-%d8%aa%d8%a3%d9%84%d9%8a%d9%81-%d8%b3%d8%b9%d9%8a%d8%af-%d8%ae%d8%b7%d9%8a%d8%a8%d9%8a/,380,380,in stock,دار الكرمة
ألبوم صور قديمة,https://alkarmabooks.com/product/%d8%a3%d9%84%d8%a8%d9%88%d9%85-%d8%b5%d9%88%d8%b1-%d9%82%d8%af%d9%8a%d9%85%d8%a9-%d8%aa%d8%a3%d9%84%d9%8a%d9%81-%d8%a5%d8%a8%d8%b1%d8%a7%d9%87%d9%8a%d9%85-%d8%b9%d9%8a%d8%b3%d9%89/,175,175,in stock,دار الكرمة
ألغام في بحر الذكريات,https://alkarmabooks.com/product/%d8%a3%d9%84%d8%ba%d8%a7%d9%85-%d9%81%d9%8a-%d8%a8%d8%ad%d8%b1-%d8%a7%d9%84%d8%b0%d9%83%d8%b1%d9%8a%d8%a7%d8%aa-%d8%aa%d8%a3%d9%84%d9%8a%d9%81-%d8%a3%d8%ad%d9%85%d8%af-%d8%ae%d8%a7%d9%84%d8%af-%d8%aa/,200,200,in stock,دار الكرمة
أمسية عند كلير,https://alkarmabooks.com/product/%d8%a3%d9%85%d8%b3%d9%8a%d8%a9-%d8%b9%d9%86%d8%af-%d9%83%d9%84%d9%8a%d8%b1-%d8%aa%d8%a3%d9%84%d9%8a%d9%81-%d8%ac%d8%a7%d9%8a%d8%aa%d9%88-%d8%ac%d8%a7%d8%b2%d8%af%d8%a7%d9%86%d9%88%d9%81/,350,350,in stock,دار الكرمة
أنا والرومي,https://alkarmabooks.com/product/%d8%a3%d9%86%d8%a7-%d9%88%d8%a7%d9%84%d8%b1%d9%88%d9%85%d9%8a-%d8%aa%d8%a3%d9%84%d9%8a%d9%81-%d9%88%d9%84%d9%8a%d8%a7%d9%85-%d8%b4%d9%8a%d8%aa%d9%8a%d9%83-2/,550,550,in stock,دار الكرمة
أنثى مخملية – (طبعة مشتركة خاصة بمصر وشمال أفريقيا والأردن ولبنان),https://alkarmabooks.com/product/%d8%a3%d9%86%d8%ab%d9%89-%d9%85%d8%ae%d9%85%d9%84%d9%8a%d8%a9-%d8%b7%d8%a8%d8%b9%d8%a9-%d8%ae%d8%a7%d8%b5%d8%a9-%d8%a8%d9%85%d8%b5%d8%b1-%d9%88%d8%b4%d9%85%d8%a7%d9%84-%d8%a3%d9%81%d8%b1%d9%8a%d9%82/,80,80,in stock,دار الكرمة
أُنس الحبايب – شخوص فترة التكوين,https://alkarmabooks.com/product/%d8%a3%d9%8f%d9%86%d8%b3-%d8%a7%d9%84%d8%ad%d8%a8%d8%a7%d9%8a%d8%a8-%d8%b4%d8%ae%d9%88%d8%b5-%d9%81%d8%aa%d8%b1%d8%a9-%d8%a7%d9%84%d8%aa%d9%83%d9%88%d9%8a%d9%86-%d8%aa%d8%a3%d9%84%d9%8a%d9%81-2/,250,250,in stock,دار الكرمة
أنقذ القطة! – لن تحتاج لكتاب بعده لكتابة السيناريو,https://alkarmabooks.com/product/%d8%a3%d9%86%d9%82%d8%b0-%d8%a7%d9%84%d9%82%d8%b7%d8%a9-%d8%aa%d8%a3%d9%84%d9%8a%d9%81-%d8%a8%d9%84%d9%8a%d9%83-%d8%b3%d9%86%d8%a7%d9%8a%d8%af%d8%b1/,350,350,in stock,دار الكرمة
أوراق شخصية,https://alkarmabooks.com/product/%d8%a3%d9%88%d8%b1%d8%a7%d9%82-%d8%b4%d8%ae%d8%b5%d9%8a%d8%a9-%d8%aa%d8%a3%d9%84%d9%8a%d9%81-%d9%84%d8%b7%d9%8a%d9%81%d8%a9-%d8%a7%d9%84%d8%b2%d9%8a%d8%a7%d8%aa/,220,220,in stock,دار الكرمة
أيام الهاشمي – ثلاثية نداء الملك – الجزء الثاني,https://alkarmabooks.com/product/%d8%a3%d9%8a%d8%a7%d9%85-%d8%a7%d9%84%d9%87%d8%a7%d8%b4%d9%85%d9%8a-%d8%ab%d9%84%d8%a7%d8%ab%d9%8a%d8%a9-%d9%86%d8%af%d8%a7%d8%a1-%d8%a7%d9%84%d9%85%d9%84%d9%83-%d8%a7%d9%84%d8%ac%d8%b2/,500,500,in stock,دار الكرمة
إلى مصر… مع حبي – ذكريات يهودية مصرية,https://alkarmabooks.com/product/%d8%a5%d9%84%d9%89-%d9%85%d8%b5%d8%b1-%d9%85%d8%b9-%d8%ad%d8%a8%d9%8a-%d8%b0%d9%83%d8%b1%d9%8a%d8%a7%d8%aa-%d9%8a%d9%87%d9%88%d8%af%d9%8a%d8%a9-%d9%85%d8%b5%d8%b1%d9%8a%d8%a9-%d8%aa%d8%a3%d9%84/,200,200,in stock,دار الكرمة
إن كبر ابنك خاويه بداية جديدة لتربية المراهقين والمراهقات,https://alkarmabooks.com/product/%d8%a5%d9%86-%d9%83%d8%a8%d8%b1-%d8%a7%d8%a8%d9%86%d9%83-%d8%ae%d8%a7%d9%88%d9%8a%d9%87-%d8%a8%d8%af%d8%a7%d9%8a%d8%a9-%d8%ac%d8%af%d9%8a%d8%af%d8%a9-%d9%84%d8%aa%d8%b1%d8%a8%d9%8a%d8%a9-%d8%a7%d9%84/,200,200,in stock,دار الكرمة
إنهم حقًّا رجال شرفاء,https://alkarmabooks.com/product/%d8%a5%d9%86%d9%87%d9%85-%d8%ad%d9%82%d9%8b%d9%91%d8%a7-%d8%b1%d8%ac%d8%a7%d9%84-%d8%b4%d8%b1%d9%81%d8%a7%d8%a1-%d8%aa%d8%a3%d9%84%d9%8a%d9%81-%d8%a7%d8%a8%d8%aa%d8%b3%d8%a7%d9%85-%d8%b4%d9%88%d9%82/,250,250,in stock,دار الكرمة
ابق حيا,https://alkarmabooks.com/product/%d8%a7%d8%a8%d9%82-%d8%ad%d9%8a%d8%a7-%d8%aa%d8%a3%d9%84%d9%8a%d9%81-%d8%a5%d8%a8%d8%b1%d8%a7%d9%87%d9%8a%d9%85-%d8%a3%d8%ad%d9%85%d8%af-%d8%b9%d9%8a%d8%b3%d9%89/,280,280,in stock,دار الكرمة
ابنك على ما تربيه الدليل العملي للتربية من الطفولة للمراهقة,https://alkarmabooks.com/product/%d8%a7%d8%a8%d9%86%d9%83-%d8%b9%d9%84%d9%89-%d9%85%d8%a7-%d8%aa%d8%b1%d8%a8%d9%8a%d9%87-%d8%a7%d9%84%d8%af%d9%84%d9%8a%d9%84-%d8%a7%d9%84%d8%b9%d9%85%d9%84%d9%8a-%d9%84%d9%84%d8%aa%d8%b1%d8%a8%d9%8a/,200,200,in stock,دار الكرمة
اترك العالم خلفك,https://alkarmabooks.com/product/%d8%a7%d8%aa%d8%b1%d9%83-%d8%a7%d9%84%d8%b9%d8%a7%d9%84%d9%85-%d8%ae%d9%84%d9%81%d9%83-%d8%aa%d8%a3%d9%84%d9%8a%d9%81-%d8%b1%d9%85%d8%a7%d9%86-%d8%b9%d9%84%d9%85/,250,250,in stock,دار الكرمة
احتضان,https://alkarmabooks.com/product/%d8%a7%d8%ad%d8%aa%d8%b6%d8%a7%d9%86-%d8%aa%d8%a3%d9%84%d9%8a%d9%81-%d9%83%d9%84%d9%8a%d8%b1-%d9%83%d9%8a%d8%ac%d9%86/,120,120,in stock,دار الكرمة
ارفع نسبة ذكائك,https://alkarmabooks.com/product/%d8%a7%d8%b1%d9%81%d8%b9-%d9%86%d8%b3%d8%a8%d8%a9-%d8%b0%d9%83%d8%a7%d8%a6%d9%83-%d8%aa%d8%a3%d9%84%d9%8a%d9%81-%d8%b1%d9%88%d9%86-%d8%a8%d8%b1%d9%8a%d8%b3%d9%8a/,410,410,in stock,دار الكرمة
اعتراف,https://alkarmabooks.com/product/%d8%a7%d8%b9%d8%aa%d8%b1%d8%a7%d9%81-%d8%aa%d8%a3%d9%84%d9%8a%d9%81-%d8%aa%d9%88%d9%84%d8%b3%d8%aa%d9%88%d9%8a/,120,120,in stock,دار الكرمة
اعتراف منتصف الليل,https://alkarmabooks.com/product/%d8%a7%d8%b9%d8%aa%d8%b1%d8%a7%d9%81-%d9%85%d9%86%d8%aa%d8%b5%d9%81-%d8%a7%d9%84%d9%84%d9%8a%d9%84-%d8%aa%d8%a3%d9%84%d9%8a%d9%81-%d8%ac%d9%88%d8%b1%d8%ac-%d8%af%d9%88%d9%87%d8%a7%d9%85%d9%8a%d9%84/,270,270,in stock,دار الكرمة
اعتراف,https://alkarmabooks.com/product/%d8%a7%d8%b9%d8%aa%d8%b1%d8%a7%d9%81%d8%aa%d8%a3%d9%84%d9%8a%d9%81-%d9%84%d9%8a%d9%81-%d8%aa%d9%88%d9%84%d8%b3%d8%aa%d9%88%d9%8a/,140,140,in stock,دار الكرمة
الأجنحة المتكسرة,https://alkarmabooks.com/product/%d8%a7%d9%84%d8%a3%d8%ac%d9%86%d8%ad%d8%a9-%d8%a7%d9%84%d9%85%d8%aa%d9%83%d8%b3%d8%b1%d8%a9-%d8%aa%d8%a3%d9%84%d9%8a%d9%81-%d8%ac%d8%a8%d8%b1%d8%a7%d9%86-%d8%ae%d9%84%d9%8a%d9%84-%d8%ac%d8%a8%d8%b1/,100,100,in stock,دار الكرمة
الأسئلة الفعالة – لبناء العلاقات والفوز بصفقات جديدة والتأثير في الآخرين,https://alkarmabooks.com/product/%d8%a7%d9%84%d8%a3%d8%b3%d8%a6%d9%84%d8%a9-%d8%a7%d9%84%d9%81%d8%b9%d8%a7%d9%84%d8%a9-%d9%84%d8%a8%d9%86%d8%a7%d8%a1-%d8%a7%d9%84%d8%b9%d9%84%d8%a7%d9%82%d8%a7%d8%aa-%d9%88%d8%a7%d9%84%d9%81%d9%88/,250,250,in stock,دار الكرمة
الأمريكي الهادئ,https://alkarmabooks.com/product/%d8%a7%d9%84%d8%a3%d9%85%d8%b1%d9%8a%d9%83%d9%8a-%d8%a7%d9%84%d9%87%d8%a7%d8%af%d8%a6-%d8%aa%d8%a3%d9%84%d9%8a%d9%81-%d8%ac%d8%b1%d8%a7%d9%87%d8%a7%d9%85-%d8%ac%d8%b1%d9%8a%d9%86/,350,350,in stock,دار الكرمة
الأمير الصغير,https://alkarmabooks.com/product/%d8%a7%d9%84%d8%a3%d9%85%d9%8a%d8%b1-%d8%a7%d9%84%d8%b5%d8%ba%d9%8a%d8%b1-%d8%aa%d8%a3%d9%84%d9%8a%d9%81-%d8%a3%d9%86%d8%b7%d9%88%d8%a7%d9%86-%d8%af%d9%88-%d8%b3%d8%a7%d9%86%d8%aa-%d8%a7%d9%83%d8%b2-2/,90,90,in stock,دار الكرمة
الأيام – الجزء الأول,https://alkarmabooks.com/product/%d8%a7%d9%84%d8%a3%d9%8a%d8%a7%d9%85-%d8%a7%d9%84%d8%ac%d8%b2%d8%a1-%d8%a7%d9%84%d8%a3%d9%88%d9%84-%d8%aa%d8%a3%d9%84%d9%8a%d9%81-%d8%b7%d9%87-%d8%ad%d8%b3%d9%8a%d9%86/,80,80,in stock,دار الكرمة
الأيام – الجزء الثالث,https://alkarmabooks.com/product/%d8%a7%d9%84%d8%a3%d9%8a%d8%a7%d9%85-%d8%a7%d9%84%d8%ac%d8%b2%d8%a1-%d8%a7%d9%84%d8%ab%d8%a7%d9%84%d8%ab-%d8%aa%d8%a3%d9%84%d9%8a%d9%81-%d8%b7%d9%87-%d8%ad%d8%b3%d9%8a%d9%86/,140,140,in stock,دار الكرمة
الأيام – الجزء الثاني,https://alkarmabooks.com/product/%d8%a7%d9%84%d8%a3%d9%8a%d8%a7%d9%85-%d8%a7%d9%84%d8%ac%d8%b2%d8%a1-%d8%a7%d9%84%d8%ab%d8%a7%d9%86%d9%8a-%d8%aa%d8%a3%d9%84%d9%8a%d9%81-%d8%b7%d9%87-%d8%ad%d8%b3%d9%8a%d9%86/,125,125,in stock,دار الكرمة
الإعداد لمعركة التحرير – 1967-1970,https://alkarmabooks.com/product/%d8%a7%d9%84%d8%a5%d8%b9%d8%af%d8%a7%d8%af-%d9%84%d9%85%d8%b9%d8%b1%d9%83%d8%a9-%d8%a7%d9%84%d8%aa%d8%ad%d8%b1%d9%8a%d8%b1-1967-1970%d8%aa%d8%a3%d9%84%d9%8a%d9%81-%d8%a7%d9%84%d9%81%d8%b1%d9%8a/,400,400,in stock,دار الكرمة
الإوزة البرية,https://alkarmabooks.com/product/%d8%a7%d9%84%d8%a5%d9%88%d8%b2%d8%a9-%d8%a7%d9%84%d8%a8%d8%b1%d9%8a%d8%a9-%d8%aa%d8%a3%d9%84%d9%8a%d9%81-%d8%a3%d9%88%d8%ac%d8%a7%d9%8a-%d9%85%d9%88%d8%b1%d9%8a/,270,270,in stock,دار الكرمة
الاعتداء,https://alkarmabooks.com/product/%d8%a7%d9%84%d8%a7%d8%b9%d8%aa%d8%af%d8%a7%d8%a1-%d8%aa%d8%a3%d9%84%d9%8a%d9%81-%d9%87%d8%a7%d8%b1%d9%8a-%d9%85%d9%88%d9%84%d9%8a%d8%b4/,240,240,in stock,دار الكرمة
الاعتذار,https://alkarmabooks.com/product/%d8%a7%d9%84%d8%a7%d8%b9%d8%aa%d8%b0%d8%a7%d8%b1-%d8%aa%d8%a3%d9%84%d9%8a%d9%81-%d8%a5%d9%8a%d9%81-%d8%a5%d9%86%d8%b3%d9%84%d8%b1/,190,190,in stock,دار الكرمة
الانتخاب الطبيعي – طبعة مختصرة من «أصل الأنواع»,https://alkarmabooks.com/product/%d8%a7%d9%84%d8%a7%d9%86%d8%aa%d8%ae%d8%a7%d8%a8-%d8%a7%d9%84%d8%b7%d8%a8%d9%8a%d8%b9%d9%8a-%d8%b7%d8%a8%d8%b9%d8%a9-%d9%85%d8%ae%d8%aa%d8%b5%d8%b1%d8%a9-%d9%85%d9%86-%d8%a3%d8%b5%d9%84-%d8%a7/,150,150,in stock,دار الكرمة
الباب المفتوح,https://alkarmabooks.com/product/%d8%a7%d9%84%d8%a8%d8%a7%d8%a8-%d8%a7%d9%84%d9%85%d9%81%d8%aa%d9%88%d8%ad-%d8%aa%d8%a3%d9%84%d9%8a%d9%81-%d9%84%d8%b7%d9%8a%d9%81%d8%a9-%d8%a7%d9%84%d8%b2%d9%8a%d8%a7%d8%aa/,300,300,in stock,دار الكرمة
البحيرة السوداء,https://alkarmabooks.com/product/%d8%a7%d9%84%d8%a8%d8%ad%d9%8a%d8%b1%d8%a9-%d8%a7%d9%84%d8%b3%d9%88%d8%af%d8%a7%d8%a1-%d8%aa%d8%a3%d9%84%d9%8a%d9%81-%d9%87%d9%8a%d9%84%d8%a7-%d9%87%d8%a7%d8%b3%d9%87/,120,120,in stock,دار الكرمة
البرنسيسة والأفندي,https://alkarmabooks.com/product/%d8%a7%d9%84%d8%a8%d8%b1%d9%86%d8%b3%d9%8a%d8%b3%d8%a9-%d9%88%d8%a7%d9%84%d8%a3%d9%81%d9%86%d8%af%d9%8a-%d8%aa%d8%a3%d9%84%d9%8a%d9%81-%d8%b5%d9%84%d8%a7%d8%ad-%d8%b9%d9%8a%d8%b3%d9%89/,900,900,in stock,دار الكرمة
البسكوتة والدحلاب – لما الحب يوجعِك وما تعرفيش ليه!,https://alkarmabooks.com/product/%d8%a7%d9%84%d8%a8%d8%b3%d9%83%d9%88%d8%aa%d8%a9-%d9%88%d8%a7%d9%84%d8%af%d8%ad%d9%84%d8%a7%d8%a8-%d9%84%d9%85%d8%a7-%d8%a7%d9%84%d8%ad%d8%a8-%d9%8a%d9%88%d8%ac%d8%b9%d9%90%d9%83-%d9%88%d9%85%d8%a7/,350,350,in stock,دار الكرمة
التغيير للأفضل – خلاصة أهم كتب تطوير الذات والارتقاء بالنفس,https://alkarmabooks.com/product/%d8%a7%d9%84%d8%aa%d8%ba%d9%8a%d9%8a%d8%b1-%d9%84%d9%84%d8%a3%d9%81%d8%b6%d9%84-%d8%aa%d8%a3%d9%84%d9%8a%d9%81-%d9%81%d8%b1%d9%8a%d9%82-%d8%a3%d8%ae%d8%b6%d8%b1/,250,250,in stock,دار الكرمة
التنوير في اسقاط التدبير,https://alkarmabooks.com/product/%d8%a7%d9%84%d8%aa%d9%86%d9%88%d9%8a%d8%b1-%d9%81%d9%8a-%d8%a7%d8%b3%d9%82%d8%a7%d8%b7-%d8%a7%d9%84%d8%aa%d8%af%d8%a8%d9%8a%d8%b1-%d8%aa%d8%a3%d9%84%d9%8a%d9%81-%d8%a7%d8%a8%d9%86-%d8%b9%d8%b7%d8%a7/,110,110,in stock,دار الكرمة
الحجرات,https://alkarmabooks.com/product/%d8%a7%d9%84%d8%ad%d8%ac%d8%b1%d8%a7%d8%aa-%d8%aa%d8%a3%d9%84%d9%8a%d9%81-%d8%b4%d9%8a%d8%b1%d9%8a%d9%86-%d8%b3%d8%a7%d9%85%d9%8a/,175,175,in stock,دار الكرمة
الحرب والتربنتين,https://alkarmabooks.com/product/%d8%a7%d9%84%d8%ad%d8%b1%d8%a8-%d9%88%d8%a7%d9%84%d8%aa%d8%b1%d8%a8%d9%86%d8%aa%d9%8a%d9%86-%d8%aa%d8%a3%d9%84%d9%8a%d9%81-%d8%b3%d8%aa%d9%8a%d9%81%d8%a7%d9%86-%d9%87%d9%8a%d8%b1%d8%aa%d9%85%d8%a7/,350,350,in stock,دار الكرمة
الخادمة (طبعة مشتركة خاصة بمصر ),https://alkarmabooks.com/product/%d8%a7%d9%84%d8%ae%d8%a7%d8%af%d9%85%d8%a9-%d8%b7%d8%a8%d8%b9%d8%a9-%d9%85%d8%b4%d8%aa%d8%b1%d9%83%d8%a9-%d8%ae%d8%a7%d8%b5%d8%a9-%d8%a8%d9%85%d8%b5%d8%b1-%d8%aa%d8%a3%d9%84%d9%8a%d9%81-%d9%81/,400,400,in stock,دار الكرمة
الخروج من البلاعة,https://alkarmabooks.com/product/%d8%a7%d9%84%d8%ae%d8%b1%d9%88%d8%ac-%d9%85%d9%86-%d8%a7%d9%84%d8%a8%d9%84%d8%a7%d8%b9%d8%a9-%d8%aa%d8%a3%d9%84%d9%8a%d9%81-%d9%86%d8%a7%d8%a6%d9%84-%d8%a7%d9%84%d8%b7%d9%88%d8%ae%d9%8a/,240,240,in stock,دار الكرمة
الدائرة السوداء,https://alkarmabooks.com/product/%d8%a7%d9%84%d8%af%d8%a7%d8%a6%d8%b1%d8%a9-%d8%a7%d9%84%d8%b3%d9%88%d8%af%d8%a7%d8%a1-%d8%aa%d8%a3%d9%84%d9%8a%d9%81-%d8%ad%d9%85%d8%af%d9%8a-%d8%b9%d8%a8%d8%af-%d8%a7%d9%84%d8%b1%d8%ad%d9%8a%d9%85/,175,175,in stock,دار الكرمة
الدليل العام لعمد وأعيان القطر المصري,https://alkarmabooks.com/product/%d8%a7%d9%84%d8%af%d9%84%d9%8a%d9%84-%d8%a7%d9%84%d8%b9%d8%a7%d9%85-%d9%84%d8%b9%d9%85%d8%af-%d9%88%d8%a3%d8%b9%d9%8a%d8%a7%d9%86-%d8%a7%d9%84%d9%82%d8%b7%d8%b1-%d8%a7%d9%84%d9%85%d8%b5%d8%b1%d9%8a/,300,300,in stock,دار الكرمة
الرحلة – ثلاثية الرحلة: الجزء الأول,https://alkarmabooks.com/product/%d8%a7%d9%84%d8%b1%d8%ad%d9%84%d8%a9-%d8%ab%d9%84%d8%a7%d8%ab%d9%8a%d8%a9-%d8%a7%d9%84%d8%b1%d8%ad%d9%84%d8%a9-%d8%a7%d9%84%d8%ac%d8%b2%d8%a1-%d8%a7%d9%84%d8%a3%d9%88%d9%84%d8%aa%d8%a3%d9%84%d9%8a/,450,450,in stock,دار الكرمة
الرحلة – ثلاثية الرحلة: الجزءان الثاني والثالث,https://alkarmabooks.com/product/%d8%a7%d9%84%d8%b1%d8%ad%d9%84%d8%a9-%d8%ab%d9%84%d8%a7%d8%ab%d9%8a%d8%a9-%d8%a7%d9%84%d8%b1%d8%ad%d9%84%d8%a9-%d8%a7%d9%84%d8%ac%d8%b2%d8%a1%d8%a7%d9%86-%d8%a7%d9%84%d8%ab%d8%a7%d9%86%d9%8a-%d9%88/,320,320,in stock,دار الكرمة
الزمن – ديوان شعر بالعامية المصرية,https://alkarmabooks.com/product/%d8%a7%d9%84%d8%b2%d9%85%d9%86-%d8%af%d9%8a%d9%88%d8%a7%d9%86-%d8%b4%d8%b9%d8%b1-%d8%a8%d8%a7%d9%84%d8%b9%d8%a7%d9%85%d9%8a%d8%a9-%d8%a7%d9%84%d9%85%d8%b5%d8%b1%d9%8a%d8%a9/,70,70,in stock,دار الكرمة
الساعات الأخيرة لطائفة من أعلام الشرق والغرب,https://alkarmabooks.com/product/%d8%a7%d9%84%d8%b3%d8%a7%d8%b9%d8%a7%d8%aa-%d8%a7%d9%84%d8%a3%d8%ae%d9%8a%d8%b1%d8%a9-%d9%84%d8%b7%d8%a7%d8%a6%d9%81%d8%a9-%d9%85%d9%86-%d8%a3%d8%b9%d9%84%d8%a7%d9%85-%d8%a7%d9%84%d8%b4%d8%b1%d9%82/,200,200,in stock,دار الكرمة
السلطنة – ثلاثية الوسية: الجزء الثالث,https://alkarmabooks.com/product/%d8%a7%d9%84%d8%b3%d9%84%d8%b7%d9%86%d8%a9-%d8%ab%d9%84%d8%a7%d8%ab%d9%8a%d8%a9-%d8%a7%d9%84%d9%88%d8%b3%d9%8a%d8%a9-%d8%a7%d9%84%d8%ac%d8%b2%d8%a1-%d8%a7%d9%84%d8%ab%d8%a7%d9%84%d8%ab%d8%aa%d8%a3/,210,210,in stock,دار الكرمة
السيدة الكبرى,https://alkarmabooks.com/product/%d8%a7%d9%84%d8%b3%d9%8a%d8%af%d8%a9-%d8%a7%d9%84%d9%83%d8%a8%d8%b1%d9%89-%d8%aa%d8%a3%d9%84%d9%8a%d9%81-%d8%b4%d9%8a%d8%b1%d9%8a%d9%86-%d8%b3%d8%a7%d9%85%d9%8a/,410,410,in stock,دار الكرمة
الشطرنج,https://alkarmabooks.com/product/%d8%a7%d9%84%d8%b4%d8%b7%d8%b1%d9%86%d8%ac-%d8%aa%d8%a3%d9%84%d9%8a%d9%81-%d8%b4%d8%aa%d9%8a%d9%81%d8%a7%d9%86-%d8%aa%d8%b3%d9%81%d8%a7%d9%8a%d8%ac/,260,260,in stock,دار الكرمة
الشمندورة,https://alkarmabooks.com/product/%d8%a7%d9%84%d8%b4%d9%85%d9%86%d8%af%d9%88%d8%b1%d8%a9-%d9%85%d8%ae%d8%aa%d8%a7%d8%b1%d8%a7%d8%aa-%d8%a7%d9%84%d9%83%d8%b1%d9%85%d8%a9/,600,600,in stock,دار الكرمة
الطريق إلى السعادة,https://alkarmabooks.com/product/%d8%a7%d9%84%d8%b7%d8%b1%d9%8a%d9%82-%d8%a5%d9%84%d9%89-%d8%a7%d9%84%d8%b3%d8%b9%d8%a7%d8%af%d8%a9-%d8%aa%d8%a3%d9%84%d9%8a%d9%81-%d8%af-%d8%a3%d8%ad%d9%85%d8%af-%d8%b9%d9%83%d8%a7%d8%b4%d9%87/,250,250,in stock,دار الكرمة
العراوي,https://alkarmabooks.com/product/%d8%a7%d9%84%d8%b9%d8%b1%d8%a7%d9%88%d9%8a-%d8%aa%d8%a3%d9%84%d9%8a%d9%81-%d8%ae%d9%8a%d8%b1%d9%8a-%d8%b4%d9%84%d8%a8%d9%8a/,175,175,in stock,دار الكرمة
العرض الذي لا يقاوم – كيف تبيع منتجك أو خدمتك في 3 ثوانٍ أو أقل,https://alkarmabooks.com/product/%d8%a7%d9%84%d8%b9%d8%b1%d8%b6-%d8%a7%d9%84%d8%b0%d9%8a-%d9%84%d8%a7-%d9%8a%d9%82%d8%a7%d9%88%d9%85-%d9%83%d9%8a%d9%81-%d8%aa%d8%a8%d9%8a%d8%b9-%d9%85%d9%86%d8%aa%d8%ac%d9%83-%d8%a3%d9%88-%d8%ae/,250,250,in stock,دار الكرمة
العصف والريحان – مذكرات (1981-2015),https://alkarmabooks.com/product/%d8%a7%d9%84%d8%b9%d8%b5%d9%81-%d9%88%d8%a7%d9%84%d8%b1%d9%8a%d8%ad%d8%a7%d9%86%d8%aa%d8%a3%d9%84%d9%8a%d9%81-%d9%85%d8%ad%d9%85%d8%af-%d8%b3%d9%84%d9%85%d8%a7%d9%88%d9%8a/,500,500,in stock,دار الكرمة
العهود – حكاية الجارية ج2 (طبعة مشتركة خاصة بمصر ودول شمال أفريقيا),https://alkarmabooks.com/product/%d8%a7%d9%84%d8%b9%d9%87%d9%88%d8%af-%d8%ad%d9%83%d8%a7%d9%8a%d8%a9-%d8%a7%d9%84%d8%ac%d8%a7%d8%b1%d9%8a%d8%a9-%d8%ac2-%d8%b7%d8%a8%d8%b9%d8%a9-%d8%ae%d8%a7%d8%b5%d8%a9-%d8%a8%d9%85%d8%b5%d8%b1/,350,350,in stock,دار الكرمة
الفجيعة,https://alkarmabooks.com/product/%d8%a7%d9%84%d9%81%d8%ac%d9%8a%d8%b9%d8%a9-%d8%aa%d8%a3%d9%84%d9%8a%d9%81-%d8%ac%d9%86%d9%8a-%d8%a5%d8%b1%d8%a8%d9%86%d8%a8%d9%83/,200,200,in stock,دار الكرمة
المانيفستو – ديوان بالعامية المصرية,https://alkarmabooks.com/product/%d8%a7%d9%84%d9%85%d8%a7%d9%86%d9%8a%d9%81%d8%b3%d8%aa%d9%88%d8%aa%d8%a3%d9%84%d9%8a%d9%81-%d9%85%d8%b5%d8%b7%d9%81%d9%89-%d8%a5%d8%a8%d8%b1%d8%a7%d9%87%d9%8a%d9%85/,180,180,in stock,دار الكرمة
المستأجرة (طبعة مشتركة خاصة بمصر ),https://alkarmabooks.com/product/%d8%a7%d9%84%d9%85%d8%b3%d8%aa%d8%a3%d8%ac%d8%b1%d8%a9-%d8%b7%d8%a8%d8%b9%d8%a9-%d9%85%d8%b4%d8%aa%d8%b1%d9%83%d8%a9-%d8%ae%d8%a7%d8%b5%d8%a9-%d8%a8%d9%85%d8%b5%d8%b1-%d8%aa%d8%a3%d9%84%d9%8a/,500,500,in stock,دار الكرمة
المناورات الخفية في حياتنا العائلية والجنسية والعملية,https://alkarmabooks.com/product/%d8%a7%d9%84%d9%85%d9%86%d8%a7%d9%88%d8%b1%d8%a7%d8%aa-%d8%a7%d9%84%d8%ae%d9%81%d9%8a%d8%a9-%d9%81%d9%8a-%d8%ad%d9%8a%d8%a7%d8%aa%d9%86%d8%a7-%d8%a7%d9%84%d8%b9%d8%a7%d8%a6%d9%84%d9%8a%d8%a9-%d9%88/,180,180,in stock,دار الكرمة
المنزل الريفي,https://alkarmabooks.com/product/%d8%a7%d9%84%d9%85%d9%86%d8%b2%d9%84-%d8%a7%d9%84%d8%b1%d9%8a%d9%81%d9%8a%d8%aa%d8%a3%d9%84%d9%8a%d9%81-%d8%a5-%d9%85-%d9%81%d9%88%d8%b1%d8%b3%d8%aa%d8%b1/,350,350,in stock,دار الكرمة
المنهج – كتاب خارجي,https://alkarmabooks.com/product/%d8%a7%d9%84%d9%85%d9%86%d9%87%d8%ac-%d9%83%d8%aa%d8%a7%d8%a8-%d8%ae%d8%a7%d8%b1%d8%ac%d9%8a%d8%aa%d8%a3%d9%84%d9%8a%d9%81-%d8%ae%d8%a7%d9%84%d8%af-%d9%83%d8%b3%d8%a7%d8%a8/,175,175,in stock,دار الكرمة
المولودة,https://alkarmabooks.com/product/%d8%a7%d9%84%d9%85%d9%88%d9%84%d9%88%d8%af%d8%a9-%d8%aa%d8%a3%d9%84%d9%8a%d9%81-%d9%86%d8%a7%d8%af%d9%8a%d8%a9-%d9%83%d8%a7%d9%85%d9%84/,350,350,in stock,دار الكرمة
النبي,https://alkarmabooks.com/product/%d8%a7%d9%84%d9%86%d8%a8%d9%8a-%d8%aa%d8%a3%d9%84%d9%8a%d9%81-%d8%ac%d8%a8%d8%b1%d8%a7%d9%86-%d8%ae%d9%84%d9%8a%d9%84-%d8%ac%d8%a8%d8%b1%d8%a7%d9%86/,75,75,in stock,دار الكرمة
النص الأصلي – عن الترجمة ومسارات الحياة,https://alkarmabooks.com/product/%d8%a7%d9%84%d9%86%d8%b5-%d8%a7%d9%84%d8%a3%d8%b5%d9%84%d9%8a-%d8%b9%d9%86-%d8%a7%d9%84%d8%aa%d8%b1%d8%ac%d9%85%d8%a9-%d9%88%d9%85%d8%b3%d8%a7%d8%b1%d8%a7%d8%aa-%d8%a7%d9%84%d8%ad%d9%8a%d8%a7%d8%a9/,300,300,in stock,دار الكرمة
الوارثون – ثلاثية الوسية: الجزء الثاني,https://alkarmabooks.com/product/%d8%a7%d9%84%d9%88%d8%a7%d8%b1%d8%ab%d9%88%d9%86-%d8%ab%d9%84%d8%a7%d8%ab%d9%8a%d8%a9-%d8%a7%d9%84%d9%88%d8%b3%d9%8a%d8%a9-%d8%a7%d9%84%d8%ac%d8%b2%d8%a1-%d8%a7%d9%84%d8%ab%d8%a7%d9%86%d9%8a%d8%aa/,220,220,in stock,دار الكرمة
الواقعون,https://alkarmabooks.com/product/%d8%a7%d9%84%d9%88%d8%a7%d9%82%d8%b9%d9%88%d9%86-%d8%aa%d8%a3%d9%84%d9%8a%d9%81-%d9%83%d8%a7%d8%b1%d9%84%d9%88%d8%b3-%d9%85%d8%a7%d9%86%d9%88%d9%8a%d9%84-%d8%a3%d9%84%d8%a8%d8%a7%d8%b1%d9%8a%d8%b3/,200,200,in stock,دار الكرمة
الوجه الآخر للخلافة الإسلامية,https://alkarmabooks.com/product/%d8%a7%d9%84%d9%88%d8%ac%d9%87-%d8%a7%d9%84%d8%a2%d8%ae%d8%b1-%d9%84%d9%84%d8%ae%d9%84%d8%a7%d9%81%d8%a9-%d8%a7%d9%84%d8%a5%d8%b3%d9%84%d8%a7%d9%85%d9%8a%d8%a9-%d8%aa%d8%a3%d9%84%d9%8a%d9%81-%d8%b3/,200,200,in stock,دار الكرمة
الوسية – ثلاثية الوسية: الجزء الأول,https://alkarmabooks.com/product/%d8%a7%d9%84%d9%88%d8%b3%d9%8a%d8%a9-%d8%ab%d9%84%d8%a7%d8%ab%d9%8a%d8%a9-%d8%a7%d9%84%d9%88%d8%b3%d9%8a%d8%a9-%d8%a7%d9%84%d8%ac%d8%b2%d8%a1-%d8%a7%d9%84%d8%a3%d9%88%d9%84%d8%aa%d8%a3%d9%84%d9%8a/,220,220,in stock,دار الكرمة
الوعد,https://alkarmabooks.com/product/%d8%a7%d9%84%d9%88%d8%b9%d8%af-%d8%aa%d8%a3%d9%84%d9%8a%d9%81-%d9%81%d8%b1%d9%8a%d8%af%d8%b1%d9%8a%d8%b4-%d8%af%d9%88%d8%b1%d9%86%d9%85%d8%a7%d8%aa/,250,250,in stock,دار الكرمة
اليهود واليونانيون في مصر ودورهم الاقتصادي حتى 1960,https://alkarmabooks.com/product/%d8%a7%d9%84%d9%8a%d9%87%d9%88%d8%af-%d9%88%d8%a7%d9%84%d9%8a%d9%88%d9%86%d8%a7%d9%86%d9%8a%d9%88%d9%86-%d9%81%d9%8a-%d9%85%d8%b5%d8%b1-%d9%88%d8%af%d9%88%d8%b1%d9%87%d9%85-%d8%a7%d9%84%d8%a7%d9%82/,550,550,in stock,دار الكرمة
انتصار للسينما – خطابات محمد خان إلى سعيد شيمي: الجزء الثاني,https://alkarmabooks.com/product/%d8%a7%d9%86%d8%aa%d8%b5%d8%a7%d8%b1-%d9%84%d9%84%d8%b3%d9%8a%d9%86%d9%85%d8%a7-%d8%ae%d8%b7%d8%a7%d8%a8%d8%a7%d8%aa-%d9%85%d8%ad%d9%85%d8%af-%d8%ae%d8%a7%d9%86-%d8%a5%d9%84%d9%89-%d8%b3%d8%b9%d9%8a/,600,600,in stock,دار الكرمة
بابر – ما رُوي عن ابن أيوب – سلسلة حكايا المنسيين 1,https://alkarmabooks.com/product/%d8%a8%d8%a7%d8%a8%d8%b1-%d9%85%d8%a7-%d8%b1%d9%8f%d9%88%d9%8a-%d8%b9%d9%86-%d8%a7%d8%a8%d9%86-%d8%a3%d9%8a%d9%88%d8%a8-%d8%aa%d8%a3%d9%84%d9%8a%d9%81-%d8%a5%d8%a8%d8%b1%d8%a7%d9%87%d9%8a%d9%85/,320,320,in stock,دار الكرمة
باري,https://alkarmabooks.com/product/%d8%a8%d8%a7%d8%b1%d9%8a-%d8%aa%d8%a3%d9%84%d9%8a%d9%81-%d8%a5%d8%a8%d8%b1%d8%a7%d9%87%d9%8a%d9%85-%d8%a3%d8%ad%d9%85%d8%af-%d8%b9%d9%8a%d8%b3%d9%89/,500,500,in stock,دار الكرمة
بدافع القتل,https://alkarmabooks.com/product/%d8%a8%d8%af%d8%a7%d9%81%d8%b9-%d8%a7%d9%84%d9%82%d8%aa%d9%84-%d8%aa%d8%a3%d9%84%d9%8a%d9%81-%d8%a3%d9%86%d8%aa%d9%88%d9%86%d9%8a-%d9%87%d9%88%d8%b1%d9%88%d9%8a%d8%aa%d8%b2/,650,650,in stock,دار الكرمة
بطن البقرة,https://alkarmabooks.com/product/%d8%a8%d8%b7%d9%86-%d8%a7%d9%84%d8%a8%d9%82%d8%b1%d8%a9-%d8%aa%d8%a3%d9%84%d9%8a%d9%81-%d8%ae%d9%8a%d8%b1%d9%8a-%d8%b4%d9%84%d8%a8%d9%8a/,170,170,in stock,دار الكرمة
بعد ما يناموا العيال,https://alkarmabooks.com/product/%d8%a8%d8%b9%d8%af-%d9%85%d8%a7-%d9%8a%d9%86%d8%a7%d9%85%d9%88%d8%a7-%d8%a7%d9%84%d8%b9%d9%8a%d8%a7%d9%84-%d8%aa%d8%a3%d9%84%d9%8a%d9%81-%d8%b9%d9%85%d8%b1-%d8%b7%d8%a7%d9%87%d8%b1/,190,190,in stock,دار الكرمة
بهجة الحياة البسيطة – دليلك إلى التخلص من الفوضى، وإلى التنظيم والبساطة,https://alkarmabooks.com/product/%d8%a8%d9%87%d8%ac%d8%a9-%d8%a7%d9%84%d8%ad%d9%8a%d8%a7%d8%a9-%d8%a7%d9%84%d8%a8%d8%b3%d9%8a%d8%b7%d8%a9-%d8%af%d9%84%d9%8a%d9%84%d9%83-%d8%a5%d9%84%d9%89-%d8%a7%d9%84%d8%aa%d8%ae%d9%84%d8%b5-%d9%85/,250,250,in stock,دار الكرمة
بيت المساكين,https://alkarmabooks.com/product/%d8%a8%d9%8a%d8%aa-%d8%a7%d9%84%d9%85%d8%b3%d8%a7%d9%83%d9%8a%d9%86-%d8%aa%d8%a3%d9%84%d9%8a%d9%81%d9%85%d9%8a%d9%86%d8%a7-%d8%b9%d8%a7%d8%af%d9%84-%d8%ac%d9%8a%d8%af/,100,100,in stock,دار الكرمة
تاريخ مصر – من 33 مليون سنة قبل الميلاد حتى ثورة 1952,https://alkarmabooks.com/product/%d8%aa%d8%a7%d8%b1%d9%8a%d8%ae-%d9%85%d8%b5%d8%b1-%d9%85%d9%86-33-%d9%85%d9%84%d9%8a%d9%88%d9%86-%d8%b3%d9%86%d8%a9-%d9%82%d8%a8%d9%84-%d8%a7%d9%84%d9%85%d9%8a%d9%84%d8%a7%d8%af-%d8%ad%d8%aa%d9%89/,500,500,in stock,دار الكرمة
تاريخ يهود النيل تحرير: جاك حاسون,https://alkarmabooks.com/product/%d8%aa%d8%a7%d8%b1%d9%8a%d8%ae-%d9%8a%d9%87%d9%88%d8%af-%d8%a7%d9%84%d9%86%d9%8a%d9%84-%d8%aa%d8%ad%d8%b1%d9%8a%d8%b1-%d8%ac%d8%a7%d9%83-%d8%ad%d8%a7%d8%b3%d9%88%d9%86/,480,480,in stock,دار الكرمة
تجديد جورج أورويل – أو ماذا حدث للعالم منذ 1950؟,https://alkarmabooks.com/product/%d8%aa%d8%ac%d8%af%d9%8a%d8%af-%d8%ac%d9%88%d8%b1%d8%ac-%d8%a3%d9%88%d8%b1%d9%88%d9%8a%d9%84-%d8%a3%d9%88-%d9%85%d8%a7%d8%b0%d8%a7-%d8%ad%d8%af%d8%ab-%d9%84%d9%84%d8%b9%d8%a7%d9%84%d9%85-%d9%85%d9%86/,150,150,in stock,دار الكرمة
تربية محمدﷺ للإنسان من الطفولة حتى الكهولة – (طبعة مشتركة خاصة بمصر وشمال أفريقيا والأردن ولبنان),https://alkarmabooks.com/product/%d8%aa%d8%b1%d8%a8%d9%8a%d8%a9-%d9%85%d8%ad%d9%85%d8%af%ef%b7%ba-%d9%84%d9%84%d8%a5%d9%86%d8%b3%d8%a7%d9%86-%d9%85%d9%86-%d8%a7%d9%84%d8%b7%d9%81%d9%88%d9%84%d8%a9-%d8%ad%d8%aa%d9%89-%d8%a7%d9%84/,100,100,in stock,دار الكرمة
ترتيبات عشوائية,https://alkarmabooks.com/product/%d8%aa%d8%b1%d8%aa%d9%8a%d8%a8%d8%a7%d8%aa-%d8%b9%d8%b4%d9%88%d8%a7%d8%a6%d9%8a%d8%a9-%d8%aa%d8%a3%d9%84%d9%8a%d9%81-%d8%af%d9%86%d9%8a%d8%a7-%d9%83%d9%85%d8%a7%d9%84/,200,200,in stock,دار الكرمة
تعديل سلوك أبنائك خطة عملية واستشارات تربوية,https://alkarmabooks.com/product/%d8%aa%d8%b9%d8%af%d9%8a%d9%84-%d8%b3%d9%84%d9%88%d9%83-%d8%a3%d8%a8%d9%86%d8%a7%d8%a6%d9%83-%d8%ae%d8%b7%d8%a9-%d8%b9%d9%85%d9%84%d9%8a%d8%a9-%d9%88%d8%a7%d8%b3%d8%aa%d8%b4%d8%a7%d8%b1%d8%a7%d8%aa/,200,200,in stock,دار الكرمة
تقنيات السعادة – منهاج حياة مبسط للسعادة (طبعة مشتركة خاصة بمصر وشمال أفريقيا والأردن ولبنان),https://alkarmabooks.com/product/%d8%aa%d9%82%d9%86%d9%8a%d8%a7%d8%aa-%d8%a7%d9%84%d8%b3%d8%b9%d8%a7%d8%af%d8%a9-%d9%85%d9%86%d9%87%d8%a7%d8%ac-%d8%ad%d9%8a%d8%a7%d8%a9-%d9%85%d8%a8%d8%b3%d8%b7-%d9%84%d9%84%d8%b3%d8%b9%d8%a7%d8%af/,100,100,in stock,دار الكرمة
تهذيب الذات كما ورد في بعض الآيات – (طبعة مشتركة خاصة بمصر وشمال أفريقيا والأردن ولبنان),https://alkarmabooks.com/product/%d8%aa%d9%87%d8%b0%d9%8a%d8%a8-%d8%a7%d9%84%d8%b0%d8%a7%d8%aa-%d9%83%d9%85%d8%a7-%d9%88%d8%b1%d8%af-%d9%81%d9%8a-%d8%a8%d8%b9%d8%b6-%d8%a7%d9%84%d8%a2%d9%8a%d8%a7%d8%aa-%d8%b7%d8%a8%d8%b9%d8%a9/,120,120,in stock,دار الكرمة
ثورة الفن – كيف يعمل الفنان وكيف يعمل الآخرون (طبعة مشتركة خاصة بمصر ودول شمال أفريقيا والشام),https://alkarmabooks.com/product/%d8%ab%d9%88%d8%b1%d8%a9-%d8%a7%d9%84%d9%81%d9%86%d8%aa%d8%a3%d9%84%d9%8a%d9%81-%d8%a3%d8%ad%d9%85%d8%af-%d8%ad%d8%b3%d9%86-%d9%85%d8%b4%d8%b1%d9%81/,200,200,in stock,دار الكرمة
جاتسبي العظيم,https://alkarmabooks.com/product/%d8%ac%d8%a7%d8%aa%d8%b3%d8%a8%d9%8a-%d8%a7%d9%84%d8%b9%d8%b8%d9%8a%d9%85/,240,240,in stock,دار الكرمة
جاز وروك – قائمة أغاني السفاح المثالي 1,https://alkarmabooks.com/product/%d8%ac%d8%a7%d8%b2-%d9%88%d8%b1%d9%88%d9%83-%d8%aa%d8%a3%d9%84%d9%8a%d9%81-%d9%85%d9%8a%d8%b1%d9%86%d8%a7-%d8%a7%d9%84%d9%85%d9%87%d8%af%d9%8a/,300,300,in stock,دار الكرمة
جبل الرمل,https://alkarmabooks.com/product/%d8%ac%d8%a8%d9%84-%d8%a7%d9%84%d8%b1%d9%85%d9%84-%d8%aa%d8%a3%d9%84%d9%8a%d9%81-%d8%b1%d9%86%d8%af%d8%a7-%d8%b4%d8%b9%d8%ab/,250,250,in stock,دار الكرمة
جبل النرجس: مختارات من المقتنيات الفنية لمحمد سلماوي ونازلي مدكور,https://alkarmabooks.com/product/%d8%ac%d8%a8%d9%84-%d8%a7%d9%84%d9%86%d8%b1%d8%ac%d8%b3-%d9%85%d8%ae%d8%aa%d8%a7%d8%b1%d8%a7%d8%aa-%d9%85%d9%86-%d8%a7%d9%84%d9%85%d8%ac%d9%85%d9%88%d8%b9%d8%a7%d8%aa-%d8%a7%d9%84%d9%81%d9%86%d9%8a/,2000,2000,in stock,دار الكرمة
جسور مقاطعة ماديسون,https://alkarmabooks.com/product/%d8%ac%d8%b3%d9%88%d8%b1-%d9%85%d9%82%d8%a7%d8%b7%d8%b9%d8%a9-%d9%85%d8%a7%d8%af%d9%8a%d8%b3%d9%88%d9%86-%d8%aa%d8%a3%d9%84%d9%8a%d9%81-%d8%b1%d9%88%d8%a8%d8%b1%d8%aa-%d8%ac%d9%8a%d9%85%d8%b3-%d9%88/,200,200,in stock,دار الكرمة
حبيبة – كما حكاها نديم,https://alkarmabooks.com/product/%d8%ad%d8%a8%d9%8a%d8%a8%d8%a9-%d8%aa%d8%a3%d9%84%d9%8a%d9%81-%d9%85%d8%ad%d9%85%d9%88%d8%af-%d8%b9%d8%a8%d8%af-%d8%a7%d9%84%d8%b4%d9%83%d9%88%d8%b1/,100,100,in stock,دار الكرمة
حرائق صغيرة في كل مكان,https://alkarmabooks.com/product/%d8%ad%d8%b1%d8%a7%d8%a6%d9%82-%d8%b5%d8%ba%d9%8a%d8%b1%d8%a9-%d9%81%d9%8a-%d9%83%d9%84-%d9%85%d9%83%d8%a7%d9%86-%d8%aa%d8%a3%d9%84%d9%8a%d9%81-%d8%b3%d9%8a%d9%84%d9%8a%d8%b3%d8%aa-%d8%a5%d9%86/,350,350,in stock,دار الكرمة
حرب أكتوبر 1973 – دراسة و دروس,https://alkarmabooks.com/product/%d8%ad%d8%b1%d8%a8-%d8%a3%d9%83%d8%aa%d9%88%d8%a8%d8%b1-1973-%d8%af%d8%b1%d8%a7%d8%b3%d8%a9-%d9%88-%d8%af%d8%b1%d9%88%d8%b3%d8%aa%d8%a3%d9%84%d9%8a%d9%81-%d8%a7%d9%84%d9%81%d8%b1%d9%8a%d9%82-%d8%a3/,400,400,in stock,دار الكرمة
حرب الثلاث سنوات – 1967-1970,https://alkarmabooks.com/product/%d8%ad%d8%b1%d8%a8-%d8%a7%d9%84%d8%ab%d9%84%d8%a7%d8%ab-%d8%b3%d9%86%d9%88%d8%a7%d8%aa-1967-1970%d8%aa%d8%a3%d9%84%d9%8a%d9%81-%d8%a7%d9%84%d9%81%d8%b1%d9%8a%d9%82-%d8%a3%d9%88%d9%84-%d9%85%d8%ad/,450,450,in stock,دار الكرمة
حروب الرحماء – القتلة الأوائل: الجزء الثاني,https://alkarmabooks.com/product/%d8%ad%d8%b1%d9%88%d8%a8-%d8%a7%d9%84%d8%b1%d8%ad%d9%85%d8%a7%d8%a1-%d8%a7%d9%84%d9%82%d8%aa%d9%84%d8%a9-%d8%a7%d9%84%d8%a3%d9%88%d8%a7%d8%a6%d9%84-%d8%a7%d9%84%d8%ac%d8%b2%d8%a1-%d8%a7%d9%84%d8%ab/,650,650,in stock,دار الكرمة
حكايات القبو,https://alkarmabooks.com/product/%d8%ad%d9%83%d8%a7%d9%8a%d8%a7%d8%aa-%d8%a7%d9%84%d9%82%d8%a8%d9%88/,250,250,in stock,دار الكرمة
حكايات الموتى,https://alkarmabooks.com/product/%d8%ad%d9%83%d8%a7%d9%8a%d8%a7%d8%aa-%d8%a7%d9%84%d9%85%d9%88%d8%aa%d9%89-%d8%aa%d8%a3%d9%84%d9%8a%d9%81-%d8%aa%d8%a7%d9%85%d8%b1-%d8%a5%d8%a8%d8%b1%d8%a7%d9%87%d9%8a%d9%85/,320,320,in stock,دار الكرمة
حكايات سيكوباتية,https://alkarmabooks.com/product/%d8%ad%d9%83%d8%a7%d9%8a%d8%a7%d8%aa-%d8%b3%d9%8a%d9%83%d9%88%d8%a8%d8%a7%d8%aa%d9%8a%d8%a9-%d8%aa%d8%a3%d9%84%d9%8a%d9%81-%d9%88%d8%ac%d9%8a%d9%87-%d8%b5%d8%a8%d8%b1%d9%8a/,100,100,in stock,دار الكرمة
حكايات من دفتر الوطن,https://alkarmabooks.com/product/%d8%ad%d9%83%d8%a7%d9%8a%d8%a7%d8%aa-%d9%85%d9%86-%d8%af%d9%81%d8%aa%d8%b1-%d8%a7%d9%84%d9%88%d8%b7%d9%86-%d8%aa%d8%a3%d9%84%d9%8a%d9%81-%d8%b5%d9%84%d8%a7%d8%ad-%d8%b9%d9%8a%d8%b3%d9%89/,570,570,in stock,دار الكرمة
حكاية الأشبوني – سلسلة حكايا المنسيين 3,https://alkarmabooks.com/product/%d8%ad%d9%83%d8%a7%d9%8a%d8%a9-%d8%a7%d9%84%d8%a3%d8%b4%d8%a8%d9%88%d9%86%d9%8a-%d8%aa%d8%a3%d9%84%d9%8a%d9%81-%d8%a5%d8%a8%d8%b1%d8%a7%d9%87%d9%8a%d9%85-%d8%a3%d8%ad%d9%85%d8%af-%d8%b9%d9%8a%d8%b3/,200,200,in stock,دار الكرمة
حكاية الجارية – (طبعة مشتركة خاصة بمصر ودول شمال أفريقيا),https://alkarmabooks.com/product/%d8%ad%d9%83%d8%a7%d9%8a%d8%a9-%d8%a7%d9%84%d8%ac%d8%a7%d8%b1%d9%8a%d8%a9-%d8%b7%d8%a8%d8%b9%d8%a9-%d9%85%d8%b4%d8%aa%d8%b1%d9%83%d8%a9-%d8%ae%d8%a7%d8%b5%d8%a9-%d8%a8%d9%85%d8%b5%d8%b1-%d9%88%d8%af/,350,350,in stock,دار الكرمة
حكمة المصريين القدماء,https://alkarmabooks.com/product/%d8%ad%d9%83%d9%85%d8%a9-%d8%a7%d9%84%d9%85%d8%b5%d8%b1%d9%8a%d9%8a%d9%86-%d8%a7%d9%84%d9%82%d8%af%d9%85%d8%a7%d8%a1-%d8%aa%d8%a3%d9%84%d9%8a%d9%81-%d9%85%d8%a4%d9%84%d9%81%d9%88%d9%86/,120,120,in stock,دار الكرمة
حلم,https://alkarmabooks.com/product/%d8%ad%d9%84%d9%85-%d8%aa%d8%a3%d9%84%d9%8a%d9%81-%d8%a3%d8%b1%d8%aa%d9%88%d8%b1-%d8%b4%d9%86%d9%8a%d8%aa%d8%b3%d9%84%d8%b1/,150,150,in stock,دار الكرمة
حنين إلى الدائرة المغلقة,https://alkarmabooks.com/product/%d8%ad%d9%86%d9%8a%d9%86-%d8%a5%d9%84%d9%89-%d8%a7%d9%84%d8%af%d8%a7%d8%a6%d8%b1%d8%a9-%d8%a7%d9%84%d9%85%d8%ba%d9%84%d9%82%d8%a9-%d8%aa%d8%a3%d9%84%d9%8a%d9%81-%d8%a8%d8%af%d8%b1-%d8%a7%d9%84%d8%b1/,350,350,in stock,دار الكرمة
حوارات نجيب محفوظ,https://alkarmabooks.com/product/%d8%ad%d9%88%d8%a7%d8%b1%d8%a7%d8%aa-%d9%86%d8%ac%d9%8a%d8%a8-%d9%85%d8%ad%d9%81%d9%88%d8%b8-%d8%aa%d8%a3%d9%84%d9%8a%d9%81-%d9%85%d8%ad%d9%85%d8%af-%d8%b3%d9%84%d9%85%d8%a7%d9%88%d9%8a/,480,480,in stock,دار الكرمة
حياتي كما عشتها: ذكريات امرأة سعودية من عنيزة إلى كاليفورنيا,https://alkarmabooks.com/product/%d8%ad%d9%8a%d8%a7%d8%aa%d9%8a-%d9%83%d9%85%d8%a7-%d8%b9%d8%b4%d8%aa%d9%87%d8%a7-%d8%b0%d9%83%d8%b1%d9%8a%d8%a7%d8%aa-%d8%a7%d9%85%d8%b1%d8%a3%d8%a9-%d8%b3%d8%b9%d9%88%d8%af%d9%8a%d8%a9-%d9%85%d9%86/,350,350,in stock,دار الكرمة
خلف هذه الأبواب,https://alkarmabooks.com/product/%d8%ae%d9%84%d9%81-%d9%87%d8%b0%d9%87-%d8%a7%d9%84%d8%a3%d8%a8%d9%88%d8%a7%d8%a8-%d8%aa%d8%a3%d9%84%d9%8a%d9%81-%d8%b1%d9%88%d8%ab-%d9%88%d9%8a%d8%b1/,350,350,in stock,دار الكرمة
خواطر سطحية سخيفة عن الحياة والبشر,https://alkarmabooks.com/product/%d8%ae%d9%88%d8%a7%d8%b7%d8%b1-%d8%b3%d8%b7%d8%ad%d9%8a%d8%a9-%d8%b3%d8%ae%d9%8a%d9%81%d8%a9-%d8%b9%d9%86-%d8%a7%d9%84%d8%ad%d9%8a%d8%a7%d8%a9-%d9%88%d8%a7%d9%84%d8%a8%d8%b4%d8%b1-%d8%aa%d8%a3%d9%84/,150,150,in stock,دار الكرمة
دعني أخبرك بشيء,https://alkarmabooks.com/product/%d8%af%d8%b9%d9%86%d9%8a-%d8%a3%d8%ae%d8%a8%d8%b1%d9%83-%d8%a8%d8%b4%d9%8a%d8%a1-%d8%aa%d8%a3%d9%84%d9%8a%d9%81-%d8%a3%d8%ad%d9%85%d8%af-%d8%ae%d8%a7%d9%84%d8%af-%d8%aa%d9%88%d9%81%d9%8a%d9%82/,120,120,in stock,دار الكرمة
دم الحسين,https://alkarmabooks.com/product/%d8%af%d9%85-%d8%a7%d9%84%d8%ad%d8%b3%d9%8a%d9%86-%d8%aa%d8%a3%d9%84%d9%8a%d9%81-%d8%a5%d8%a8%d8%b1%d8%a7%d9%87%d9%8a%d9%85-%d8%b9%d9%8a%d8%b3%d9%89/,160,160,in stock,دار الكرمة
دم على نهد,https://alkarmabooks.com/product/%d8%af%d9%85-%d8%b9%d9%84%d9%89-%d9%86%d9%87%d8%af-%d8%aa%d8%a3%d9%84%d9%8a%d9%81-%d8%a5%d8%a8%d8%b1%d8%a7%d9%87%d9%8a%d9%85-%d8%b9%d9%8a%d8%b3%d9%89/,270,270,in stock,دار الكرمة
دنقلا,https://alkarmabooks.com/product/%d8%af%d9%86%d9%82%d9%84%d8%a7-%d8%aa%d8%a3%d9%84%d9%8a%d9%81-%d8%a5%d8%af%d8%b1%d9%8a%d8%b3-%d8%b9%d9%84%d9%8a/,200,200,in stock,دار الكرمة
ذئب وحيد – ثلاثية تلال الشمس: الجزء الأول,https://alkarmabooks.com/product/%d8%b0%d8%a6%d8%a8-%d9%88%d8%ad%d9%8a%d8%af-%d8%aa%d8%a3%d9%84%d9%8a%d9%81-%d8%a5%d8%a8%d8%b1%d8%a7%d9%87%d9%8a%d9%85-%d8%a3%d8%ad%d9%85%d8%af-%d8%b9%d9%8a%d8%b3%d9%89/,200,200,in stock,دار الكرمة
ذكريات ممنوعة – اعترفات جامدة – الكتاب الثالث,https://alkarmabooks.com/product/%d8%b0%d9%83%d8%b1%d9%8a%d8%a7%d8%aa-%d9%85%d9%85%d9%86%d9%88%d8%b9%d8%a9-%d8%a7%d8%b9%d8%aa%d8%b1%d9%81%d8%a7%d8%aa-%d8%ac%d8%a7%d9%85%d8%af%d8%a9-%d8%a7%d9%84%d9%83%d8%aa%d8%a7%d8%a8/,150,150,in stock,دار الكرمة
ذكرياتي,https://alkarmabooks.com/product/%d8%b0%d9%83%d8%b1%d9%8a%d8%a7%d8%aa%d9%8a-%d8%aa%d8%a3%d9%84%d9%8a%d9%81-%d9%87%d9%86%d8%af-%d8%b1%d8%b3%d8%aa%d9%85/,220,220,in stock,دار الكرمة
رباعية أيام الطفولة,https://alkarmabooks.com/product/%d8%b1%d8%a8%d8%a7%d8%b9%d9%8a%d8%a9-%d8%a3%d9%8a%d8%a7%d9%85-%d8%a7%d9%84%d8%b7%d9%81%d9%88%d9%84%d8%a9-%d8%aa%d8%a3%d9%84%d9%8a%d9%81-%d8%a5%d8%a8%d8%b1%d8%a7%d9%87%d9%8a%d9%85-%d8%b9%d8%a8%d8%af/,210,210,in stock,دار الكرمة
رجال في الشمس,https://alkarmabooks.com/product/%d8%b1%d8%ac%d8%a7%d9%84-%d9%81%d9%8a-%d8%a7%d9%84%d8%b4%d9%85%d8%b3-%d8%aa%d8%a3%d9%84%d9%8a%d9%81-%d8%ba%d8%b3%d8%a7%d9%86-%d9%83%d9%86%d9%81%d8%a7%d9%86%d9%8a/,100,100,in stock,دار الكرمة
رجال مرج دابق – قصة الفتح العثماني لمصر والشام,https://alkarmabooks.com/product/%d8%b1%d8%ac%d8%a7%d9%84-%d9%85%d8%b1%d8%ac-%d8%af%d8%a7%d8%a8%d9%82-%d8%aa%d8%a3%d9%84%d9%8a%d9%81-%d8%b5%d9%84%d8%a7%d8%ad-%d8%b9%d9%8a%d8%b3%d9%89/,280,280,in stock,دار الكرمة
رحلة الدم – القتلة الأوائل: الجزء الأول,https://alkarmabooks.com/product/%d8%b1%d8%ad%d9%84%d8%a9-%d8%a7%d9%84%d8%af%d9%85-%d8%a7%d9%84%d9%82%d8%aa%d9%84%d8%a9-%d8%a7%d9%84%d8%a3%d9%88%d8%a7%d8%a6%d9%84-%d8%a7%d9%84%d8%ac%d8%b2%d8%a1-%d8%a7%d9%84%d8%a3%d9%88%d9%84%d8%aa/,550,550,in stock,دار الكرمة
رحلة يوسف,https://alkarmabooks.com/product/%d8%b1%d8%ad%d9%84%d8%a9-%d9%8a%d9%88%d8%b3%d9%81-%d8%aa%d8%a3%d9%84%d9%8a%d9%81-%d8%b3%d8%a7%d9%85%d8%ad-%d9%81%d8%a7%d9%8a%d8%b2/,120,120,in stock,دار الكرمة
رسائل إلى شاعر شاب,https://alkarmabooks.com/product/%d8%b1%d8%b3%d8%a7%d8%a6%d9%84-%d8%a5%d9%84%d9%89-%d8%b4%d8%a7%d8%b9%d8%b1-%d8%b4%d8%a7%d8%a8-%d8%aa%d8%a3%d9%84%d9%8a%d9%81-%d8%b1%d8%a7%d9%8a%d9%86%d8%b1-%d9%85%d8%a7%d8%b1%d9%8a%d8%a7-%d8%b1/,100,100,in stock,دار الكرمة
رسائل في الحكمة,https://alkarmabooks.com/product/%d8%b1%d8%b3%d8%a7%d8%a6%d9%84-%d9%81%d9%8a-%d8%a7%d9%84%d8%ad%d9%83%d9%85%d8%a9-%d8%aa%d8%a3%d9%84%d9%8a%d9%81-%d8%a3%d8%a8%d9%88-%d8%ad%d8%a7%d9%85%d8%af-%d8%a7%d9%84%d8%ba%d8%b2%d8%a7%d9%84%d9%8a/,90,90,in stock,دار الكرمة
رسالة الذي لا يعول عليه,https://alkarmabooks.com/product/%d8%b1%d8%b3%d8%a7%d9%84%d8%a9-%d8%a7%d9%84%d8%b0%d9%8a-%d9%84%d8%a7-%d9%8a%d8%b9%d9%88%d9%84-%d8%b9%d9%84%d9%8a%d9%87-%d8%aa%d8%a3%d9%84%d9%8a%d9%81-%d9%85%d8%ad%d9%8a%d9%8a-%d8%a7%d9%84%d8%af/,100,100,in stock,دار الكرمة
رفقاء الليل,https://alkarmabooks.com/product/%d8%b1%d9%81%d9%82%d8%a7%d8%a1-%d8%a7%d9%84%d9%84%d9%8a%d9%84-%d8%aa%d8%a3%d9%84%d9%8a%d9%81-%d8%a3%d8%ad%d9%85%d8%af-%d8%ae%d8%a7%d9%84%d8%af-%d8%aa%d9%88%d9%81%d9%8a%d9%82/,220,220,in stock,دار الكرمة
روح – ثلاثية روح: الرواية الأولى,https://alkarmabooks.com/product/%d8%b1%d9%88%d8%ad-%d8%ab%d9%84%d8%a7%d8%ab%d9%8a%d8%a9-%d8%b1%d9%88%d8%ad-%d8%a7%d9%84%d8%b1%d9%88%d8%a7%d9%8a%d8%a9-%d8%a7%d9%84%d8%a3%d9%88%d9%84%d9%89%d8%aa%d8%a3%d9%84%d9%8a%d9%81-%d8%b1%d8%b4/,470,470,in stock,دار الكرمة
روميو وجوليت,https://alkarmabooks.com/product/%d8%b1%d9%88%d9%85%d9%8a%d9%88-%d9%88%d8%ac%d9%88%d9%84%d9%8a%d8%aa-%d8%aa%d8%a3%d9%84%d9%8a%d9%81-%d8%b4%d9%8a%d9%83%d8%b3%d8%a8%d9%8a%d8%b1/,280,280,in stock,دار الكرمة
ريبيكا,https://alkarmabooks.com/product/%d8%b1%d9%8a%d8%a8%d9%8a%d9%83%d8%a7-%d8%aa%d8%a3%d9%84%d9%8a%d9%81-%d8%af%d8%a7%d9%81%d9%86%d9%8a-%d8%af%d9%88-%d9%85%d9%88%d8%b1%d9%8a%d9%8a%d9%87/,720,720,in stock,دار الكرمة
ريد فلاج جرين فلاج – أعلام حمراء .. أعلام خضراء – علم النفس الحديث للتعامل مع الدراما اليومية,https://alkarmabooks.com/product/%d8%b1%d9%8a%d8%af-%d9%81%d9%84%d8%a7%d8%ac-%d8%ac%d8%b1%d9%8a%d9%86-%d9%81%d9%84%d8%a7%d8%ac-%d8%a3%d8%b9%d9%84%d8%a7%d9%85-%d8%ad%d9%85%d8%b1%d8%a7%d8%a1-%d8%a3%d8%b9%d9%84%d8%a7%d9%85/,500,500,in stock,دار الكرمة
سارق الفرح,https://alkarmabooks.com/product/%d8%b3%d8%a7%d8%b1%d9%82-%d8%a7%d9%84%d9%81%d8%b1%d8%ad-%d8%aa%d8%a3%d9%84%d9%8a%d9%81-%d8%ae%d9%8a%d8%b1%d9%8a-%d8%b4%d9%84%d8%a8%d9%8a/,270,270,in stock,دار الكرمة
ستالين الطيب – (طبعة مشتركة),https://alkarmabooks.com/product/%d8%b3%d8%aa%d8%a7%d9%84%d9%8a%d9%86-%d8%a7%d9%84%d8%b7%d9%8a%d8%a8-%d8%b7%d8%a8%d8%b9%d8%a9-%d9%85%d8%b4%d8%aa%d8%b1%d9%83%d8%a9%d8%aa%d8%a3%d9%84%d9%8a%d9%81-%da%a4%d9%8a%d9%83%d8%aa%d9%88%d8%b1/,300,300,in stock,دار الكرمة
سدهارتا – قصيدة هندية,https://alkarmabooks.com/product/%d8%b3%d8%af%d9%87%d8%a7%d8%b1%d8%aa%d8%a7-%d8%aa%d8%a3%d9%84%d9%8a%d9%81-%d9%87%d8%b1%d9%85%d8%a7%d9%86-%d9%87%d8%b3%d9%87/,180,180,in stock,دار الكرمة
سر الأسرار (طبعة مشتركة خاصة بمصر ),https://alkarmabooks.com/product/%d8%b3%d8%b1-%d8%a7%d9%84%d8%a3%d8%b3%d8%b1%d8%a7%d8%b1-%d8%b7%d8%a8%d8%b9%d8%a9-%d9%85%d8%b4%d8%aa%d8%b1%d9%83%d8%a9-%d8%ae%d8%a7%d8%b5%d8%a9-%d8%a8%d9%85%d8%b5%d8%b1-%d8%aa%d8%a3%d9%84%d9%8a/,700,700,in stock,دار الكرمة
سطوح طهران,https://alkarmabooks.com/product/%d8%b3%d8%b7%d9%88%d8%ad-%d8%b7%d9%87%d8%b1%d8%a7%d9%86-%d8%aa%d8%a3%d9%84%d9%8a%d9%81-%d9%85%d9%87%d8%a8%d8%af-%d8%b3%d8%b1%d8%a7%d8%ac%d9%8a/,500,500,in stock,دار الكرمة
سقوط جنتلمان,https://alkarmabooks.com/product/%d8%b3%d9%82%d9%88%d8%b7-%d8%ac%d9%86%d8%aa%d9%84%d9%85%d8%a7%d9%86-%d8%aa%d8%a3%d9%84%d9%8a%d9%81-%d9%87%d8%b1%d8%a8%d8%b1%d8%aa-%d9%83%d9%84%d8%a7%d9%8a%d8%af-%d9%84%d9%88%d9%8a%d8%b3/,280,280,in stock,دار الكرمة
سكة للنجاح,https://alkarmabooks.com/product/%d8%b3%d9%83%d8%a9-%d9%84%d9%84%d9%86%d8%ac%d8%a7%d8%ad-%d8%aa%d8%a3%d9%84%d9%8a%d9%81-%d8%a5%d9%8a%d9%87%d8%a7%d8%a8-%d9%85%d8%a7%d8%ac%d8%af/,200,200,in stock,دار الكرمة
سلامي عليك يا زمان – مشاغبات وهموم صحفي عربي في الثمانينيات,https://alkarmabooks.com/product/%d8%b3%d9%84%d8%a7%d9%85%d9%8a-%d8%b9%d9%84%d9%8a%d9%83-%d9%8a%d8%a7-%d8%b2%d9%85%d8%a7%d9%86-%d9%85%d8%b4%d8%a7%d8%ba%d8%a8%d8%a7%d8%aa-%d9%88%d9%87%d9%85%d9%88%d9%85-%d8%b5%d8%ad%d9%81%d9%8a-%d8%b9/,350,350,in stock,دار الكرمة
سنة أولى نفسية – نفسك.. جسمك.. علاقاتك,https://alkarmabooks.com/product/%d8%b3%d9%86%d8%a9-%d8%a3%d9%88%d9%84%d9%89-%d9%86%d9%81%d8%b3%d9%8a%d8%a9%d8%aa%d8%a3%d9%84%d9%8a%d9%81-%d8%b4%d9%8a%d9%85%d8%a7%d8%a1-%d8%a7%d9%84%d8%ac%d9%85%d8%a7%d9%84/,240,240,in stock,دار الكرمة
سولاريس,https://alkarmabooks.com/product/%d8%b3%d9%88%d9%84%d8%a7%d8%b1%d9%8a%d8%b3%d8%aa%d8%a3%d9%84%d9%8a%d9%81-%d8%b3%d8%aa%d8%a7%d9%86%d9%8a%d8%b3%d9%88%d8%a7%d9%81-%d9%84%d9%85/,220,220,in stock,دار الكرمة
سيد النار – ثلاثية تلال الشمس: الجزء الثالث,https://alkarmabooks.com/product/%d8%b3%d9%8a%d8%af-%d8%a7%d9%84%d9%86%d8%a7%d8%b1-%d8%ab%d9%84%d8%a7%d8%ab%d9%8a%d8%a9-%d8%aa%d9%84%d8%a7%d9%84-%d8%a7%d9%84%d8%b4%d9%85%d8%b3-%d8%a7%d9%84%d8%ac%d8%b2%d8%a1-%d8%a7%d9%84%d8%ab/,370,370,in stock,دار الكرمة
سيوف الآخرة – ثلاثية القتلة الأوائل – الجزء الثالث,https://alkarmabooks.com/product/%d8%b3%d9%8a%d9%88%d9%81-%d8%a7%d9%84%d8%a2%d8%ae%d8%b1%d8%a9-%d8%ab%d9%84%d8%a7%d8%ab%d9%8a%d8%a9-%d8%a7%d9%84%d9%82%d8%aa%d9%84%d8%a9-%d8%a7%d9%84%d8%a3%d9%88%d8%a7%d8%a6%d9%84-%d8%a7/,550,550,in stock,دار الكرمة
شخص نعرفه,https://alkarmabooks.com/product/%d8%b4%d8%ae%d8%b5-%d9%86%d8%b9%d8%b1%d9%81%d9%87-%d8%aa%d8%a3%d9%84%d9%8a%d9%81-%d8%b4%d8%a7%d8%b1%d9%8a-%d9%84%d8%a7%d8%a8%d9%8a%d9%86%d8%a7/,350,350,in stock,دار الكرمة
شخصيات حية من الأغاني,https://alkarmabooks.com/product/%d8%b4%d8%ae%d8%b5%d9%8a%d8%a7%d8%aa-%d8%ad%d9%8a%d8%a9-%d9%85%d9%86-%d8%a7%d9%84%d8%a3%d8%ba%d8%a7%d9%86%d9%8a-%d8%aa%d8%a3%d9%84%d9%8a%d9%81-%d9%85%d8%ad%d9%85%d8%af-%d8%a7%d9%84%d9%85%d9%86%d8%b3/,280,280,in stock,دار الكرمة
شنطة سفر وحيدة – عن رغبتنا إننا نكمل ونبدأ من جديد,https://alkarmabooks.com/product/%d8%b4%d9%86%d8%b7%d8%a9-%d8%b3%d9%81%d8%b1-%d9%88%d8%ad%d9%8a%d8%af%d8%a9-%d8%b9%d9%86-%d8%b1%d8%ba%d8%a8%d8%aa%d9%86%d8%a7-%d8%a5%d9%86%d9%86%d8%a7-%d9%86%d9%83%d9%85%d9%84-%d9%88%d9%86%d8%a8%d8%af/,140,140,in stock,دار الكرمة
صاحب البيت,https://alkarmabooks.com/product/%d8%b5%d8%a7%d8%ad%d8%a8-%d8%a7%d9%84%d8%a8%d9%8a%d8%aa-%d8%aa%d8%a3%d9%84%d9%8a%d9%81-%d9%84%d8%b7%d9%8a%d9%81%d8%a9-%d8%a7%d9%84%d8%b2%d9%8a%d8%a7%d8%aa/,200,200,in stock,دار الكرمة
صاحب الملك – ملحمة أسرة فورسايت,https://alkarmabooks.com/product/%d8%b5%d8%a7%d8%ad%d8%a8-%d8%a7%d9%84%d9%85%d9%84%d9%83-%d9%85%d9%84%d8%ad%d9%85%d8%a9-%d8%a3%d8%b3%d8%b1%d8%a9-%d9%81%d9%88%d8%b1%d8%b3%d8%a7%d9%8a%d8%aa%d8%aa%d8%a3%d9%84%d9%8a%d9%81-%d8%ac%d9%88/,350,350,in stock,دار الكرمة
صباح ومساء,https://alkarmabooks.com/product/%d8%b5%d8%a8%d8%a7%d8%ad-%d9%88%d9%85%d8%b3%d8%a7%d8%a1-%d8%aa%d8%a3%d9%84%d9%8a%d9%81-%d9%8a%d9%88%d9%86-%d9%81%d9%88%d8%b3%d9%87/,140,140,in stock,دار الكرمة
صديقي السيكوباتي,https://alkarmabooks.com/product/%d8%b5%d8%af%d9%8a%d9%82%d9%8a-%d8%a7%d9%84%d8%b3%d9%8a%d9%83%d9%88%d8%a8%d8%a7%d8%aa%d9%8a-%d8%aa%d8%a3%d9%84%d9%8a%d9%81-%d9%85%d9%8a%d8%b1%d9%86%d8%a7-%d8%a7%d9%84%d9%85%d9%87%d8%af%d9%8a/,300,300,in stock,دار الكرمة
صفوت عباس,https://alkarmabooks.com/product/%d8%b5%d9%81%d9%88%d8%aa-%d8%b9%d8%a8%d8%a7%d8%b3-%d8%aa%d8%a3%d9%84%d9%8a%d9%81-%d9%8a%d8%a7%d8%b3%d8%b1-%d9%85%d9%86%d8%ac%d9%8a/,1750,1750,in stock,دار الكرمة
صنايعية مصر – مشاهد من حياة بعض بناة مصر في العصر الحديث,https://alkarmabooks.com/product/%d8%b5%d9%86%d8%a7%d9%8a%d8%b9%d9%8a%d8%a9-%d9%85%d8%b5%d8%b1-%d9%85%d8%b4%d8%a7%d9%87%d8%af-%d9%85%d9%86-%d8%ad%d9%8a%d8%a7%d8%a9-%d8%a8%d8%b9%d8%b6-%d8%a8%d9%86%d8%a7%d8%a9-%d9%85%d8%b5%d8%b1-%d9%81/,300,300,in stock,دار الكرمة
صنايعية مصر: الكتاب الثاني,https://alkarmabooks.com/product/%d8%b5%d9%86%d8%a7%d9%8a%d8%b9%d9%8a%d8%a9-%d9%85%d8%b5%d8%b1-%d8%a7%d9%84%d9%83%d8%aa%d8%a7%d8%a8-%d8%a7%d9%84%d8%ab%d8%a7%d9%86%d9%8a-%d8%aa%d8%a3%d9%84%d9%8a%d9%81-%d8%b9%d9%85%d8%b1-%d8%b7%d8%a7/,280,280,in stock,دار الكرمة
صورة شخصية لزوجة شاعر,https://alkarmabooks.com/product/%d8%b5%d9%88%d8%b1%d8%a9-%d8%b4%d8%ae%d8%b5%d9%8a%d8%a9-%d9%84%d8%b2%d9%88%d8%ac%d8%a9-%d8%b4%d8%a7%d8%b9%d8%b1-%d8%aa%d8%a3%d9%84%d9%8a%d9%81-%d9%85%d9%86%d9%89-%d9%82%d8%b7%d8%a7%d9%86/,120,120,in stock,دار الكرمة
طيف ألكسندر ولف,https://alkarmabooks.com/product/%d8%b7%d9%8a%d9%81-%d8%a3%d9%84%d9%83%d8%b3%d9%86%d8%af%d8%b1-%d9%88%d9%84%d9%81-%d8%aa%d8%a3%d9%84%d9%8a%d9%81-%d8%ac%d8%a7%d9%8a%d8%aa%d9%88-%d8%ac%d8%a7%d8%b2%d8%af%d8%a7%d9%86%d9%88%d9%81/,250,250,in stock,دار الكرمة
ظلام مرئي – مذكرات الجنون,https://alkarmabooks.com/product/%d8%b8%d9%84%d8%a7%d9%85-%d9%85%d8%b1%d8%a6%d9%8a-%d9%85%d8%b0%d9%83%d8%b1%d8%a7%d8%aa-%d8%a7%d9%84%d8%ac%d9%86%d9%88%d9%86%d8%aa%d8%a3%d9%84%d9%8a%d9%81-%d9%88%d9%84%d9%8a%d8%a7%d9%85-%d8%b3%d8%aa/,120,120,in stock,دار الكرمة
عائد إلى حيفا,https://alkarmabooks.com/product/%d8%b9%d8%a7%d8%a6%d8%af-%d8%a5%d9%84%d9%89-%d8%ad%d9%8a%d9%81%d8%a7-%d8%aa%d8%a3%d9%84%d9%8a%d9%81-%d8%ba%d8%b3%d8%a7%d9%86-%d9%83%d9%86%d9%81%d8%a7%d9%86%d9%8a/,90,90,in stock,دار الكرمة
عام كي تغير رأيك – أفكار من غرفة العلاج تساعدك على العيش بصورة أفضل,https://alkarmabooks.com/product/%d8%b9%d8%a7%d9%85%d9%8c-%d9%83%d9%8a-%d8%aa%d8%ba%d9%8a%d9%90%d9%91%d8%b1-%d8%b1%d8%a3%d9%8a%d9%83-%d8%a3%d9%81%d9%83%d8%a7%d8%b1-%d9%85%d9%86-%d8%ba%d8%b1%d9%81%d8%a9-%d8%a7%d9%84%d8%b9%d9%84/,520,520,in stock,دار الكرمة
عبقرية محمدﷺ,https://alkarmabooks.com/product/%d8%b9%d8%a8%d9%82%d8%b1%d9%8a%d8%a9-%d9%85%d8%ad%d9%85%d8%af%ef%b7%ba-%d8%aa%d8%a3%d9%84%d9%8a%d9%81-%d8%b9%d8%a8%d8%a7%d8%b3-%d9%85%d8%ad%d9%85%d9%88%d8%af-%d8%a7%d9%84%d8%b9%d9%82%d8%a7%d8%af/,140,140,in stock,دار الكرمة
عشيق الليدي تشاترلي,https://alkarmabooks.com/product/%d8%b9%d8%b4%d9%8a%d9%82-%d8%a7%d9%84%d9%84%d9%8a%d8%af%d9%8a-%d8%aa%d8%b4%d8%a7%d8%aa%d8%b1%d9%84%d9%8a-%d8%aa%d8%a3%d9%84%d9%8a%d9%81-%d8%af-%d9%87%d9%80-%d9%84%d9%88%d8%b1%d8%a7%d9%86%d8%b3/,250,250,in stock,دار الكرمة
عطيل,https://alkarmabooks.com/product/%d8%b9%d8%b7%d9%8a%d9%84-%d8%aa%d8%a3%d9%84%d9%8a%d9%81-%d8%b4%d9%8a%d9%83%d8%b3%d8%a8%d9%8a%d8%b1/,350,350,in stock,دار الكرمة
عظماء في طفولتهم,https://alkarmabooks.com/product/%d8%b9%d8%b8%d9%85%d8%a7%d8%a1-%d9%81%d9%8a-%d8%b7%d9%81%d9%88%d9%84%d8%aa%d9%87%d9%85-%d8%aa%d8%a3%d9%84%d9%8a%d9%81-%d9%85%d8%ad%d9%85%d8%af-%d8%a7%d9%84%d9%85%d9%86%d8%b3%d9%8a-%d9%82%d9%86%d8%af/,140,140,in stock,دار الكرمة
عناق عند جسر بروكلين,https://alkarmabooks.com/product/%d8%b9%d9%86%d8%a7%d9%82-%d8%b9%d9%86%d8%af-%d8%ac%d8%b3%d8%b1-%d8%a8%d8%b1%d9%88%d9%83%d9%84%d9%8a%d9%86-%d8%aa%d8%a3%d9%84%d9%8a%d9%81-%d8%b9%d8%b2-%d8%a7%d9%84%d8%af%d9%8a%d9%86-%d8%b4%d9%83/,250,250,in stock,دار الكرمة
غير حياتك 180 درجة الدليل العملي للبرمجة اللغوية العصبية,https://alkarmabooks.com/product/%d8%ba%d9%8a%d8%b1-%d8%ad%d9%8a%d8%a7%d8%aa%d9%83-180-%d8%af%d8%b1%d8%ac%d8%a9-%d8%a7%d9%84%d8%af%d9%84%d9%8a%d9%84-%d8%a7%d9%84%d8%b9%d9%85%d9%84%d9%8a-%d9%84%d9%84%d8%a8%d8%b1%d9%85%d8%ac%d8%a9/,200,200,in stock,دار الكرمة
فاطمئن – (طبعة مشتركة خاصة بمصر ودول شمال أفريقيا والشام والعراق),https://alkarmabooks.com/product/%d9%81%d8%a7%d8%b7%d9%85%d8%a6%d9%86-%d8%b7%d8%a8%d8%b9%d8%a9-%d9%85%d8%b4%d8%aa%d8%b1%d9%83%d8%a9-%d8%ae%d8%a7%d8%b5%d8%a9-%d8%a8%d9%85%d8%b5%d8%b1-%d9%88%d8%af%d9%88%d9%84-%d8%b4%d9%85%d8%a7%d9%84/,180,180,in stock,دار الكرمة
فن الحرب,https://alkarmabooks.com/product/%d9%81%d9%86-%d8%a7%d9%84%d8%ad%d8%b1%d8%a8-%d8%aa%d8%a3%d9%84%d9%8a%d9%81-%d8%b5%d9%88%d9%86-%d8%aa%d8%b2%d9%88/,100,100,in stock,دار الكرمة
في العشق الإلهي,https://alkarmabooks.com/product/%d9%81%d9%8a-%d8%a7%d9%84%d8%b9%d8%b4%d9%82-%d8%a7%d9%84%d8%a5%d9%84%d9%87%d9%8a-%d8%aa%d8%a3%d9%84%d9%8a%d9%81-%d8%ac%d9%84%d8%a7%d9%84-%d8%a7%d9%84%d8%af%d9%8a%d9%86-%d8%a7%d9%84%d8%b1%d9%88%d9%85/,90,90,in stock,دار الكرمة
في غرفة الكتابة – تأملات أدبية,https://alkarmabooks.com/product/%d9%81%d9%8a-%d8%ba%d8%b1%d9%81%d8%a9-%d8%a7%d9%84%d9%83%d8%aa%d8%a7%d8%a8%d8%a9-%d8%aa%d8%a3%d9%84%d9%8a%d9%81-%d9%85%d8%ad%d9%85%d8%af-%d8%b9%d8%a8%d8%af-%d8%a7%d9%84%d9%86%d8%a8%d9%8a/,220,220,in stock,دار الكرمة
فيكتوريا,https://alkarmabooks.com/product/%d9%81%d9%8a%d9%83%d8%aa%d9%88%d8%b1%d9%8a%d8%a7-%d8%aa%d8%a3%d9%84%d9%8a%d9%81-%d9%83%d8%a7%d8%b1%d9%88%d9%84%d9%8a%d9%86-%d9%83%d8%a7%d9%85%d9%84/,370,370,in stock,دار الكرمة
قائمة القراءة – كبار الكتاب يرشحون لك أجمل وأهم الكتب,https://alkarmabooks.com/product/%d9%82%d8%a7%d8%a6%d9%85%d8%a9-%d8%a7%d9%84%d9%82%d8%b1%d8%a7%d8%a1%d8%a9-%d9%83%d8%a8%d8%a7%d8%b1-%d8%a7%d9%84%d9%83%d8%aa%d8%a7%d8%a8-%d9%8a%d8%b1%d8%b4%d8%ad%d9%88%d9%86-%d9%84%d9%83-%d8%a3%d8%ac/,250,250,in stock,دار الكرمة
قاهر الزمن,https://alkarmabooks.com/product/%d9%82%d8%a7%d9%87%d8%b1-%d8%a7%d9%84%d8%b2%d9%85%d9%86-%d8%aa%d8%a3%d9%84%d9%8a%d9%81-%d9%86%d9%87%d8%a7%d8%af-%d8%b4%d8%b1%d9%8a%d9%81/,240,240,in stock,دار الكرمة
قراءة للعقل المصري,https://alkarmabooks.com/product/%d9%82%d8%b1%d8%a7%d8%a1%d8%a9-%d9%84%d9%84%d8%b9%d9%82%d9%84-%d8%a7%d9%84%d9%85%d8%b5%d8%b1%d9%8a-%d8%aa%d8%a3%d9%84%d9%8a%d9%81-%d8%af-%d8%a3%d8%ad%d9%85%d8%af-%d8%b9%d9%83%d8%a7%d8%b4%d9%87/,175,175,in stock,دار الكرمة
قلب الظلمات,https://alkarmabooks.com/product/%d9%82%d9%84%d8%a8-%d8%a7%d9%84%d8%b8%d9%84%d9%85%d8%a7%d8%aa-%d8%aa%d8%a3%d9%84%d9%8a%d9%81-%d8%ac%d9%88%d8%b2%d9%8a%d9%81-%d9%83%d9%88%d9%86%d8%b1%d8%a7%d8%af/,250,250,in stock,دار الكرمة
قلبي يحدثني بأنك متلفي,https://alkarmabooks.com/product/%d9%82%d9%84%d8%a8%d9%8a-%d9%8a%d8%ad%d8%af%d8%ab%d9%86%d9%8a-%d8%a8%d8%a3%d9%86%d9%83-%d9%85%d8%aa%d9%84%d9%81%d9%8a-%d8%aa%d8%a3%d9%84%d9%8a%d9%81-%d9%85%d8%a4%d9%84%d9%81%d9%88%d9%86/,120,120,in stock,دار الكرمة
قنبلة للاستخدام الشخصي,https://alkarmabooks.com/product/%d9%82%d9%86%d8%a8%d9%84%d8%a9-%d9%84%d9%84%d8%a7%d8%b3%d8%aa%d8%ae%d8%af%d8%a7%d9%85-%d8%a7%d9%84%d8%b4%d8%ae%d8%b5%d9%8a-%d8%aa%d8%a3%d9%84%d9%8a%d9%81-%d9%85%d9%8a%d8%b1%d9%86%d8%a7-%d8%a7%d9%84/,320,320,in stock,دار الكرمة
قهوة نامه – (طبعة مشتركة خاصة بمصر ودول شمال أفريقيا),https://alkarmabooks.com/product/%d9%82%d9%87%d9%88%d8%a9-%d9%86%d8%a7%d9%85%d9%87-%d8%b7%d8%a8%d8%b9%d8%a9-%d9%85%d8%b4%d8%aa%d8%b1%d9%83%d8%a9-%d8%ae%d8%a7%d8%b5%d8%a9-%d8%a8%d9%85%d8%b5%d8%b1-%d9%88%d8%af%d9%88%d9%84-%d8%b4%d9%85/,150,150,in stock,دار الكرمة
قوة الإبهار – رحلة لكشف الأسرار في قوة التأثير والابهار – 44 استراتيجية تجعل منك شخصية مبهرة (طبعة مشتركة خاصة بمصر وشمال أفريقيا والأردن ولبنان),https://alkarmabooks.com/product/%d9%82%d9%88%d8%a9-%d8%a7%d9%84%d8%a5%d8%a8%d9%87%d8%a7%d8%b1-%d8%b1%d8%ad%d9%84%d8%a9-%d9%84%d9%83%d8%b4%d9%81-%d8%a7%d9%84%d8%a3%d8%b3%d8%b1%d8%a7%d8%b1-%d9%81%d9%8a-%d9%82%d9%88%d8%a9-%d8%a7/,120,120,in stock,دار الكرمة
كتاب الصدق,https://alkarmabooks.com/product/%d9%83%d8%aa%d8%a7%d8%a8-%d8%a7%d9%84%d8%b5%d8%af%d9%82-%d8%aa%d8%a3%d9%84%d9%8a%d9%81-%d8%a3%d8%a8%d9%88-%d8%b3%d8%b9%d9%8a%d8%af-%d8%a7%d9%84%d8%ae%d8%b1%d8%a7%d8%b2/,120,120,in stock,دار الكرمة
كتاب الطاو والفضيلة,https://alkarmabooks.com/product/%d9%83%d8%aa%d8%a7%d8%a8-%d8%a7%d9%84%d8%b7%d8%a7%d9%88-%d9%88%d8%a7%d9%84%d9%81%d8%b6%d9%8a%d9%84%d8%a9-%d8%a7%d9%84%d9%85%d9%83%d8%aa%d8%a8%d8%a9-%d8%a7%d9%84%d8%aa%d8%b1%d8%a7%d8%ab%d9%8a%d8%a9/,100,100,in stock,دار الكرمة
كتاب المواصلات – حكايات شخصية لقتل الوقت,https://alkarmabooks.com/product/%d9%83%d8%aa%d8%a7%d8%a8-%d8%a7%d9%84%d9%85%d9%88%d8%a7%d8%b5%d9%84%d8%a7%d8%aa-%d8%ad%d9%83%d8%a7%d9%8a%d8%a7%d8%aa-%d8%b4%d8%ae%d8%b5%d9%8a%d8%a9-%d9%84%d9%82%d8%aa%d9%84-%d8%a7%d9%84%d9%88%d9%82/,150,150,in stock,دار الكرمة
كتاب النوم,https://alkarmabooks.com/product/%d9%83%d8%aa%d8%a7%d8%a8-%d8%a7%d9%84%d9%86%d9%88%d9%85-%d8%aa%d8%a3%d9%84%d9%8a%d9%81-%d9%87%d9%8a%d8%ab%d9%85-%d8%a7%d9%84%d9%88%d8%b1%d8%af%d8%a7%d9%86%d9%8a/,180,180,in stock,دار الكرمة
كحل وحبهان,https://alkarmabooks.com/product/%d9%83%d8%ad%d9%84-%d9%88%d8%ad%d8%a8%d9%87%d8%a7%d9%86-%d8%aa%d8%a3%d9%84%d9%8a%d9%81-%d8%b9%d9%85%d8%b1-%d8%b7%d8%a7%d9%87%d8%b1/,150,150,in stock,دار الكرمة
كل هذا الهراء,https://alkarmabooks.com/product/%d9%83%d9%84-%d9%87%d8%b0%d8%a7-%d8%a7%d9%84%d9%87%d8%b1%d8%a7%d8%a1-%d8%aa%d8%a3%d9%84%d9%8a%d9%81-%d8%b9%d8%b2-%d8%a7%d9%84%d8%af%d9%8a%d9%86-%d8%b4%d9%83%d8%b1%d9%8a-%d9%81%d8%b4%d9%8a%d8%b1/,280,280,in stock,دار الكرمة
كل هذا غير صحيح,https://alkarmabooks.com/product/%d9%83%d9%84-%d9%87%d8%b0%d8%a7-%d8%ba%d9%8a%d8%b1-%d8%b5%d8%ad%d9%8a%d8%ad-%d8%aa%d8%a3%d9%84%d9%8a%d9%81-%d9%84%d9%8a%d8%b3%d8%a7-%d8%ac%d9%88%d9%8a%d9%84/,450,450,in stock,دار الكرمة
كليلة ودمنة,https://alkarmabooks.com/product/%d9%83%d9%84%d9%8a%d9%84%d8%a9-%d9%88%d8%af%d9%85%d9%86%d8%a9-%d8%aa%d8%a3%d9%84%d9%8a%d9%81-%d8%b9%d8%a8%d8%af-%d8%a7%d9%84%d9%84%d9%87-%d8%a8%d9%86-%d8%a7%d9%84%d9%85%d9%82%d9%81%d8%b9/,220,220,in stock,دار الكرمة
كن أروع من أن يتجاهلوك – لماذا تتفوق المهارات على الشغف في رحلة بحثك عن عمل تحبه – لا تتبع شغفك,https://alkarmabooks.com/product/%d9%83%d9%86-%d8%a3%d8%b1%d9%88%d8%b9-%d9%85%d9%86-%d8%a3%d9%86-%d9%8a%d8%aa%d8%ac%d8%a7%d9%87%d9%84%d9%88%d9%83-%d9%84%d9%85%d8%a7%d8%b0%d8%a7-%d8%aa%d8%aa%d9%81%d9%88%d9%82-%d8%a7%d9%84%d9%85/,350,350,in stock,دار الكرمة
كنت شابًا في الثمانينيات – سيرة ثقافية واجتماعية,https://alkarmabooks.com/product/%d9%83%d9%86%d8%aa-%d8%b4%d8%a7%d8%a8%d9%8b%d8%a7-%d9%81%d9%8a-%d8%a7%d9%84%d8%ab%d9%85%d8%a7%d9%86%d9%8a%d9%86%d9%8a%d8%a7%d8%aa-%d8%b3%d9%8a%d8%b1%d8%a9-%d8%ab%d9%82%d8%a7%d9%81%d9%8a%d8%a9-%d9%88/,400,400,in stock,دار الكرمة
كنت صبيًّا في السبعينيات – سيرة ثقافية واجتماعية,https://alkarmabooks.com/product/%d9%83%d9%86%d8%aa-%d8%b5%d8%a8%d9%8a%d9%91%d9%8b%d8%a7-%d9%81%d9%8a-%d8%a7%d9%84%d8%b3%d8%a8%d8%b9%d9%8a%d9%86%d9%8a%d8%a7%d8%aa-%d8%b3%d9%8a%d8%b1%d8%a9-%d8%ab%d9%82%d8%a7%d9%81%d9%8a%d8%a9-%d9%88/,280,280,in stock,دار الكرمة
لأنه محمد ﷺ – (طبعة مشتركة خاصة بمصر وشمال أفريقيا والأردن ولبنان),https://alkarmabooks.com/product/%d9%84%d8%a3%d9%86%d9%87-%d9%85%d8%ad%d9%85%d8%af-%d8%b7%d8%a8%d8%b9%d8%a9-%d8%ae%d8%a7%d8%b5%d8%a9-%d8%a8%d9%85%d8%b5%d8%b1-%d9%88%d8%b4%d9%85%d8%a7%d9%84-%d8%a3%d9%81%d8%b1%d9%8a%d9%82/,120,120,in stock,دار الكرمة
لأني عبدك – (طبعة مشتركة خاصة بمصر ودول شمال أفريقيا والشام والعراق),https://alkarmabooks.com/product/%d9%84%d8%a3%d9%86%d9%8a-%d8%b9%d8%a8%d8%af%d9%83-%d8%b7%d8%a8%d8%b9%d8%a9-%d9%85%d8%b4%d8%aa%d8%b1%d9%83%d8%a9-%d8%ae%d8%a7%d8%b5%d8%a9-%d8%a8%d9%85%d8%b5%d8%b1-%d9%88%d8%af%d9%88%d9%84-%d8%b4/,180,180,in stock,دار الكرمة
لا تقل إنني لم أحذرك! لحظات في حياتي الكتابية بعدها صار كل شيء مختلفًا – دليل للكتابة الإبداعية,https://alkarmabooks.com/product/%d9%84%d8%a7-%d8%aa%d9%82%d9%84-%d8%a5%d9%86%d9%86%d9%8a-%d9%84%d9%85-%d8%a3%d8%ad%d8%b0%d8%b1%d9%83-%d9%84%d8%ad%d8%b8%d8%a7%d8%aa-%d9%81%d9%8a-%d8%ad%d9%8a%d8%a7%d8%aa%d9%8a-%d8%a7%d9%84%d9%83/,280,280,in stock,دار الكرمة
لا تكذب أبدًا,https://alkarmabooks.com/product/%d9%84%d8%a7-%d8%aa%d9%83%d8%b0%d8%a8-%d8%a3%d8%a8%d8%af%d9%8b%d8%a7-%d8%aa%d8%a3%d9%84%d9%8a%d9%81-%d9%81%d8%b1%d9%8a%d8%af%d8%a7-%d9%85%d9%83%d9%81%d8%a7%d8%af%d9%86/,400,400,in stock,دار الكرمة
لحياة جديدة – (طبعة مشتركة خاصة بمصر وشمال أفريقيا والأردن ولبنان),https://alkarmabooks.com/product/%d9%84%d8%ad%d9%8a%d8%a7%d8%a9-%d8%ac%d8%af%d9%8a%d8%af%d8%a9-%d8%b7%d8%a8%d8%b9%d8%a9-%d8%ae%d8%a7%d8%b5%d8%a9-%d8%a8%d9%85%d8%b5%d8%b1-%d9%88%d8%b4%d9%85%d8%a7%d9%84-%d8%a3%d9%81%d8%b1%d9%8a%d9%82/,150,150,in stock,دار الكرمة
لعنات – ديوان بالعامية,https://alkarmabooks.com/product/%d9%84%d8%b9%d9%86%d8%a7%d8%aa%d8%aa%d8%a3%d9%84%d9%8a%d9%81-%d9%86%d8%af%d9%89-%d8%a7%d9%84%d8%b4%d8%a8%d8%b1%d8%a7%d9%88%d9%8a/,120,120,in stock,دار الكرمة
لك وحدك – ثلاثية روح: الرواية الثانية,https://alkarmabooks.com/product/%d9%84%d9%83-%d9%88%d8%ad%d8%af%d9%83-%d8%ab%d9%84%d8%a7%d8%ab%d9%8a%d8%a9-%d8%b1%d9%88%d8%ad-%d8%a7%d9%84%d8%b1%d9%88%d8%a7%d9%8a%d8%a9-%d8%a7%d9%84%d8%ab%d8%a7%d9%86%d9%8a%d8%a9%d8%aa%d8%a3%d9%84/,300,300,in stock,دار الكرمة
للقتل اضغط واحد,https://alkarmabooks.com/product/%d9%84%d9%84%d9%82%d8%aa%d9%84-%d8%a7%d8%b6%d8%ba%d8%b7-%d9%88%d8%a7%d8%ad%d8%af-%d8%aa%d8%a3%d9%84%d9%8a%d9%81-%d8%a3%d8%ad%d9%85%d8%af-%d8%ad%d8%b3%d9%8a%d9%86-%d8%a3%d8%a8%d9%88-%d8%a7%d9%84/,175,175,in stock,دار الكرمة
للقتل ثمن لاحق,https://alkarmabooks.com/product/%d9%84%d9%84%d9%82%d8%aa%d9%84-%d8%ab%d9%85%d9%86-%d9%84%d8%a7%d8%ad%d9%82-%d8%aa%d8%a3%d9%84%d9%8a%d9%81-%d8%a5%d9%86%d8%ac%d9%8a-%d9%87%d8%af%d9%8a%d8%a8/,300,300,in stock,دار الكرمة
لم يتبق غيرها,https://alkarmabooks.com/product/%d9%84%d9%85-%d9%8a%d8%aa%d8%a8%d9%82%d9%8e%d9%91-%d8%ba%d9%8a%d8%b1%d9%87%d8%a7-%d8%aa%d8%a3%d9%84%d9%8a%d9%81-%d8%b1%d8%a7%d9%8a%d9%84%d9%8a-%d8%b3%d8%a7%d8%ac%d8%b1/,520,520,in stock,دار الكرمة
لن نصنع الفلك,https://alkarmabooks.com/product/%d9%84%d9%86-%d9%86%d8%b5%d9%86%d8%b9-%d8%a7%d9%84%d9%81%d9%84%d9%83-%d8%aa%d8%a3%d9%84%d9%8a%d9%81-%d8%a8%d9%84%d8%a7%d9%84-%d8%b9%d9%84%d8%a7%d8%a1/,150,150,in stock,دار الكرمة
ليلة القبض على فاطمة – زمن الحب,https://alkarmabooks.com/product/%d9%84%d9%8a%d9%84%d8%a9-%d8%a7%d9%84%d9%82%d8%a8%d8%b6-%d8%b9%d9%84%d9%89-%d9%81%d8%a7%d8%b7%d9%85%d8%a9%d8%aa%d8%a3%d9%84%d9%8a%d9%81-%d8%b3%d9%83%d9%8a%d9%86%d8%a9-%d9%81%d8%a4%d8%a7%d8%af/,120,120,in stock,دار الكرمة
ما لا يمكن إصلاحه,https://alkarmabooks.com/product/%d9%85%d8%a7-%d9%84%d8%a7-%d9%8a%d9%85%d9%83%d9%86-%d8%a5%d8%b5%d9%84%d8%a7%d8%ad%d9%87-%d8%aa%d8%a3%d9%84%d9%8a%d9%81-%d9%87%d9%8a%d8%ab%d9%85-%d8%a7%d9%84%d9%88%d8%b1%d8%af%d8%a7%d9%86%d9%8a/,280,280,in stock,دار الكرمة
ما ليس يضمنه أحد,https://alkarmabooks.com/product/%d9%85%d8%a7-%d9%84%d9%8a%d8%b3-%d9%8a%d8%b6%d9%85%d9%86%d9%87-%d8%a3%d8%ad%d8%af-%d8%aa%d8%a3%d9%84%d9%8a%d9%81-%d8%ae%d9%8a%d8%b1%d9%8a-%d8%b4%d9%84%d8%a8%d9%8a/,240,240,in stock,دار الكرمة
ماجدولين,https://alkarmabooks.com/product/%d9%85%d8%a7%d8%ac%d8%af%d9%88%d9%84%d9%8a%d9%86-%d8%aa%d8%a3%d9%84%d9%8a%d9%81-%d8%a3%d9%84%d9%81%d9%88%d9%86%d8%b3-%d9%83%d8%a7%d8%b1/,150,150,in stock,دار الكرمة
ماذا حدث للثقافة في مصر؟,https://alkarmabooks.com/product/%d9%85%d8%a7%d8%b0%d8%a7-%d8%ad%d8%af%d8%ab-%d9%84%d9%84%d8%ab%d9%82%d8%a7%d9%81%d8%a9-%d9%81%d9%8a-%d9%85%d8%b5%d8%b1%d8%9f-%d8%aa%d8%a3%d9%84%d9%8a%d9%81-%d8%ac%d9%84%d8%a7%d9%84-%d8%a3%d9%85/,250,250,in stock,دار الكرمة
مباراة على ملعب الموت,https://alkarmabooks.com/product/%d9%85%d8%a8%d8%a7%d8%b1%d8%a7%d8%a9-%d8%b9%d9%84%d9%89-%d9%85%d9%84%d8%b9%d8%a8-%d8%a7%d9%84%d9%85%d9%88%d8%aa%d8%aa%d8%a3%d9%84%d9%8a%d9%81-%d8%a3%d9%86%d9%88%d8%b1-%d8%a7%d9%84%d9%83%d9%85%d9%88/,150,150,in stock,دار الكرمة
مدينة الأقوياء – (طبعة مشتركة خاصة بمصر ودول شمال أفريقيا والشام والعراق),https://alkarmabooks.com/product/%d9%85%d8%af%d9%8a%d9%86%d8%a9-%d8%a7%d9%84%d8%a3%d9%82%d9%88%d9%8a%d8%a7%d8%a1-%d8%b7%d8%a8%d8%b9%d8%a9-%d9%85%d8%b4%d8%aa%d8%b1%d9%83%d8%a9-%d8%ae%d8%a7%d8%b5%d8%a9-%d8%a8%d9%85%d8%b5%d8%b1-%d9%88/,180,180,in stock,دار الكرمة
مذكرات الفريق عبد المنعم خليل,https://alkarmabooks.com/product/%d9%85%d8%b0%d9%83%d8%b1%d8%a7%d8%aa-%d8%a7%d9%84%d9%81%d8%b1%d9%8a%d9%82-%d8%b9%d8%a8%d8%af-%d8%a7%d9%84%d9%85%d9%86%d8%b9%d9%85-%d8%ae%d9%84%d9%8a%d9%84-%d8%aa%d8%a3%d9%84%d9%8a%d9%81-%d8%a7%d9%84/,550,550,in stock,دار الكرمة
مذكرات جندي مصري في جبهة قناة السويس,https://alkarmabooks.com/product/%d9%85%d8%b0%d9%83%d8%b1%d8%a7%d8%aa-%d8%ac%d9%86%d8%af%d9%8a-%d9%85%d8%b5%d8%b1%d9%8a-%d9%81%d9%8a-%d8%ac%d8%a8%d9%87%d8%a9-%d9%82%d9%86%d8%a7%d8%a9-%d8%a7%d9%84%d8%b3%d9%88%d9%8a%d8%b3-%d8%aa%d8%a3/,180,180,in stock,دار الكرمة
مر مثل القهوة حلو مثل الشوكولا,https://alkarmabooks.com/product/%d9%85%d8%b1-%d9%85%d8%ab%d9%84-%d8%a7%d9%84%d9%82%d9%87%d9%88%d8%a9-%d8%ad%d9%84%d9%88-%d9%85%d8%ab%d9%84-%d8%a7%d9%84%d8%b4%d9%88%d9%83%d9%88%d9%84%d8%a7-%d8%aa%d8%a3%d9%84%d9%8a%d9%81-%d9%85/,140,140,in stock,دار الكرمة
مشارف الخمسين – موجز عن حياة,https://alkarmabooks.com/product/%d9%85%d8%b4%d8%a7%d8%b1%d9%81-%d8%a7%d9%84%d8%ae%d9%85%d8%b3%d9%8a%d9%86-%d9%85%d9%88%d8%ac%d8%b2-%d8%b9%d9%86-%d8%ad%d9%8a%d8%a7%d8%a9%d8%aa%d8%a3%d9%84%d9%8a%d9%81-%d8%a5%d8%a8%d8%b1%d8%a7%d9%87/,100,100,in stock,دار الكرمة
مشوار حياة – خطابات محمد خان إلى سعيد شيمي: الجزء الأول,https://alkarmabooks.com/product/%d9%85%d8%b4%d9%88%d8%a7%d8%b1-%d8%ad%d9%8a%d8%a7%d8%a9-%d8%ae%d8%b7%d8%a7%d8%a8%d8%a7%d8%aa-%d9%85%d8%ad%d9%85%d8%af-%d8%ae%d8%a7%d9%86-%d8%a5%d9%84%d9%89-%d8%b3%d8%b9%d9%8a%d8%af-%d8%b4%d9%8a%d9%85/,450,450,in stock,دار الكرمة
مصري للنخاع – خطابات محمد خان إلى سعيد شيمي: الجزء الثالث,https://alkarmabooks.com/product/%d9%85%d8%b5%d8%b1%d9%8a-%d9%84%d9%84%d9%86%d8%ae%d8%a7%d8%b9-%d8%ae%d8%b7%d8%a7%d8%a8%d8%a7%d8%aa-%d9%85%d8%ad%d9%85%d8%af-%d8%ae%d8%a7%d9%86-%d8%a5%d9%84%d9%89-%d8%b3%d8%b9%d9%8a%d8%af-%d8%b4%d9%8a/,200,200,in stock,دار الكرمة
معاني الفلسفة,https://alkarmabooks.com/product/%d9%85%d8%b9%d8%a7%d9%86%d9%8a-%d8%a7%d9%84%d9%81%d9%84%d8%b3%d9%81%d8%a9-%d8%aa%d8%a3%d9%84%d9%8a%d9%81-%d8%a3%d8%ad%d9%85%d8%af-%d9%81%d8%a4%d8%a7%d8%af-%d8%a7%d9%84%d8%a3%d9%87%d9%88%d8%a7%d9%86/,150,150,in stock,دار الكرمة
مفاتيح النجاح والتمرينات السحرية للثقة بالنفس,https://alkarmabooks.com/product/%d9%85%d9%81%d8%a7%d8%aa%d9%8a%d8%ad-%d8%a7%d9%84%d9%86%d8%ac%d8%a7%d8%ad-%d9%88%d8%a7%d9%84%d8%aa%d9%85%d8%b1%d9%8a%d9%86%d8%a7%d8%aa-%d8%a7%d9%84%d8%b3%d8%ad%d8%b1%d9%8a%d8%a9-%d9%84%d9%84%d8%ab/,200,200,in stock,دار الكرمة
مقتل الرجل الكبير,https://alkarmabooks.com/product/%d9%85%d9%82%d8%aa%d9%84-%d8%a7%d9%84%d8%b1%d8%ac%d9%84-%d8%a7%d9%84%d9%83%d8%a8%d9%8a%d8%b1-%d8%aa%d8%a3%d9%84%d9%8a%d9%81-%d8%a5%d8%a8%d8%b1%d8%a7%d9%87%d9%8a%d9%85-%d8%b9%d9%8a%d8%b3%d9%89/,350,350,in stock,دار الكرمة
مكتبة الكلمات المفقودة,https://alkarmabooks.com/product/%d9%85%d9%83%d8%aa%d8%a8%d8%a9-%d8%a7%d9%84%d9%83%d9%84%d9%85%d8%a7%d8%aa-%d8%a7%d9%84%d9%85%d9%81%d9%82%d9%88%d8%af%d8%a9-%d8%aa%d8%a3%d9%84%d9%8a%d9%81-%d8%b3%d8%aa%d9%8a%d9%81%d8%a7%d9%86%d9%8a/,500,500,in stock,دار الكرمة
مكتوب على الجبين – حكايات على هامش السيرة الذاتية,https://alkarmabooks.com/product/%d9%85%d9%83%d8%aa%d9%88%d8%a8-%d8%b9%d9%84%d9%89-%d8%a7%d9%84%d8%ac%d8%a8%d9%8a%d9%86-%d8%ad%d9%83%d8%a7%d9%8a%d8%a7%d8%aa-%d8%b9%d9%84%d9%89-%d9%87%d8%a7%d9%85%d8%b4-%d8%a7%d9%84%d8%b3%d9%8a%d8%b1/,200,200,in stock,دار الكرمة
ملك من شعاع,https://alkarmabooks.com/product/%d9%85%d9%84%d9%83-%d9%85%d9%86-%d8%b4%d8%b9%d8%a7%d8%b9-%d8%aa%d8%a3%d9%84%d9%8a%d9%81-%d8%b9%d8%a7%d8%af%d9%84-%d9%83%d8%a7%d9%85%d9%84/,220,220,in stock,دار الكرمة
مليم الأكبر,https://alkarmabooks.com/product/%d9%85%d9%84%d9%8a%d9%85-%d8%a7%d9%84%d8%a3%d9%83%d8%a8%d8%b1-%d8%aa%d8%a3%d9%84%d9%8a%d9%81-%d8%b9%d8%a7%d8%af%d9%84-%d9%83%d8%a7%d9%85%d9%84/,300,300,in stock,دار الكرمة
مليون نافذة,https://alkarmabooks.com/product/%d9%85%d9%84%d9%8a%d9%88%d9%86-%d9%86%d8%a7%d9%81%d8%b0%d8%a9-%d8%aa%d8%a3%d9%84%d9%8a%d9%81-%d8%ac%d9%8a%d8%b1%d8%a7%d9%84%d8%af-%d9%85%d8%b1%d9%86%d9%8a%d9%86/,170,170,in stock,دار الكرمة
ممورابيليا: مختارات من المجموعات الفنية لمحمد سلماوي ونازلي مدكور,https://alkarmabooks.com/product/%d9%85%d9%85%d9%88%d8%b1%d8%a7%d8%a8%d9%8a%d9%84%d9%8a%d8%a7-%d9%85%d8%ae%d8%aa%d8%a7%d8%b1%d8%a7%d8%aa-%d9%85%d9%86-%d8%a7%d9%84%d9%85%d8%ac%d9%85%d9%88%d8%b9%d8%a7%d8%aa-%d8%a7%d9%84%d9%81%d9%86/,1500,1500,in stock,دار الكرمة
من النهضة إلى الاستنارة – في تاريخ الفكر المصري الحديث,https://alkarmabooks.com/product/%d9%85%d9%86-%d8%a7%d9%84%d9%86%d9%87%d8%b6%d8%a9-%d8%a5%d9%84%d9%89-%d8%a7%d9%84%d8%a7%d8%b3%d8%aa%d9%86%d8%a7%d8%b1%d8%a9-%d9%81%d9%8a-%d8%aa%d8%a7%d8%b1%d9%8a%d8%ae-%d8%a7%d9%84%d9%81%d9%83%d8%b1/,175,175,in stock,دار الكرمة
من علَّم عبد الناصر شُرب السجائر,https://alkarmabooks.com/product/%d9%85%d9%86-%d8%b9%d9%84%d9%91%d9%8e%d9%85-%d8%b9%d8%a8%d8%af-%d8%a7%d9%84%d9%86%d8%a7%d8%b5%d8%b1-%d8%b4%d9%8f%d8%b1%d8%a8-%d8%a7%d9%84%d8%b3%d8%ac%d8%a7%d8%a6%d8%b1-%d8%aa%d8%a3%d9%84%d9%8a%d9%81/,140,140,in stock,دار الكرمة
منازل السائرين إلى الحق عز شأنه,https://alkarmabooks.com/product/%d9%85%d9%86%d8%a7%d8%b2%d9%84-%d8%a7%d9%84%d8%b3%d8%a7%d8%a6%d8%b1%d9%8a%d9%86-%d8%a5%d9%84%d9%89-%d8%a7%d9%84%d8%ad%d9%82-%d8%b9%d8%b2-%d8%b4%d8%a3%d9%86%d9%87-%d8%aa%d8%a3%d9%84%d9%8a%d9%81/,120,120,in stock,دار الكرمة
منامات عم أحمد السماك,https://alkarmabooks.com/product/%d9%85%d9%86%d8%a7%d9%85%d8%a7%d8%aa-%d8%b9%d9%85-%d8%a3%d8%ad%d9%85%d8%af-%d8%a7%d9%84%d8%b3%d9%85%d8%a7%d9%83-%d8%aa%d8%a3%d9%84%d9%8a%d9%81-%d8%ae%d9%8a%d8%b1%d9%8a-%d8%b4%d9%84%d8%a8%d9%8a/,175,175,in stock,دار الكرمة
منزل السيدة البدينة,https://alkarmabooks.com/product/%d9%85%d9%86%d8%b2%d9%84-%d8%a7%d9%84%d8%b3%d9%8a%d8%af%d8%a9-%d8%a7%d9%84%d8%a8%d8%af%d9%8a%d9%86%d8%a9/,140,140,in stock,دار الكرمة
موال البيات والنوم,https://alkarmabooks.com/product/%d9%85%d9%88%d8%a7%d9%84-%d8%a7%d9%84%d8%a8%d9%8a%d8%a7%d8%aa-%d9%88%d8%a7%d9%84%d9%86%d9%88%d9%85-%d8%aa%d8%a3%d9%84%d9%8a%d9%81-%d8%ae%d9%8a%d8%b1%d9%8a-%d8%b4%d9%84%d8%a8%d9%8a/,350,350,in stock,دار الكرمة
موسوعة أغاني عبد الحليم حافظ,https://alkarmabooks.com/product/%d9%85%d9%88%d8%b3%d9%88%d8%b9%d8%a9-%d8%a3%d8%ba%d8%a7%d9%86%d9%8a-%d8%b9%d8%a8%d8%af-%d8%a7%d9%84%d8%ad%d9%84%d9%8a%d9%85-%d8%ad%d8%a7%d9%81%d8%b8-%d8%aa%d8%a3%d9%84%d9%8a%d9%81-%d8%b9%d9%85%d8%b1/,350,350,in stock,دار الكرمة
مولانا,https://alkarmabooks.com/product/%d9%85%d9%88%d9%84%d8%a7%d9%86%d8%a7-%d8%aa%d8%a3%d9%84%d9%8a%d9%81-%d8%a5%d8%a8%d8%b1%d8%a7%d9%87%d9%8a%d9%85-%d8%b9%d9%8a%d8%b3%d9%89/,450,450,in stock,دار الكرمة
نادي بهجة الحظ,https://alkarmabooks.com/product/%d9%86%d8%a7%d8%af%d9%8a-%d8%a8%d9%87%d8%ac%d8%a9-%d8%a7%d9%84%d8%ad%d8%b8-%d8%aa%d8%a3%d9%84%d9%8a%d9%81-%d8%a5%d9%8a%d9%85%d9%8a-%d8%aa%d8%a7%d9%86/,450,450,in stock,دار الكرمة
نازلي مدكور – Nazli Madkour,https://alkarmabooks.com/product/%d9%86%d8%a7%d8%b2%d9%84%d9%8a-%d9%85%d8%af%d9%83%d9%88%d8%b1-nazli-madkour-%d8%aa%d8%a3%d9%84%d9%8a%d9%81-%d9%86%d8%a7%d8%b2%d9%84%d9%8a-%d9%85%d8%af%d9%83%d9%88%d8%b1/,3500,3500,in stock,دار الكرمة
نبش الغراب في واحة العربي – الجزء الأول: الإنسان,https://alkarmabooks.com/product/%d9%86%d8%a8%d8%b4-%d8%a7%d9%84%d8%ba%d8%b1%d8%a7%d8%a8-%d9%81%d9%8a-%d9%88%d8%a7%d8%ad%d8%a9-%d8%a7%d9%84%d8%b9%d8%b1%d8%a8%d9%8a-%d8%a7%d9%84%d8%ac%d8%b2%d8%a1-%d8%a7%d9%84%d8%a3%d9%88%d9%84/,200,200,in stock,دار الكرمة
نبش الغراب في واحة العربي – الجزء الثالث: الأشياء,https://alkarmabooks.com/product/%d9%86%d8%a8%d8%b4-%d8%a7%d9%84%d8%ba%d8%b1%d8%a7%d8%a8-%d9%81%d9%8a-%d9%88%d8%a7%d8%ad%d8%a9-%d8%a7%d9%84%d8%b9%d8%b1%d8%a8%d9%8a-%d8%a7%d9%84%d8%ac%d8%b2%d8%a1-%d8%a7%d9%84%d8%ab%d8%a7%d9%84%d8%ab/,175,175,in stock,دار الكرمة
نبش الغراب في واحة العربي – الجزء الثاني: الكائنات,https://alkarmabooks.com/product/%d9%86%d8%a8%d8%b4-%d8%a7%d9%84%d8%ba%d8%b1%d8%a7%d8%a8-%d9%81%d9%8a-%d9%88%d8%a7%d8%ad%d8%a9-%d8%a7%d9%84%d8%b9%d8%b1%d8%a8%d9%8a-%d8%a7%d9%84%d8%ac%d8%b2%d8%a1-%d8%a7%d9%84%d8%ab%d8%a7%d9%86%d9%8a/,175,175,in stock,دار الكرمة
نجيب محفوظ… عن الكتابة,https://alkarmabooks.com/product/%d9%86%d8%ac%d9%8a%d8%a8-%d9%85%d8%ad%d9%81%d9%88%d8%b8-%d8%b9%d9%86-%d8%a7%d9%84%d9%83%d8%aa%d8%a7%d8%a8%d8%a9-%d8%aa%d8%a3%d9%84%d9%8a%d9%81-%d8%b9%d9%85%d8%b1%d9%88-%d9%81%d8%aa%d8%ad%d9%8a/,200,200,in stock,دار الكرمة
نحن نعرف ما سيأتي,https://alkarmabooks.com/product/%d9%86%d8%ad%d9%86-%d9%86%d8%b9%d8%b1%d9%81-%d9%85%d8%a7-%d8%b3%d9%8a%d8%a3%d8%aa%d9%8a-%d8%aa%d8%a3%d9%84%d9%8a%d9%81-%d9%83%d8%b1%d9%8a%d8%b3%d8%aa%d8%a7-%d9%81%d9%88%d9%84%d9%81/,140,140,in stock,دار الكرمة
نداء الملك – ثلاثية نداء الملك – الجزء الأول,https://alkarmabooks.com/product/%d9%86%d8%af%d8%a7%d8%a1-%d8%a7%d9%84%d9%85%d9%84%d9%83-%d8%ab%d9%84%d8%a7%d8%ab%d9%8a%d8%a9-%d9%86%d8%af%d8%a7%d8%a1-%d8%a7%d9%84%d9%85%d9%84%d9%83-%d8%a7%d9%84%d8%ac%d8%b2%d8%a1-%d8%a7/,450,450,in stock,دار الكرمة
نص صعيدي ونص خواجة: ذكريات ووصفات من طليان مصر,https://alkarmabooks.com/product/%d9%86%d9%8f%d8%b5-%d8%b5%d8%b9%d9%8a%d8%af%d9%8a-%d9%88%d9%86%d9%8f%d8%b5-%d8%ae%d9%88%d8%a7%d8%ac%d8%a9-%d8%b0%d9%83%d8%b1%d9%8a%d8%a7%d8%aa-%d9%88%d9%88%d8%b5%d9%81%d8%a7%d8%aa-%d9%85%d9%86-%d8%b7/,400,400,in stock,دار الكرمة
نظرية برما,https://alkarmabooks.com/product/%d9%86%d8%b8%d8%b1%d9%8a%d8%a9-%d8%a8%d8%b1%d9%85%d8%a7-%d8%aa%d8%a3%d9%84%d9%8a%d9%81-%d8%b9%d9%85%d8%b1-%d8%b7%d8%a7%d9%87%d8%b1/,175,175,in stock,دار الكرمة
نعناع الجناين,https://alkarmabooks.com/product/%d9%86%d8%b9%d9%86%d8%a7%d8%b9-%d8%a7%d9%84%d8%ac%d9%86%d8%a7%d9%8a%d9%86-%d8%aa%d8%a3%d9%84%d9%8a%d9%81-%d8%ae%d9%8a%d8%b1%d9%8a-%d8%b4%d9%84%d8%a8%d9%8a/,175,175,in stock,دار الكرمة
نهج الحكمة – مختارات من حكم الإمام علي ومواعظه,https://alkarmabooks.com/product/%d9%86%d9%87%d8%ac-%d8%a7%d9%84%d8%ad%d9%83%d9%85%d8%a9-%d9%85%d8%ae%d8%aa%d8%a7%d8%b1%d8%a7%d8%aa-%d9%85%d9%86-%d8%ad%d9%83%d9%85-%d8%a7%d9%84%d8%a5%d9%85%d8%a7%d9%85-%d8%b9%d9%84%d9%8a-%d9%88%d9%85/,80,80,in stock,دار الكرمة
هاملت,https://alkarmabooks.com/product/%d9%87%d8%a7%d9%85%d9%84%d8%aa-%d8%aa%d8%a3%d9%84%d9%8a%d9%81-%d8%b4%d9%8a%d9%83%d8%b3%d8%a8%d9%8a%d8%b1/,400,400,in stock,دار الكرمة
هذه ليست رصاصة,https://alkarmabooks.com/product/%d9%87%d8%b0%d9%87-%d9%84%d9%8a%d8%b3%d8%aa-%d8%b1%d8%b5%d8%a7%d8%b5%d8%a9-%d8%aa%d8%a3%d9%84%d9%8a%d9%81-%d8%b9%d8%a8%d8%af%d8%a7%d9%84%d9%84%d9%87-%d9%86%d8%a7%d8%b5%d8%b1/,250,250,in stock,دار الكرمة
هو أنت – ثلاثية روح: الرواية الثالثة,https://alkarmabooks.com/product/%d9%87%d9%88-%d8%a3%d9%86%d8%aa-%d8%ab%d9%84%d8%a7%d8%ab%d9%8a%d8%a9-%d8%b1%d9%88%d8%ad-%d8%a7%d9%84%d8%b1%d9%88%d8%a7%d9%8a%d8%a9-%d8%a7%d9%84%d8%ab%d8%a7%d9%84%d8%ab%d8%a9%d8%aa%d8%a3%d9%84%d9%8a/,240,240,in stock,دار الكرمة
هوامش الفتح العربي لمصر,https://alkarmabooks.com/product/%d9%87%d9%88%d8%a7%d9%85%d8%b4-%d8%a7%d9%84%d9%81%d8%aa%d8%ad-%d8%a7%d9%84%d8%b9%d8%b1%d8%a8%d9%8a-%d9%84%d9%85%d8%b5%d8%b1-%d8%aa%d8%a3%d9%84%d9%8a%d9%81-%d8%b3%d9%86%d8%a7%d8%a1-%d8%a7%d9%84%d9%85/,340,340,in stock,دار الكرمة
وجدتك,https://alkarmabooks.com/product/%d9%88%d8%ac%d8%af%d8%aa%d9%83-%d8%aa%d8%a3%d9%84%d9%8a%d9%81-%d9%84%d9%8a%d8%b3%d8%a7-%d8%ac%d9%88%d9%8a%d9%84/,550,550,in stock,دار الكرمة
وضع محرج: أشعار بالعامية المصرية,https://alkarmabooks.com/product/%d9%88%d8%b6%d8%b9-%d9%85%d8%ad%d8%b1%d8%ac-%d8%a3%d8%b4%d8%b9%d8%a7%d8%b1-%d8%a8%d8%a7%d9%84%d8%b9%d8%a7%d9%85%d9%8a%d8%a9-%d8%a7%d9%84%d9%85%d8%b5%d8%b1%d9%8a%d8%a9-%d8%aa%d8%a3%d9%84%d9%8a%d9%81/,140,140,in stock,دار الكرمة
ولادك يستاهلوا أحسن أب… أحسن أم 12 أداة عملية لتكون أحسن أب وأحسن أم,https://alkarmabooks.com/product/%d9%88%d9%84%d8%a7%d8%af%d9%83-%d9%8a%d8%b3%d8%aa%d8%a7%d9%87%d9%84%d9%88%d8%a7-%d8%a3%d8%ad%d8%b3%d9%86-%d8%a3%d8%a8-%d8%a3%d8%ad%d8%b3%d9%86-%d8%a3%d9%85-12-%d8%a3%d8%af%d8%a7%d8%a9-%d8%b9%d9%85/,200,200,in stock,دار الكرمة
وهم الإنجاز – كيف يتحرك العامة وماذا يحفزهم (طبعة مشتركة خاصة بمصر ودول شمال أفريقيا والشام),https://alkarmabooks.com/product/%d9%88%d9%87%d9%85-%d8%a7%d9%84%d8%a5%d9%86%d8%ac%d8%a7%d8%b2%d8%aa%d8%a3%d9%84%d9%8a%d9%81-%d8%a3%d8%ad%d9%85%d8%af-%d8%ad%d8%b3%d9%86-%d9%85%d8%b4%d8%b1%d9%81/,250,250,in stock,دار الكرمة
ويسترن يونيون فرع الهرم – ديوان شعر بالعامية المصرية,https://alkarmabooks.com/product/%d9%88%d9%8a%d8%b3%d8%aa%d8%b1%d9%86-%d9%8a%d9%88%d9%86%d9%8a%d9%88%d9%86-%d9%81%d8%b1%d8%b9-%d8%a7%d9%84%d9%87%d8%b1%d9%85-%d8%af%d9%8a%d9%88%d8%a7%d9%86-%d8%b4%d8%b9%d8%b1-%d8%a8%d8%a7%d9%84%d8%b9/,80,80,in stock,دار الكرمة
يشبه القاهرة,https://alkarmabooks.com/product/%d9%8a%d8%b4%d8%a8%d9%87-%d8%a7%d9%84%d9%82%d8%a7%d9%87%d8%b1%d8%a9%d8%aa%d8%a3%d9%84%d9%8a%d9%81-%d9%85%d9%86%d8%a9-%d8%a3%d8%a8%d9%88-%d8%b2%d9%87%d8%b1%d8%a9/,70,70,in stock,دار الكرمة
يوم حنين – قراءة تاريخية,https://alkarmabooks.com/product/%d9%8a%d9%88%d9%85-%d8%ad%d9%86%d9%8a%d9%86-%d9%82%d8%b1%d8%a7%d8%a1%d8%a9-%d8%aa%d8%a7%d8%b1%d9%8a%d8%ae%d9%8a%d8%a9-%d8%aa%d8%a3%d9%84%d9%8a%d9%81-%d8%ad%d9%84%d9%85%d9%8a-%d8%a7%d9%84%d9%86/,220,220,in stock,دار الكرمة
يوما أو بعض يوم – مذكرات (1945-1981),https://alkarmabooks.com/product/%d9%8a%d9%88%d9%85%d8%a7-%d8%a3%d9%88-%d8%a8%d8%b9%d8%b6-%d9%8a%d9%88%d9%85-%d9%85%d8%b0%d9%83%d8%b1%d8%a7%d8%aa-1945-1981%d8%aa%d8%a3%d9%84%d9%8a%d9%81-%d9%85%d8%ad%d9%85%d8%af-%d8%b3%d9%84%d9%85/,500,500,in stock,دار الكرمة
دليل جدتي لقتل الأوغاد,https://alkarmabooks.com/product/%d8%af%d9%84%d9%8a%d9%84-%d8%ac%d8%af%d8%aa%d9%8a-%d9%84%d9%82%d8%aa%d9%84-%d8%a7%d9%84%d8%a3%d9%88%d8%ba%d8%a7%d8%af-%d8%aa%d8%a3%d9%84%d9%8a%d9%81-%d9%85%d9%8a%d8%b1%d9%86%d8%a7-%d8%a7%d9%84%d9%85/,220,220,in stock,دار الكرمة
عنده ضيوف – حكايات صديقة للبيئة,https://alkarmabooks.com/product/%d8%b9%d9%86%d8%af%d9%87-%d8%b6%d9%8a%d9%88%d9%81-%d8%ad%d9%83%d8%a7%d9%8a%d8%a7%d8%aa-%d8%b5%d8%af%d9%8a%d9%82%d8%a9-%d9%84%d9%84%d8%a8%d9%8a%d8%a6%d8%a9-%d8%aa%d8%a3%d9%84%d9%8a%d9%81-%d8%b9/,120,120,in stock,دار الكرمة
قضية ست الحسن – تحقيقات نوح الألفي 1,https://alkarmabooks.com/product/%d9%82%d8%b6%d9%8a%d8%a9-%d8%b3%d8%aa-%d8%a7%d9%84%d8%ad%d8%b3%d9%86-%d8%aa%d8%ad%d9%82%d9%8a%d9%82%d8%a7%d8%aa-%d9%86%d9%88%d8%ad-%d8%a7%d9%84%d8%a3%d9%84%d9%81%d9%8a-1-%d8%aa%d8%a3%d9%84%d9%8a/,250,250,in stock,دار الكرمة
نادي القتال,https://alkarmabooks.com/product/%d9%86%d8%a7%d8%af%d9%8a-%d8%a7%d9%84%d9%82%d8%aa%d8%a7%d9%84-%d8%aa%d8%a3%d9%84%d9%8a%d9%81-%d8%aa%d8%b4%d8%a7%d9%83-%d8%a8%d9%88%d9%84%d8%a7%d9%86%d9%8a%d9%83/,240,240,in stock,دار الكرمة
قضية عنب الثعلب – تحقيقات نوح الألفي 3,https://alkarmabooks.com/product/%d9%82%d8%b6%d9%8a%d8%a9-%d8%b9%d9%86%d8%a8-%d8%a7%d9%84%d8%ab%d8%b9%d9%84%d8%a8-%d8%aa%d8%ad%d9%82%d9%8a%d9%82%d8%a7%d8%aa-%d9%86%d9%88%d8%ad-%d8%a7%d9%84%d8%a3%d9%84%d9%81%d9%8a-3-%d8%aa%d8%a3/,250,250,in stock,دار الكرمة
وانت السبب يابا.. – الفاجومي وأنا,https://alkarmabooks.com/product/%d9%88%d8%a7%d9%86%d8%aa-%d8%a7%d9%84%d8%b3%d8%a8%d8%a8-%d9%8a%d8%a7%d8%a8%d8%a7-%d8%a7%d9%84%d9%81%d8%a7%d8%ac%d9%88%d9%85%d9%8a-%d9%88%d8%a3%d9%86%d8%a7-%d8%aa%d8%a3%d9%84%d9%8a%d9%81-%d9%86/,400,400,in stock,دار الكرمة
قضية لوز مر – تحقيقات نوح الألفي 2,https://alkarmabooks.com/product/%d9%82%d8%b6%d9%8a%d8%a9-%d9%84%d9%88%d8%b2-%d9%85%d8%b1-%d8%aa%d8%ad%d9%82%d9%8a%d9%82%d8%a7%d8%aa-%d9%86%d9%88%d8%ad-%d8%a7%d9%84%d8%a3%d9%84%d9%81%d9%8a-2-%d8%aa%d8%a3%d9%84%d9%8a%d9%81-%d9%85/,250,250,in stock,دار الكرمة
ملحمة أنيت,https://alkarmabooks.com/product/%d9%85%d9%84%d8%ad%d9%85%d8%a9-%d8%a3%d9%86%d9%8a%d8%aa-%d8%aa%d8%a3%d9%84%d9%8a%d9%81-%d8%a3%d9%86%d9%87-%d9%81%d9%8a%d8%a8%d8%b1/,240,240,in stock,دار الكرمة
أبناء حورة,https://alkarmabooks.com/product/%d8%a3%d8%a8%d9%86%d8%a7%d8%a1-%d8%ad%d9%88%d8%b1%d8%a9%d8%aa%d8%a3%d9%84%d9%8a%d9%81-%d8%b9%d8%a8%d8%af-%d8%a7%d9%84%d8%b1%d8%ad%d9%8a%d9%85-%d9%83%d9%85%d8%a7%d9%84/,240,240,in stock,دار الكرمة
بنات آوى والحروف المفقودة – عن الحيوانات الناطقة في لحظات الخطر,https://alkarmabooks.com/product/%d8%a8%d9%86%d8%a7%d8%aa-%d8%a2%d9%88%d9%89-%d9%88%d8%a7%d9%84%d8%ad%d8%b1%d9%88%d9%81-%d8%a7%d9%84%d9%85%d9%81%d9%82%d9%88%d8%af%d8%a9-%d8%b9%d9%86-%d8%a7%d9%84%d8%ad%d9%8a%d9%88%d8%a7%d9%86%d8%a7/,250,250,in stock,دار الكرمة
في ممر الفئران,https://alkarmabooks.com/product/%d9%81%d9%8a-%d9%85%d9%85%d8%b1-%d8%a7%d9%84%d9%81%d8%a6%d8%b1%d8%a7%d9%86-%d8%aa%d8%a3%d9%84%d9%8a%d9%81-%d8%a3%d8%ad%d9%85%d8%af-%d8%ae%d8%a7%d9%84%d8%af-%d8%aa%d9%88%d9%81%d9%8a%d9%82/,250,250,in stock,دار الكرمة
جسمك يتذكر كل شيء – الدماغ والعقل والجسم في عملية الشفاء من الصدمة النفسية,https://alkarmabooks.com/product/%d8%ac%d8%b3%d9%85%d9%83-%d9%8a%d8%aa%d8%b0%d9%83%d8%b1-%d9%83%d9%84-%d8%b4%d9%8a%d8%a1%d8%a7%d9%84%d8%af%d9%85%d8%a7%d8%ba-%d9%88%d8%a7%d9%84%d8%b9%d9%82%d9%84-%d9%88%d8%a7%d9%84%d8%ac%d8%b3%d9%85/,750,750,in stock,دار الكرمة
موت العالم … المعروفة شعبيًّا بـ«مذكرات محمود غزالة»,https://alkarmabooks.com/product/%d9%85%d9%88%d8%aa-%d8%a7%d9%84%d8%b9%d8%a7%d9%84%d9%85-%d8%a7%d9%84%d9%85%d8%b9%d8%b1%d9%88%d9%81%d8%a9-%d8%b4%d8%b9%d8%a8%d9%8a%d9%8b%d9%91%d8%a7-%d8%a8%d9%80%d9%85%d8%b0%d9%83%d8%b1%d8%a7/,240,240,in stock,دار الكرمة
إذاعة الأغاني – سيرة شخصية للغناء,https://alkarmabooks.com/product/%d8%a5%d8%b0%d8%a7%d8%b9%d8%a9-%d8%a7%d9%84%d8%a3%d8%ba%d8%a7%d9%86%d9%8a-%d8%b3%d9%8a%d8%b1%d8%a9-%d8%b4%d8%ae%d8%b5%d9%8a%d8%a9-%d9%84%d9%84%d8%ba%d9%86%d8%a7%d8%a1%d8%aa%d8%a3%d9%84%d9%8a%d9%81/,280,280,in stock,دار الكرمة
صك المؤامرة – وعد بلفور,https://alkarmabooks.com/product/%d9%88%d8%b9%d8%af-%d8%a8%d9%84%d9%81%d9%88%d8%b1-%d8%b5%d9%83-%d8%a7%d9%84%d9%85%d8%a4%d8%a7%d9%85%d8%b1%d8%a9-%d8%aa%d8%a3%d9%84%d9%8a%d9%81-%d8%ac%d9%85%d9%8a%d9%84-%d8%b9%d8%b7%d9%8a%d8%a9/,180,180,in stock,دار الكرمة
آخر كوباية قهوة,https://alkarmabooks.com/product/%d8%a2%d8%ae%d8%b1-%d9%83%d9%88%d8%a8%d8%a7%d9%8a%d8%a9-%d9%82%d9%87%d9%88%d8%a9-%d8%aa%d8%a3%d9%84%d9%8a%d9%81-%d8%a5%d9%86%d8%ac%d9%8a-%d9%87%d8%af%d9%8a%d8%a8/,250,250,in stock,دار الكرمة
ديرمافوريا,https://alkarmabooks.com/product/%d8%af%d9%8a%d8%b1%d9%85%d8%a7%d9%81%d9%88%d8%b1%d9%8a%d8%a7-%d8%aa%d8%a3%d9%84%d9%8a%d9%81-%d9%83%d8%b1%d9%8a%d8%ac-%d9%83%d9%84%d9%8a%d9%81%d9%86%d8%ac%d8%b1/,240,240,in stock,دار الكرمة
عبد الرحمن الجبرتي – الانتلجنسيا المصرية في عصر القومية,https://alkarmabooks.com/product/%d8%b9%d8%a8%d8%af-%d8%a7%d9%84%d8%b1%d8%ad%d9%85%d9%86-%d8%a7%d9%84%d8%ac%d8%a8%d8%b1%d8%aa%d9%8a-%d8%a7%d9%84%d8%a7%d9%86%d8%aa%d9%84%d8%ac%d9%86%d8%b3%d9%8a%d8%a7-%d8%a7%d9%84%d9%85%d8%b5%d8%b1/,160,160,in stock,دار الكرمة
أخي العزيز – مراسلات حسين وجلال أمين (الجزء الأول 1950-1960),https://alkarmabooks.com/product/%d8%a3%d8%ae%d9%8a-%d8%a7%d9%84%d8%b9%d8%b2%d9%8a%d8%b2%d8%aa%d8%a3%d9%84%d9%8a%d9%81-%d8%ad%d8%b3%d9%8a%d9%86-%d8%a3%d8%ad%d9%85%d8%af-%d8%a3%d9%85%d9%8a%d9%86-%d8%ac%d9%84%d8%a7%d9%84-%d8%a3%d9%85/,400,400,in stock,دار الكرمة
الهول,https://alkarmabooks.com/product/%d8%a7%d9%84%d9%87%d9%88%d9%84-%d8%aa%d8%a3%d9%84%d9%8a%d9%81-%d8%a3%d8%ad%d9%85%d8%af-%d8%ae%d8%a7%d9%84%d8%af-%d8%aa%d9%88%d9%81%d9%8a%d9%82/,200,200,in stock,دار الكرمة
الآن بدأت حياتي,https://alkarmabooks.com/product/%d8%a7%d9%84%d8%a2%d9%86-%d8%a8%d8%af%d8%a3%d8%aa-%d8%ad%d9%8a%d8%a7%d8%aa%d9%8a-%d8%aa%d8%a3%d9%84%d9%8a%d9%81-%d8%b3%d9%88%d9%85%d8%b1-%d8%b4%d8%ad%d8%a7%d8%af%d8%a9/,190,190,in stock,دار الكرمة
نساء الكرنتينا,https://alkarmabooks.com/product/%d9%86%d8%b3%d8%a7%d8%a1-%d8%a7%d9%84%d9%83%d8%b1%d9%86%d8%aa%d9%8a%d9%86%d8%a7-%d8%aa%d8%a3%d9%84%d9%8a%d9%81-%d9%86%d8%a7%d8%a6%d9%84-%d8%a7%d9%84%d8%b7%d9%88%d8%ae%d9%8a/,300,300,in stock,دار الكرمة
أيام سليم الأول في مصر – جذور الإرهاب,https://alkarmabooks.com/product/%d8%a3%d9%8a%d8%a7%d9%85-%d8%b3%d9%84%d9%8a%d9%85-%d8%a7%d9%84%d8%a3%d9%88%d9%84-%d9%81%d9%8a-%d9%85%d8%b5%d8%b1-%d8%ac%d8%b0%d9%88%d8%b1-%d8%a7%d9%84%d8%a5%d8%b1%d9%87%d8%a7%d8%a8-%d8%aa%d8%a3/,100,100,in stock,دار الكرمة
شربة الحاج داود – مقالات عن العلم وشبه العلم,https://alkarmabooks.com/product/%d8%b4%d8%b1%d8%a8%d8%a9-%d8%a7%d9%84%d8%ad%d8%a7%d8%ac-%d8%af%d8%a7%d9%88%d8%af-%d9%85%d9%82%d8%a7%d9%84%d8%a7%d8%aa-%d8%b9%d9%86-%d8%a7%d9%84%d8%b9%d9%84%d9%85-%d9%88%d8%b4%d8%a8%d9%87-%d8%a7%d9%84/,150,150,in stock,دار الكرمة
الحكم العطائية,https://alkarmabooks.com/product/%d8%a7%d9%84%d8%ad%d9%83%d9%85-%d8%a7%d9%84%d8%b9%d8%b7%d8%a7%d8%a6%d9%8a%d8%a9-%d8%aa%d8%a3%d9%84%d9%8a%d9%81-%d8%a7%d8%a8%d9%86-%d8%b9%d8%b7%d8%a7%d8%a1-%d8%a7%d9%84%d9%84%d9%87-%d8%a7%d9%84%d8%b3/,120,120,in stock,دار الكرمة
الشطار,https://alkarmabooks.com/product/%d8%a7%d9%84%d8%b4%d8%b7%d8%a7%d8%b1-%d8%aa%d8%a3%d9%84%d9%8a%d9%81-%d8%ae%d9%8a%d8%b1%d9%8a-%d8%b4%d9%84%d8%a8%d9%8a/,420,420,in stock,دار الكرمة
طبائع الاستبداد ومصارع الاستعباد,https://alkarmabooks.com/product/%d8%b7%d8%a8%d8%a7%d8%a6%d8%b9-%d8%a7%d9%84%d8%a5%d8%b3%d8%aa%d8%a8%d8%af%d8%a7%d8%af-%d9%88%d9%85%d8%b5%d8%a7%d8%b1%d8%b9-%d8%a7%d9%84%d8%a5%d8%b3%d8%aa%d8%b9%d8%a8%d8%a7%d8%af-%d8%aa%d8%a3%d9%84/,110,110,in stock,دار الكرمة
أزمة تعلق – أنماط التعلق والعلاقات الحميمية,https://alkarmabooks.com/product/%d8%a3%d8%b2%d9%85%d8%a9-%d8%aa%d8%b9%d9%84%d9%82-%d8%a3%d9%86%d9%85%d8%a7%d8%b7-%d8%a7%d9%84%d8%aa%d8%b9%d9%84%d9%82-%d9%88%d8%a7%d9%84%d8%b9%d9%84%d8%a7%d9%82%d8%a7%d8%aa-%d8%a7%d9%84%d8%ad%d9%85/,270,270,in stock,دار الكرمة
الفن والخوف – ملاحظات حول مخاطر (ومكافآت) صنع الفن,https://alkarmabooks.com/product/%d8%a7%d9%84%d9%81%d9%86-%d9%88%d8%a7%d9%84%d8%ae%d9%88%d9%81-%d9%85%d9%84%d8%a7%d8%ad%d8%b8%d8%a7%d8%aa-%d8%ad%d9%88%d9%84-%d9%85%d8%ae%d8%a7%d8%b7%d8%b1-%d9%88%d9%85%d9%83%d8%a7%d9%81%d8%a2%d8%aa/,160,160,in stock,دار الكرمة
كتاب المقبرة,https://alkarmabooks.com/product/%d9%83%d8%aa%d8%a7%d8%a8-%d8%a7%d9%84%d9%85%d9%82%d8%a8%d8%b1%d8%a9-%d8%aa%d8%a3%d9%84%d9%8a%d9%81-%d9%86%d9%8a%d9%84-%d8%ac%d8%a7%d9%8a%d9%85%d8%a7%d9%86/,250,250,in stock,دار الكرمة
كما يليق بأب يحاول,https://alkarmabooks.com/product/%d9%83%d9%85%d8%a7-%d9%8a%d9%84%d9%8a%d9%82-%d8%a8%d8%a3%d8%a8-%d9%8a%d8%ad%d8%a7%d9%88%d9%84-%d8%aa%d8%a3%d9%84%d9%8a%d9%81-%d9%85%d8%b5%d8%b7%d9%81%d9%89-%d9%85%d9%86%d9%8a%d8%b1/,300,300,in stock,دار الكرمة
رجال وآلهة,https://alkarmabooks.com/product/%d8%b1%d8%ac%d8%a7%d9%84-%d9%88%d8%a2%d9%84%d9%87%d8%a9-%d8%aa%d8%a3%d9%84%d9%8a%d9%81-%d8%a5%d8%a8%d8%b1%d8%a7%d9%87%d9%8a%d9%85-%d8%a3%d8%ad%d9%85%d8%af-%d8%b9%d9%8a%d8%b3%d9%89/,240,240,in stock,دار الكرمة
النورس جوناثان ليفينجستون,https://alkarmabooks.com/product/%d8%a7%d9%84%d9%86%d9%88%d8%b1%d8%b3-%d8%ac%d9%88%d9%86%d8%a7%d8%ab%d8%a7%d9%86-%d9%84%d9%8a%d9%81%d9%8a%d9%86%d8%ac%d8%b3%d8%aa%d9%88%d9%86-%d8%aa%d8%a3%d9%84%d9%8a%d9%81-%d8%b1%d9%8a%d8%aa%d8%b4/,160,160,in stock,دار الكرمة
فن إدارة المقاهي,https://alkarmabooks.com/product/%d9%81%d9%86-%d8%a5%d8%af%d8%a7%d8%b1%d8%a9-%d8%a7%d9%84%d9%85%d9%82%d8%a7%d9%87%d9%8a-%d8%aa%d8%a3%d9%84%d9%8a%d9%81-%d9%83%d9%88%d9%84%d9%86-%d9%87%d8%a7%d8%b1%d9%85%d9%86/,220,220,in stock,دار الكرمة
مسيو إبراهيم وزهور القرآن,https://alkarmabooks.com/product/%d9%85%d8%b3%d9%8a%d9%88-%d8%a5%d8%a8%d8%b1%d8%a7%d9%87%d9%8a%d9%85-%d9%88%d8%b2%d9%87%d9%88%d8%b1-%d8%a7%d9%84%d9%82%d8%b1%d8%a2%d9%86-%d8%aa%d8%a3%d9%84%d9%8a%d9%81-%d8%a5%d8%b1%d9%8a%d9%83/,80,80,in stock,دار الكرمة
رجال ريا وسكينة – سيرة اجتماعية وسياسية,https://alkarmabooks.com/product/%d8%b1%d8%ac%d8%a7%d9%84-%d8%b1%d9%8a%d8%a7-%d9%88%d8%b3%d9%83%d9%8a%d9%86%d8%a9-%d8%b3%d9%8a%d8%b1%d8%a9-%d8%a7%d8%ac%d8%aa%d9%85%d8%a7%d8%b9%d9%8a%d8%a9-%d9%88%d8%b3%d9%8a%d8%a7%d8%b3%d9%8a%d8%a9/,900,900,in stock,دار الكرمة
منازل الأمس,https://alkarmabooks.com/product/%d9%85%d9%86%d8%a7%d8%b2%d9%84-%d8%a7%d9%84%d8%a3%d9%85%d8%b3-%d8%aa%d8%a3%d9%84%d9%8a%d9%81-%d8%b3%d9%88%d9%85%d8%b1-%d8%b4%d8%ad%d8%a7%d8%af%d8%a9/,220,220,in stock,دار الكرمة
المولود من ذي قبل,https://alkarmabooks.com/product/%d8%a7%d9%84%d9%85%d9%88%d9%84%d9%88%d8%af-%d9%85%d9%86-%d8%b0%d9%8a-%d9%82%d8%a8%d9%84-%d8%aa%d8%a3%d9%84%d9%8a%d9%81-%d8%ae%d9%88%d8%a7%d9%86-%d8%ae%d9%88%d8%b3%d9%8a%d9%87-%d8%b3%d8%a7%d9%8a%d8%b1/,200,200,in stock,دار الكرمة
هوامش المقريزي – حكايات من مصر,https://alkarmabooks.com/product/%d9%87%d9%88%d8%a7%d9%85%d8%b4-%d8%a7%d9%84%d9%85%d9%82%d8%b1%d9%8a%d8%b2%d9%8a-%d8%ad%d9%83%d8%a7%d9%8a%d8%a7%d8%aa-%d9%85%d9%86-%d9%85%d8%b5%d8%b1%d8%aa%d8%a3%d9%84%d9%8a%d9%81-%d8%b5%d9%84%d8%a7/,300,300,in stock,دار الكرمة
أبناء بالغون لوالدين غير ناضجين عاطفيًّا – التعافي من والدين متباعدين أو رافضين أو منغلقين على ذاتيهما,https://alkarmabooks.com/product/%d8%a3%d8%a8%d9%86%d8%a7%d8%a1-%d8%a8%d8%a7%d9%84%d8%ba%d9%88%d9%86-%d9%84%d9%88%d8%a7%d9%84%d8%af%d9%8a%d9%86-%d8%ba%d9%8a%d8%b1-%d9%86%d8%a7%d8%b6%d8%ac%d9%8a%d9%86-%d8%b9%d8%a7%d8%b7%d9%81%d9%8a/,290,290,in stock,دار الكرمة
أربطة,https://alkarmabooks.com/product/%d8%a3%d8%b1%d8%a8%d8%b7%d8%a9-%d8%aa%d8%a3%d9%84%d9%8a%d9%81-%d8%af%d9%88%d9%85%d9%8a%d9%86%d9%8a%d9%83%d9%88-%d8%b3%d8%aa%d8%a7%d8%b1%d9%86%d9%88%d9%86%d9%87/,250,250,in stock,دار الكرمة
أثر النبي – قصص قصيرة من وحي السيرة,https://alkarmabooks.com/product/%d8%a3%d8%ab%d8%b1-%d8%a7%d9%84%d9%86%d8%a8%d9%8a-%d9%82%d8%b5%d8%b5-%d9%82%d8%b5%d9%8a%d8%b1%d8%a9-%d9%85%d9%86-%d9%88%d8%ad%d9%8a-%d8%a7%d9%84%d8%b3%d9%8a%d8%b1%d8%a9%d8%aa%d8%a3%d9%84%d9%8a%d9%81/,120,120,in stock,دار الكرمة
المكتبة المتنقلة,https://alkarmabooks.com/product/%d8%a7%d9%84%d9%85%d9%83%d8%aa%d8%a8%d8%a9-%d8%a7%d9%84%d9%85%d8%aa%d9%86%d9%82%d9%84%d8%a9-%d8%aa%d8%a3%d9%84%d9%8a%d9%81-%d9%83%d8%b1%d9%8a%d8%b3%d8%aa%d9%88%d9%81%d8%b1-%d9%85%d9%88%d8%b1%d9%84/,240,240,in stock,دار الكرمة
ثلاثية,https://alkarmabooks.com/product/%d8%ab%d9%84%d8%a7%d8%ab%d9%8a%d8%a9-%d8%aa%d8%a3%d9%84%d9%8a%d9%81-%d9%8a%d9%88%d9%86-%d9%81%d9%88%d8%b3%d9%87/,200,200,in stock,دار الكرمة
محادثة ليلية,https://alkarmabooks.com/product/%d9%85%d8%ad%d8%a7%d8%af%d8%ab%d8%a9-%d9%84%d9%8a%d9%84%d9%8a%d8%a9-%d8%aa%d8%a3%d9%84%d9%8a%d9%81-%d8%b3%d8%a7%d8%b4%d8%a7-%d9%86%d8%a7%d8%b3%d8%a8%d9%8a%d9%86%d9%8a/,200,200,in stock,دار الكرمة
أفراح المقبرة,https://alkarmabooks.com/product/%d8%a3%d9%81%d8%b1%d8%a7%d8%ad-%d8%a7%d9%84%d9%85%d9%82%d8%a8%d8%b1%d8%a9-%d8%aa%d8%a3%d9%84%d9%8a%d9%81-%d8%a3%d8%ad%d9%85%d8%af-%d8%ae%d8%a7%d9%84%d8%af-%d8%aa%d9%88%d9%81%d9%8a%d9%82/,200,200,in stock,دار الكرمة
بنو الأزرق – ثلاثية تلال الشمس – الجزء الثاني,https://alkarmabooks.com/product/%d8%a8%d9%86%d9%88-%d8%a7%d9%84%d8%a3%d8%b2%d8%b1%d9%82-%d8%ab%d9%84%d8%a7%d8%ab%d9%8a%d8%a9-%d8%aa%d9%84%d8%a7%d9%84-%d8%a7%d9%84%d8%b4%d9%85%d8%b3-%d8%a7%d9%84%d8%ac%d8%b2%d8%a1-%d8%a7%d9%84/,220,220,in stock,دار الكرمة
الأمير,https://alkarmabooks.com/product/%d8%a7%d9%84%d8%a3%d9%85%d9%8a%d8%b1-%d8%aa%d8%a3%d9%84%d9%8a%d9%81-%d9%86%d9%8a%d9%82%d9%88%d9%84%d8%a7-%d9%85%d8%a7%d9%83%d9%8a%d8%a7%d9%81%d9%8a%d9%84%d9%8a/,140,140,in stock,دار الكرمة
رحلات الطرشجي الحلوجي,https://alkarmabooks.com/product/%d8%b1%d8%ad%d9%84%d8%a7%d8%aa-%d8%a7%d9%84%d8%b7%d8%b1%d8%b4%d8%ac%d9%8a-%d8%a7%d9%84%d8%ad%d9%84%d9%88%d8%ac%d9%8a-%d8%aa%d8%a3%d9%84%d9%8a%d9%81-%d8%ae%d9%8a%d8%b1%d9%8a-%d8%b4%d9%84%d8%a8%d9%8a/,300,300,in stock,دار الكرمة
قوة الآن – الدليل إلى التنوير الروحي,https://alkarmabooks.com/product/%d9%82%d9%88%d8%a9-%d8%a7%d9%84%d8%a2%d9%86-%d8%a7%d9%84%d8%af%d9%84%d9%8a%d9%84-%d8%a5%d9%84%d9%89-%d8%a7%d9%84%d8%aa%d9%86%d9%88%d9%8a%d8%b1-%d8%a7%d9%84%d8%b1%d9%88%d8%ad%d9%8a-%d8%b7%d8%a8/,280,280,in stock,دار الكرمة
لن نقدم القهوة لسبينوزا,https://alkarmabooks.com/product/%d9%84%d9%86-%d9%86%d9%82%d8%af%d9%85-%d8%a7%d9%84%d9%82%d9%87%d9%88%d8%a9-%d9%84%d8%b3%d8%a8%d9%8a%d9%86%d9%88%d8%b2%d8%a7-%d8%aa%d8%a3%d9%84%d9%8a%d9%81-%d8%a2%d9%84%d9%8a%d8%aa%d8%b4%d9%87-%d9%83/,280,280,in stock,دار الكرمة
أخبار الظراف والمتماجنين,https://alkarmabooks.com/product/%d8%a3%d8%ae%d8%a8%d8%a7%d8%b1-%d8%a7%d9%84%d8%b8%d8%b1%d8%a7%d9%81-%d9%88%d8%a7%d9%84%d9%85%d8%aa%d9%85%d8%a7%d8%ac%d9%86%d9%8a%d9%86%d8%aa%d8%a3%d9%84%d9%8a%d9%81-%d8%a3%d8%a8%d9%88-%d8%a7%d9%84/,140,140,in stock,دار الكرمة
ألبومات عمر طاهر الساخرة,https://alkarmabooks.com/product/%d8%a3%d9%84%d8%a8%d9%88%d9%85%d8%a7%d8%aa-%d8%b9%d9%85%d8%b1-%d8%b7%d8%a7%d9%87%d8%b1-%d8%a7%d9%84%d8%b3%d8%a7%d8%ae%d8%b1%d8%a9-%d8%aa%d8%a3%d9%84%d9%8a%d9%81-%d8%b9%d9%85%d8%b1-%d8%b7%d8%a7%d9%87/,240,240,in stock,دار الكرمة
رصاصة في الرأس,https://alkarmabooks.com/product/%d8%b1%d8%b5%d8%a7%d8%b5%d8%a9-%d9%81%d9%8a-%d8%a7%d9%84%d8%b1%d8%a3%d8%b3-%d8%aa%d8%a3%d9%84%d9%8a%d9%81-%d8%a5%d8%a8%d8%b1%d8%a7%d9%87%d9%8a%d9%85-%d8%b9%d9%8a%d8%b3%d9%89/,300,300,in stock,دار الكرمة
الغزالي,https://alkarmabooks.com/product/%d8%a7%d9%84%d8%ba%d8%b2%d8%a7%d9%84%d9%8a-%d8%aa%d8%a3%d9%84%d9%8a%d9%81%d8%b7%d9%87-%d8%b9%d8%a8%d8%af-%d8%a7%d9%84%d8%a8%d8%a7%d9%82%d9%8a-%d8%b3%d8%b1%d9%88%d8%b1/,100,100,in stock,دار الكرمة
كل الشهور يوليو,https://alkarmabooks.com/product/%d9%83%d9%84-%d8%a7%d9%84%d8%b4%d9%87%d9%88%d8%b1-%d9%8a%d9%88%d9%84%d9%8a%d9%88-%d8%aa%d8%a3%d9%84%d9%8a%d9%81-%d8%a5%d8%a8%d8%b1%d8%a7%d9%87%d9%8a%d9%85-%d8%b9%d9%8a%d8%b3%d9%89/,420,420,in stock,دار الكرمة
الأمير الصغير,https://alkarmabooks.com/product/%d8%a7%d9%84%d8%a3%d9%85%d9%8a%d8%b1-%d8%a7%d9%84%d8%b5%d8%ba%d9%8a%d8%b1-%d8%aa%d8%a3%d9%84%d9%8a%d9%81-%d8%a3%d9%86%d8%b7%d9%88%d8%a7%d9%86-%d8%af%d9%88-%d8%b3%d8%a7%d9%86%d8%aa-%d8%a7%d9%83%d8%b2/,180,180,in stock,دار الكرمة
عندما تحب النساء أكثر مما ينبغي – أن تعيشي في انتظار أن يتغير روبين نورود,https://alkarmabooks.com/product/%d8%b9%d9%86%d8%af%d9%85%d8%a7-%d8%aa%d8%ad%d8%a8-%d8%a7%d9%84%d9%86%d8%b3%d8%a7%d8%a1-%d8%a3%d9%83%d8%ab%d8%b1-%d9%85%d9%85%d8%a7-%d9%8a%d9%86%d8%a8%d8%ba%d9%8a-%d8%a3%d9%86-%d8%aa%d8%b9%d9%8a%d8%b4/,280,280,in stock,دار الكرمة
آداب النفوس,https://alkarmabooks.com/product/%d8%a2%d8%af%d8%a7%d8%a8-%d8%a7%d9%84%d9%86%d9%81%d9%88%d8%b3-%d8%aa%d8%a3%d9%84%d9%8a%d9%81-%d8%a7%d9%84%d8%ad%d8%a7%d8%b1%d8%ab-%d8%a8%d9%86-%d8%a3%d8%b3%d8%af-%d8%a7%d9%84%d9%85%d8%ad%d8%a7%d8%b3/,120,120,in stock,دار الكرمة
شفرة العلاقات العاطفية – خلاصة أهم كتب الارتباط والزواج الناجح,https://alkarmabooks.com/product/%d8%b4%d9%81%d8%b1%d8%a9-%d8%a7%d9%84%d8%b9%d9%84%d8%a7%d9%82%d8%a7%d8%aa-%d8%a7%d9%84%d8%b9%d8%a7%d8%b7%d9%81%d9%8a%d8%a9-%d8%ae%d9%84%d8%a7%d8%b5%d8%a9-%d8%a3%d9%87%d9%85-%d9%83%d8%aa%d8%a8-%d8%a7/,210,210,in stock,دار الكرمة
الحكاية وما فيها – السرد: مبادئ وأسرار وتمارين,https://alkarmabooks.com/product/%d8%a7%d9%84%d8%ad%d9%83%d8%a7%d9%8a%d8%a9-%d9%88%d9%85%d8%a7-%d9%81%d9%8a%d9%87%d8%a7-%d8%a7%d9%84%d8%b3%d8%b1%d8%af-%d9%85%d8%a8%d8%a7%d8%af%d8%a6-%d9%88%d8%a3%d8%b3%d8%b1%d8%a7%d8%b1-%d9%88/,225,225,in stock,دار الكرمة
كونداليني,https://alkarmabooks.com/product/%d9%83%d9%88%d9%86%d8%af%d8%a7%d9%84%d9%8a%d9%86%d9%8a-%d8%aa%d8%a3%d9%84%d9%8a%d9%81-%d9%85%d9%8a%d8%b1%d9%86%d8%a7-%d8%a7%d9%84%d9%87%d9%84%d8%a8%d8%a7%d9%88%d9%8a/,140,140,in stock,دار الكرمة
رباعيات الخيام,https://alkarmabooks.com/product/%d8%b1%d8%a8%d8%a7%d8%b9%d9%8a%d8%a7%d8%aa-%d8%a7%d9%84%d8%ae%d9%8a%d8%a7%d9%85%d8%aa%d8%a3%d9%84%d9%8a%d9%81-%d8%b9%d9%85%d8%b1-%d8%a7%d9%84%d8%ae%d9%8a%d8%a7%d9%85/,120,120,in stock,دار الكرمة
بندقية صيد,https://alkarmabooks.com/product/%d8%a8%d9%86%d8%af%d9%82%d9%8a%d8%a9-%d8%b5%d9%8a%d8%af-%d8%aa%d8%a3%d9%84%d9%8a%d9%81-%d9%8a%d8%a7%d8%b3%d9%88%d8%b4%d9%8a-%d8%a5%d9%8a%d9%86%d9%88%d9%8a%d9%87/,120,120,in stock,دار الكرمة
روبنسون كروزو المسلم – سيرة فرناو لوبيز العجيبة,https://alkarmabooks.com/product/%d8%b1%d9%88%d8%a8%d9%86%d8%b3%d9%88%d9%86-%d9%83%d8%b1%d9%88%d8%b2%d9%88-%d8%a7%d9%84%d9%85%d8%b3%d9%84%d9%85-%d8%b3%d9%8a%d8%b1%d8%a9-%d9%81%d8%b1%d9%86%d8%a7%d9%88-%d9%84%d9%88%d8%a8%d9%8a%d8%b2/,280,280,in stock,دار الكرمة
صانع الظلام – الطبعة الكاملة,https://alkarmabooks.com/product/%d8%b5%d8%a7%d9%86%d8%b9-%d8%a7%d9%84%d8%b8%d9%84%d8%a7%d9%85-%d8%a7%d9%84%d8%b7%d8%a8%d8%b9%d8%a9-%d8%a7%d9%84%d9%83%d8%a7%d9%85%d9%84%d8%a9/,450,450,in stock,دار الكرمة
بيع نفس بشرية – أربع قصص ليست قصيرة,https://alkarmabooks.com/product/%d8%a8%d9%8a%d8%b9-%d9%86%d9%81%d8%b3-%d8%a8%d8%b4%d8%b1%d9%8a%d8%a9-%d8%a3%d8%b1%d8%a8%d8%b9-%d9%82%d8%b5%d8%b5-%d9%84%d9%8a%d8%b3%d8%aa-%d9%82%d8%b5%d9%8a%d8%b1%d8%a9-%d8%aa%d8%a3%d9%84%d9%8a%d9%81/,200,200,in stock,دار الكرمة
الشر – رؤية فلسفية,https://alkarmabooks.com/product/%d8%a7%d9%84%d8%b4%d8%b1-%d8%b1%d8%a4%d9%8a%d8%a9-%d9%81%d9%84%d8%b3%d9%81%d9%8a%d8%a9-%d8%aa%d8%a3%d9%84%d9%8a%d9%81-%d9%84%d9%88%d9%83-%d8%b1%d8%a7%d8%b3%d9%84/,150,150,in stock,دار الكرمة
اشقاء الزورق الواحد,https://diwanegypt.com/product/%d8%a7%d8%b4%d9%82%d8%a7%d8%a1-%d8%a7%d9%84%d8%b2%d9%88%d8%b1%d9%82-%d8%a7%d9%84%d9%88%d8%a7%d8%ad%d8%af/,215,,In stock,دار ديوان
أسوار عين توران,https://diwanegypt.com/product/%d8%a3%d8%b3%d9%88%d8%a7%d8%b1-%d8%b9%d9%8a%d9%86-%d8%aa%d9%88%d8%b1%d8%a7%d9%86/,250,,In stock,دار ديوان
أنا مكان,https://diwanegypt.com/product/%d8%a3%d9%86%d8%a7-%d9%85%d9%83%d8%a7%d9%86/,230,,In stock,دار ديوان
فوات الأوان,https://diwanegypt.com/product/%d9%81%d9%88%d8%a7%d8%aa-%d8%a7%d9%84%d8%a3%d9%88%d8%a7%d9%86/,200,,In stock,دار ديوان
يوم قام سقراط,https://diwanegypt.com/product/%d9%8a%d9%88%d9%85-%d9%82%d8%a7%d9%85-%d8%b3%d9%82%d8%b1%d8%a7%d8%b7/,175,,In stock,دار ديوان
ولد و أربع بنات,https://diwanegypt.com/product/%d9%88%d9%84%d8%af-%d9%88-%d8%a3%d8%b1%d8%a8%d8%b9-%d8%a8%d9%86%d8%a7%d8%aa/,290,,In stock,دار ديوان
كتاب تلوين حروف وحيوانات ( من الألف إلى الياء),https://diwanegypt.com/product/%d9%83%d8%aa%d8%a7%d8%a8-%d8%aa%d9%84%d9%88%d9%8a%d9%86-%d8%ad%d8%b1%d9%88%d9%81-%d9%88%d8%ad%d9%8a%d9%88%d8%a7%d9%86%d8%a7%d8%aa-%d9%85%d9%86-%d8%a7%d9%84%d8%a3%d9%84%d9%81-%d8%a5%d9%84%d9%89/,150,,In stock,دار ديوان
بين أبو الريش وجنينة ناميش,https://diwanegypt.com/product/%d8%a8%d9%8a%d9%86-%d8%a3%d8%a8%d9%88-%d8%a7%d9%84%d8%b1%d9%8a%d8%b4-%d9%88%d8%ac%d9%86%d9%8a%d9%86%d8%a9-%d9%86%d8%a7%d9%85%d9%8a%d8%b4/,175,,In stock,دار ديوان
أعمى في المنفى,https://diwanegypt.com/product/%d8%a3%d8%b9%d9%85%d9%89-%d9%81%d9%8a-%d8%a7%d9%84%d9%85%d9%86%d9%81%d9%89/,550,,In stock,دار ديوان
محكمة الوحي الإلهي,https://diwanegypt.com/product/%d9%85%d8%ad%d9%83%d9%85%d8%a9-%d8%a7%d9%84%d9%88%d8%ad%d9%8a-%d8%a7%d9%84%d8%a5%d9%84%d9%87%d9%8a/,150,,In stock,دار ديوان
وادي التيه,https://diwanegypt.com/product/%d9%88%d8%a7%d8%af%d9%8a-%d8%a7%d9%84%d8%aa%d9%8a%d9%87/,250,,In stock,دار ديوان
عالم صوفي – رواية حول تاريخ الفلسفة,https://diwanegypt.com/product/%d8%b9%d8%a7%d9%84%d9%85-%d8%b5%d9%88%d9%81%d9%8a-%d8%b1%d9%88%d8%a7%d9%8a%d8%a9-%d8%ad%d9%88%d9%84-%d8%aa%d8%a7%d8%b1%d9%8a%d8%ae-%d8%a7%d9%84%d9%81%d9%84%d8%b3%d9%81%d8%a9/,800,,In stock,دار ديوان
تمرد,https://diwanegypt.com/product/%d8%aa%d9%85%d8%b1%d8%af/,350,,In stock,دار ديوان
يحرسني غيابك,https://diwanegypt.com/product/%d9%8a%d8%ad%d8%b1%d8%b3%d9%86%d9%8a-%d8%ba%d9%8a%d8%a7%d8%a8%d9%83/,250,,In stock,دار ديوان
ياسمين قشطة,https://diwanegypt.com/product/%d9%8a%d8%a7%d8%b3%d9%85%d9%8a%d9%86-%d9%82%d8%b4%d8%b7%d8%a9/,200,,In stock,دار ديوان
حيطان ورق,https://diwanegypt.com/product/%d8%ad%d9%8a%d8%b7%d8%a7%d9%86-%d9%88%d8%b1%d9%82/,175,,In stock,دار ديوان
إنت فاكر نفسك مين ؟,https://diwanegypt.com/product/%d8%a5%d9%86%d8%aa-%d9%81%d8%a7%d9%83%d8%b1-%d9%86%d9%81%d8%b3%d9%83-%d9%85%d9%8a%d9%86-%d8%9f/,200,,In stock,دار ديوان
44 أصوان: مدينة أسوان في جيل العقاد,https://diwanegypt.com/product/44-%d8%a3%d8%b5%d9%88%d8%a7%d9%86-%d9%85%d8%af%d9%8a%d9%86%d8%a9-%d8%a3%d8%b3%d9%88%d8%a7%d9%86-%d9%81%d9%8a-%d8%ac%d9%8a%d9%84-%d8%a7%d9%84%d8%b9%d9%82%d8%a7%d8%af/,320,,In stock,دار ديوان
نبض جنين,https://diwanegypt.com/product/%d9%86%d8%a8%d8%b6-%d8%ac%d9%86%d9%8a%d9%86/,210,,In stock,دار ديوان
برج حفل الأزبكية,https://diwanegypt.com/product/%d8%a8%d8%b1%d8%ac-%d8%ad%d9%81%d9%84-%d8%a7%d9%84%d8%a3%d8%b2%d8%a8%d9%83%d9%8a%d8%a9/,175,,In stock,دار ديوان
ذلك هو البعد,https://diwanegypt.com/product/%d8%b0%d9%84%d9%83-%d9%87%d9%88-%d8%a7%d9%84%d8%a8%d8%b9%d8%af/,175,,In stock,دار ديوان
ألوان,https://diwanegypt.com/product/%d8%a3%d9%84%d9%88%d8%a7%d9%86/,350,,In stock,دار ديوان
مشاهد من الخليج إلى المحيط,https://diwanegypt.com/product/%d9%85%d8%b4%d8%a7%d9%87%d8%af-%d9%85%d9%86-%d8%a7%d9%84%d8%ae%d9%84%d9%8a%d8%ac-%d8%a5%d9%84%d9%89-%d8%a7%d9%84%d9%85%d8%ad%d9%8a%d8%b7/,180,,In stock,دار ديوان
أزياء من الخليج إلى المحيط,https://diwanegypt.com/product/%d8%a3%d8%b2%d9%8a%d8%a7%d8%a1-%d9%85%d9%86-%d8%a7%d9%84%d8%ae%d9%84%d9%8a%d8%ac-%d8%a5%d9%84%d9%89-%d8%a7%d9%84%d9%85%d8%ad%d9%8a%d8%b7/,150,,In stock,دار ديوان
أوراق العاطل ولفافات المنيا,https://diwanegypt.com/product/%d8%a3%d9%88%d8%b1%d8%a7%d9%82-%d8%a7%d9%84%d8%b9%d8%a7%d8%b7%d9%84-%d9%88%d9%84%d9%81%d8%a7%d9%81%d8%a7%d8%aa-%d8%a7%d9%84%d9%85%d9%86%d9%8a%d8%a7/,200,,In stock,دار ديوان
مسامرات الشعب,https://diwanegypt.com/product/%d9%85%d8%b3%d8%a7%d9%85%d8%b1%d8%a7%d8%aa-%d8%a7%d9%84%d8%b4%d8%b9%d8%a8/,300,,In stock,دار ديوان
نادية ( الجزء 1/2 ),https://diwanegypt.com/product/%d9%86%d8%a7%d8%af%d9%8a%d8%a9-%d8%a7%d9%84%d8%ac%d8%b2%d8%a1-1-2/,600,,In stock,دار ديوان
نجيب محفوظ: الأصل والصورة (حجم صغير),https://diwanegypt.com/product/%d9%86%d8%ac%d9%8a%d8%a8-%d9%85%d8%ad%d9%81%d9%88%d8%b8-%d8%a7%d9%84%d8%a3%d8%b5%d9%84-%d9%88%d8%a7%d9%84%d8%b5%d9%88%d8%b1%d8%a9-%d8%ad%d8%ac%d9%85-%d8%b5%d8%ba%d9%8a%d8%b1/,600,,In stock,دار ديوان
فلسطين بين مخالب الاستعمار,https://diwanegypt.com/product/%d9%81%d9%84%d8%b3%d8%b7%d9%8a%d9%86-%d8%a8%d9%8a%d9%86-%d9%85%d8%ae%d8%a7%d9%84%d8%a8-%d8%a7%d9%84%d8%a7%d8%b3%d8%aa%d8%b9%d9%85%d8%a7%d8%b1/,175,,In stock,دار ديوان
وحوش صغيرة,https://diwanegypt.com/product/%d9%88%d8%ad%d9%88%d8%b4-%d8%b5%d8%ba%d9%8a%d8%b1%d8%a9/,175,,In stock,دار ديوان
أن تتذكر المستقبل,https://diwanegypt.com/product/%d8%a3%d9%86-%d8%aa%d8%aa%d8%b0%d9%83%d8%b1-%d8%a7%d9%84%d9%85%d8%b3%d8%aa%d9%82%d8%a8%d9%84/,250,,In stock,دار ديوان
طريق العودة,https://diwanegypt.com/product/%d8%b7%d8%b1%d9%8a%d9%82-%d8%a7%d9%84%d8%b9%d9%88%d8%af%d8%a9/,350,,In stock,دار ديوان
التفكير الروائي,https://diwanegypt.com/product/%d8%a7%d9%84%d8%aa%d9%81%d9%83%d9%8a%d8%b1-%d8%a7%d9%84%d8%b1%d9%88%d8%a7%d8%a6%d9%8a/,150,,In stock,دار ديوان
العروس,https://diwanegypt.com/product/%d8%a7%d9%84%d8%b9%d8%b1%d9%88%d8%b3/,250,,In stock,دار ديوان
الرسام الإنكليزي: حكاية جدارية البراديا وطبرق,https://diwanegypt.com/product/%d8%a7%d9%84%d8%b1%d8%b3%d8%a7%d9%85-%d8%a7%d9%84%d8%a7%d9%86%d9%83%d9%84%d9%8a%d8%b2%d9%8a-%d8%ad%d9%83%d8%a7%d9%8a%d8%a9-%d8%ac%d8%af%d8%a7%d8%b1%d9%8a%d8%a9-%d8%a7%d9%84%d8%a8%d8%b1%d8%a7%d8%af/,450,,In stock,دار ديوان
فنان الوسائط المتعددة سامح الطويل,https://diwanegypt.com/product/%d9%81%d9%86%d8%a7%d9%86-%d8%a7%d9%84%d9%88%d8%b3%d8%a7%d8%a6%d8%b7-%d8%a7%d9%84%d9%85%d8%aa%d8%b9%d8%af%d8%af%d8%a9-%d8%b3%d8%a7%d9%85%d8%ad-%d8%a7%d9%84%d8%b7%d9%88%d9%8a%d9%84/,490,,In stock,دار ديوان
يوميات عاطل على سفر,https://diwanegypt.com/product/%d9%8a%d9%88%d9%85%d9%8a%d8%a7%d8%aa-%d8%b9%d8%a7%d8%b7%d9%84-%d8%b9%d9%84%d9%89-%d8%b3%d9%81%d8%b1/,230,,In stock,دار ديوان
كتب العاطل العشرة,https://diwanegypt.com/product/%d9%83%d8%aa%d8%a8-%d8%a7%d9%84%d8%b9%d8%a7%d8%b7%d9%84-%d8%a7%d9%84%d8%b9%d8%b4%d8%b1%d8%a9/,230,,In stock,دار ديوان
آشا الجعران والقمر,https://diwanegypt.com/product/%d8%a2%d8%b4%d8%a7-%d8%a7%d9%84%d8%ac%d8%b9%d8%b1%d8%a7%d9%86-%d9%88%d8%a7%d9%84%d9%82%d9%85%d8%b1/,150,,In stock,دار ديوان
بارتلبي النساخ,https://diwanegypt.com/product/%d8%a8%d8%a7%d8%b1%d8%aa%d9%84%d8%a8%d9%8a-%d8%a7%d9%84%d9%86%d8%b3%d8%a7%d8%ae/,175,,In stock,دار ديوان
مع النساء ضد الحب,https://diwanegypt.com/product/%d9%85%d8%b9-%d8%a7%d9%84%d9%86%d8%b3%d8%a7%d8%a1-%d8%b6%d8%af-%d8%a7%d9%84%d8%ad%d8%a8/,250,,In stock,دار ديوان
ستالين سيرة سياسية,https://diwanegypt.com/product/%d8%b3%d8%aa%d8%a7%d9%84%d9%8a%d9%86-%d8%b3%d9%8a%d8%b1%d8%a9-%d8%b3%d9%8a%d8%a7%d8%b3%d9%8a%d8%a9/,800,,In stock,دار ديوان
مع المتنبي,https://diwanegypt.com/product/%d9%85%d8%b9-%d8%a7%d9%84%d9%85%d8%aa%d9%86%d8%a8%d9%8a/,370,,In stock,دار ديوان
نحن لا نزرع الشوك 2/1,https://diwanegypt.com/product/%d9%86%d8%ad%d9%86-%d9%84%d8%a7-%d9%86%d8%b2%d8%b1%d8%b9-%d8%a7%d9%84%d8%b4%d9%88%d9%83-%d8%ac2/,600,,In stock,دار ديوان
بنت عطشة,https://diwanegypt.com/product/%d8%a8%d9%86%d8%aa-%d8%b9%d8%b7%d8%b4%d8%a9/,150,,In stock,دار ديوان
معجم الحواس الناقصة,https://diwanegypt.com/product/%d9%85%d8%b9%d8%ac%d9%85-%d8%a7%d9%84%d8%ad%d9%88%d8%a7%d8%b3-%d8%a7%d9%84%d9%86%d8%a7%d9%82%d8%b5%d8%a9/,200,,In stock,دار ديوان
شجرة البؤس,https://diwanegypt.com/product/%d8%b4%d8%ac%d8%b1%d8%a9-%d8%a7%d9%84%d8%a8%d8%a4%d8%b3-3/,250,,In stock,دار ديوان
آشا: يوم وصول الرجل الأحمر,https://diwanegypt.com/product/%d8%a2%d8%b4%d8%a7-%d9%8a%d9%88%d9%85-%d9%88%d8%b5%d9%88%d9%84-%d8%a7%d9%84%d8%b1%d8%ac%d9%84-%d8%a7%d9%84%d8%a3%d8%ad%d9%85%d8%b1/,150,,In stock,دار ديوان
الماركسية والإسلام,https://diwanegypt.com/product/%d8%a7%d9%84%d9%85%d8%a7%d8%b1%d9%83%d8%b3%d9%8a%d8%a9-%d9%88%d8%a7%d9%84%d8%a5%d8%b3%d9%84%d8%a7%d9%85/,165,,In stock,دار ديوان
نساء آل تيودور,https://diwanegypt.com/product/%d9%86%d8%b3%d8%a7%d8%a1-%d8%a2%d9%84-%d8%aa%d9%8a%d9%88%d8%af%d9%88%d8%b1/,300,,In stock,دار ديوان
اسمي وردة,https://diwanegypt.com/product/%d8%a7%d8%b3%d9%85%d9%8a-%d9%88%d8%b1%d8%af%d8%a9/,350,,In stock,دار ديوان
أثر يقود إليك,https://diwanegypt.com/product/%d8%a3%d8%ab%d8%b1-%d9%8a%d9%82%d9%88%d8%af-%d8%a5%d9%84%d9%8a%d9%83/,200,,In stock,دار ديوان
ثلاثية أنجمينا,https://diwanegypt.com/product/%d8%ab%d9%84%d8%a7%d8%ab%d9%8a%d8%a9-%d8%a3%d9%86%d8%ac%d9%85%d9%8a%d9%86%d8%a7/,250,,In stock,دار ديوان
أم رتيبة,https://diwanegypt.com/product/%d8%a3%d9%85-%d8%b1%d8%aa%d9%8a%d8%a8%d8%a9/,200,,In stock,دار ديوان
ساعات الأسر,https://diwanegypt.com/product/%d8%b3%d8%a7%d8%b9%d8%a7%d8%aa-%d8%a7%d9%84%d8%a3%d8%b3%d8%b1/,175,,In stock,دار ديوان
ذات في بطن الذئب,https://diwanegypt.com/product/%d8%b0%d8%a7%d8%aa-%d9%81%d9%8a-%d8%a8%d8%b7%d9%86-%d8%a7%d9%84%d8%b0%d8%a6%d8%a8/,200,,In stock,دار ديوان
قانون تتبع الموتى,https://diwanegypt.com/product/%d9%82%d8%a7%d9%86%d9%88%d9%86-%d8%aa%d8%aa%d8%a8%d8%b9-%d8%a7%d9%84%d9%85%d9%88%d8%aa%d9%89/,230,,In stock,دار ديوان
أم كلثوم- كتاب تلوين,https://diwanegypt.com/product/%d8%a3%d9%85-%d9%83%d9%84%d8%ab%d9%88%d9%85-%d9%83%d8%aa%d8%a7%d8%a8-%d8%aa%d9%84%d9%88%d9%8a%d9%86/,120,,In stock,دار ديوان
رد قلبي 2/1,https://diwanegypt.com/product/%d8%b1%d8%af-%d9%82%d9%84%d8%a8%d9%8a-%d8%ac1/,600,,In stock,دار ديوان
فكر العصبة,https://diwanegypt.com/product/%d9%81%d9%83%d8%b1-%d8%a7%d9%84%d8%b9%d8%b5%d8%a8%d8%a9/,600,,In stock,دار ديوان
القاهرة – نيويورك,https://diwanegypt.com/product/%d8%a7%d9%84%d9%82%d8%a7%d9%87%d8%b1%d8%a9-%d9%86%d9%8a%d9%88%d9%8a%d9%88%d8%b1%d9%83/,200,,In stock,دار ديوان
ظلال قصيرة,https://diwanegypt.com/product/%d8%b8%d9%84%d8%a7%d9%84-%d9%82%d8%b5%d9%8a%d8%b1%d8%a9/,400,,In stock,دار ديوان
المسيخ الدجال,https://diwanegypt.com/product/%d8%a7%d9%84%d9%85%d8%b3%d9%8a%d8%ae-%d8%a7%d9%84%d8%af%d8%ac%d8%a7%d9%84/,165,,In stock,دار ديوان
في الشعر الجاهلي,https://diwanegypt.com/product/%d9%81%d9%8a-%d8%a7%d9%84%d8%b4%d8%b9%d8%b1-%d8%a7%d9%84%d8%ac%d8%a7%d9%87%d9%84%d9%8a/,250,,In stock,دار ديوان
كنيستنا القبطية.. إلى أين؟,https://diwanegypt.com/product/%d9%83%d9%86%d9%8a%d8%b3%d8%aa%d9%86%d8%a7-%d8%a7%d9%84%d9%82%d8%a8%d8%b7%d9%8a%d8%a9-%d8%a5%d9%84%d9%89-%d8%a3%d9%8a%d9%86%d8%9f/,250,,In stock,دار ديوان
عظماء الدنيا وعظماء الآخرة,https://diwanegypt.com/product/%d8%b9%d8%b8%d9%85%d8%a7%d8%a1-%d8%a7%d9%84%d8%af%d9%86%d9%8a%d8%a7-%d9%88%d8%b9%d8%b8%d9%85%d8%a7%d8%a1-%d8%a7%d9%84%d8%a2%d8%ae%d8%b1%d8%a9/,200,,In stock,دار ديوان
مذكرات تحية حليم – السيرة المخفية,https://diwanegypt.com/product/%d9%85%d8%b0%d9%83%d8%b1%d8%a7%d8%aa-%d8%aa%d8%ad%d9%8a%d8%a9-%d8%ad%d9%84%d9%8a%d9%85-%d8%a7%d9%84%d8%b3%d9%8a%d8%b1%d8%a9-%d8%a7%d9%84%d9%85%d8%ae%d9%81%d9%8a%d8%a9/,450,,In stock,دار ديوان
زيارة متأخرة لجنينة الحيوانات,https://diwanegypt.com/product/%d8%b2%d9%8a%d8%a7%d8%b1%d8%a9-%d9%85%d8%aa%d8%a3%d8%ae%d8%b1%d8%a9-%d9%84%d8%ac%d9%86%d9%8a%d9%86%d8%a9-%d8%a7%d9%84%d8%ad%d9%8a%d9%88%d8%a7%d9%86%d8%a7%d8%aa/,185,,In stock,دار ديوان
صباح الورد,https://diwanegypt.com/product/%d8%b5%d8%a8%d8%a7%d8%ad-%d8%a7%d9%84%d9%88%d8%b1%d8%af/,230,,In stock,دار ديوان
سيزيرين,https://diwanegypt.com/product/%d8%b3%d9%8a%d8%b2%d9%8a%d8%b1%d9%8a%d9%86/,370,,In stock,دار ديوان
ابنتي حبيبتي,https://diwanegypt.com/product/%d8%a7%d8%a8%d9%86%d8%aa%d9%8a-%d8%ad%d8%a8%d9%8a%d8%a8%d8%aa%d9%8a/,175,,In stock,دار ديوان
إني راحلة,https://diwanegypt.com/product/%d8%a5%d9%86%d9%8a-%d8%b1%d8%a7%d8%ad%d9%84%d8%a9/,350,,In stock,دار ديوان
الليلة الكبيرة,https://diwanegypt.com/product/%d8%a7%d9%84%d9%84%d9%8a%d9%84%d8%a9-%d8%a7%d9%84%d9%83%d8%a8%d9%8a%d8%b1%d8%a9/,210,,In stock,دار ديوان
مستقبل الثقافة في مصر,https://diwanegypt.com/product/%d9%85%d8%b3%d8%aa%d9%82%d8%a8%d9%84-%d8%a7%d9%84%d8%ab%d9%82%d8%a7%d9%81%d8%a9-%d9%81%d9%8a-%d9%85%d8%b5%d8%b1/,320,,In stock,دار ديوان
الإسلام ما هو؟,https://diwanegypt.com/product/%d8%a7%d9%84%d8%a5%d8%b3%d9%84%d8%a7%d9%85-%d9%85%d8%a7-%d9%87%d9%88%d8%9f/,200,,In stock,دار ديوان
الطريق لكاتب لا يهاب,https://diwanegypt.com/product/%d8%a7%d9%84%d8%b7%d8%b1%d9%8a%d9%82-%d9%84%d9%83%d8%a7%d8%aa%d8%a8-%d9%84%d8%a7-%d9%8a%d9%87%d8%a7%d8%a8/,390,,In stock,دار ديوان
مع أبي العلاء في سجنه,https://diwanegypt.com/product/%d9%85%d8%b9-%d8%a3%d8%a8%d9%8a-%d8%a7%d9%84%d8%b9%d9%84%d8%a7%d8%a1-%d9%81%d9%8a-%d8%b3%d8%ac%d9%86%d9%87/,250,,In stock,دار ديوان
نجيب محفوظ: الأصل والصورة (طبعة خاصة),https://diwanegypt.com/product/%d9%86%d8%ac%d9%8a%d8%a8-%d9%85%d8%ad%d9%81%d9%88%d8%b8-%d8%a7%d9%84%d8%a3%d8%b5%d9%84-%d9%88%d8%a7%d9%84%d8%b5%d9%88%d8%b1%d8%a9-%d8%b7%d8%a8%d8%b9%d8%a9-%d8%ae%d8%a7%d8%b5%d8%a9/,2000,,In stock,دار ديوان
رائحة الدم,https://diwanegypt.com/product/%d8%b1%d8%a7%d8%a6%d8%ad%d8%a9-%d8%a7%d9%84%d8%af%d9%85/,175,,In stock,دار ديوان
أخي لوركا,https://diwanegypt.com/product/%d8%a3%d8%ae%d9%8a-%d9%84%d9%88%d8%b1%d9%83%d8%a7/,175,,In stock,دار ديوان
أشعار أسامة الدناصوري,https://diwanegypt.com/product/%d8%a3%d8%b4%d8%b9%d8%a7%d8%b1-%d8%a3%d8%b3%d8%a7%d9%85%d8%a9-%d8%a7%d9%84%d8%af%d9%86%d8%a7%d8%b5%d9%88%d8%b1%d9%8a/,200,,In stock,دار ديوان
الخرز الملون- خمسة أيام في حياة نسرين حوري,https://diwanegypt.com/product/%d8%a7%d9%84%d8%ae%d8%b1%d8%b2-%d8%a7%d9%84%d9%85%d9%84%d9%88%d9%86-%d8%ae%d9%85%d8%b3%d8%a9-%d8%a3%d9%8a%d8%a7%d9%85-%d9%81%d9%8a-%d8%ad%d9%8a%d8%a7%d8%a9-%d9%86%d8%b3%d8%b1%d9%8a%d9%86-%d8%ad%d9%88/,185,,In stock,دار ديوان
شهر العسل,https://diwanegypt.com/product/%d8%b4%d9%87%d8%b1-%d8%a7%d9%84%d8%b9%d8%b3%d9%84/,300,,In stock,دار ديوان
القاهرة الذاكرة الفوتوغرافية,https://diwanegypt.com/product/%d8%a7%d9%84%d9%82%d8%a7%d9%87%d8%b1%d8%a9-%d8%a7%d9%84%d8%b0%d8%a7%d9%83%d8%b1%d8%a9-%d8%a7%d9%84%d9%81%d9%88%d8%aa%d9%88%d8%ba%d8%b1%d8%a7%d9%81%d9%8a%d8%a9/,1200,,In stock,دار ديوان
تأملات في عذوبة الكون,https://diwanegypt.com/product/%d8%aa%d8%a3%d9%85%d9%84%d8%a7%d8%aa-%d9%81%d9%8a-%d8%b9%d8%b0%d9%88%d8%a8%d8%a9-%d8%a7%d9%84%d9%83%d9%88%d9%86/,185,,In stock,دار ديوان
شلة الأنس,https://diwanegypt.com/product/%d8%b4%d9%84%d8%a9-%d8%a7%d9%84%d8%a3%d9%86%d8%b3/,200,,In stock,دار ديوان
الأفيون,https://diwanegypt.com/product/%d8%a7%d9%84%d8%a3%d9%81%d9%8a%d9%88%d9%86/,165,,In stock,دار ديوان
القرآن محاولة لفهم عصري,https://diwanegypt.com/product/%d8%a7%d9%84%d9%82%d8%b1%d8%a2%d9%86-%d9%85%d8%ad%d8%a7%d9%88%d9%84%d8%a9-%d9%84%d9%81%d9%87%d9%85-%d8%b9%d8%b5%d8%b1%d9%8a/,210,,In stock,دار ديوان
الأيام,https://diwanegypt.com/product/%d8%a7%d9%84%d8%a3%d9%8a%d8%a7%d9%85/,320,,In stock,دار ديوان
تحت المظلة,https://diwanegypt.com/product/%d8%aa%d8%ad%d8%aa-%d8%a7%d9%84%d9%85%d8%b8%d9%84%d8%a9/,300,,In stock,دار ديوان
أكل عيش,https://diwanegypt.com/product/%d8%a3%d9%83%d9%84-%d8%b9%d9%8a%d8%b4/,165,,In stock,دار ديوان
الشيخان,https://diwanegypt.com/product/%d8%a7%d9%84%d8%b4%d9%8a%d8%ae%d8%a7%d9%86-3/,230,,In stock,دار ديوان
ألعاب السيرك السياسي,https://diwanegypt.com/product/%d8%a3%d9%84%d8%b9%d8%a7%d8%a8-%d8%a7%d9%84%d8%b3%d9%8a%d8%b1%d9%83-%d8%a7%d9%84%d8%b3%d9%8a%d8%a7%d8%b3%d9%8a/,165,,In stock,دار ديوان
لم يُعثَر عليه,https://diwanegypt.com/product/%d9%84%d9%85-%d9%8a%d9%8f%d8%b9%d8%ab%d9%8e%d8%b1-%d8%b9%d9%84%d9%8a%d9%87/,300,,In stock,دار ديوان
أن تكون عباس العبد,https://diwanegypt.com/product/%d8%a3%d9%86-%d8%aa%d9%83%d9%88%d9%86-%d8%b9%d8%a8%d8%a7%d8%b3-%d8%a7%d9%84%d8%b9%d8%a8%d8%af/,150,,In stock,دار ديوان
المعجم السري للآباء: عن الأبوة و البنوة,https://diwanegypt.com/product/%d8%a7%d9%84%d9%85%d8%b9%d8%ac%d9%85-%d8%a7%d9%84%d8%b3%d8%b1%d9%8a-%d9%84%d9%84%d8%a2%d8%a8%d8%a7%d8%a1-%d8%b9%d9%86-%d8%a7%d9%84%d8%a3%d8%a8%d9%88%d8%a9-%d9%88-%d8%a7%d9%84%d8%a8%d9%86%d9%88%d8%a9/,250,,In stock,دار ديوان
إنسان غير عقلاني – دراسة في الفلسفة الوجودية,https://diwanegypt.com/product/%d8%a5%d9%86%d8%b3%d8%a7%d9%86-%d8%ba%d9%8a%d8%b1-%d8%b9%d9%82%d9%84%d8%a7%d9%86%d9%8a-%d8%af%d8%b1%d8%a7%d8%b3%d8%a9-%d9%81%d9%8a-%d8%a7%d9%84%d9%81%d9%84%d8%b3%d9%81%d8%a9-%d8%a7%d9%84%d9%88%d8%ac/,450,,In stock,دار ديوان
رجال عاشوا ألف عام,https://diwanegypt.com/product/%d8%b1%d8%ac%d8%a7%d9%84-%d8%b9%d8%a7%d8%b4%d9%88%d8%a7-%d8%a3%d9%84%d9%81-%d8%b9%d8%a7%d9%85/,750,,In stock,دار ديوان
دعاء الكروان,https://diwanegypt.com/product/%d8%af%d8%b9%d8%a7%d8%a1-%d8%a7%d9%84%d9%83%d8%b1%d9%88%d8%a7%d9%86-2/,165,,In stock,دار ديوان
القرار الأخير,https://diwanegypt.com/product/%d8%a7%d9%84%d9%82%d8%b1%d8%a7%d8%b1-%d8%a7%d9%84%d8%a3%d8%ae%d9%8a%d8%b1/,230,,In stock,دار ديوان
الفجر الكاذب,https://diwanegypt.com/product/%d8%a7%d9%84%d9%81%d8%ac%d8%b1-%d8%a7%d9%84%d9%83%d8%a7%d8%b0%d8%a8/,300,,In stock,دار ديوان
قراءة للمستقبل,https://diwanegypt.com/product/%d9%82%d8%b1%d8%a7%d8%a1%d8%a9-%d9%84%d9%84%d9%85%d8%b3%d8%aa%d9%82%d8%a8%d9%84/,200,,In stock,دار ديوان
الوعد الحق,https://diwanegypt.com/product/%d8%a7%d9%84%d9%88%d8%b9%d8%af-%d8%a7%d9%84%d8%ad%d9%82-3/,210,,In stock,دار ديوان
على هامش السيرة,https://diwanegypt.com/product/%d8%b9%d9%84%d9%89-%d9%87%d8%a7%d9%85%d8%b4-%d8%a7%d9%84%d8%b3%d9%8a%d8%b1%d8%a9-2/,600,,In stock,دار ديوان
اثنتا عشرة امرأة,https://diwanegypt.com/product/%d8%a7%d8%ab%d9%86%d8%aa%d8%a7-%d8%b9%d8%b4%d8%b1%d8%a9-%d8%a7%d9%85%d8%b1%d8%a3%d8%a9/,250,,In stock,دار ديوان
سرور,https://diwanegypt.com/product/%d8%b3%d8%b1%d9%88%d8%b1/,250,,In stock,دار ديوان
الله في العقيدة الإسلامية,https://diwanegypt.com/product/%d8%a7%d9%84%d9%84%d9%87-%d9%81%d9%8a-%d8%a7%d9%84%d8%b9%d9%82%d9%8a%d8%af%d8%a9-%d8%a7%d9%84%d8%a5%d8%b3%d9%84%d8%a7%d9%85%d9%8a%d8%a9/,520,,In stock,دار ديوان
عنبر 7,https://diwanegypt.com/product/%d8%b9%d9%86%d8%a8%d8%b1-7/,200,,In stock,دار ديوان
قطط الكهوف,https://diwanegypt.com/product/%d9%82%d8%b7%d8%b7-%d8%a7%d9%84%d9%83%d9%87%d9%88%d9%81/,150,,In stock,دار ديوان
الجريمة,https://diwanegypt.com/product/%d8%a7%d9%84%d8%ac%d8%b1%d9%8a%d9%85%d8%a9/,230,,In stock,دار ديوان
فتوة العطوف,https://diwanegypt.com/product/%d9%81%d8%aa%d9%88%d8%a9-%d8%a7%d9%84%d8%b9%d8%b7%d9%88%d9%81/,185,,In stock,دار ديوان
التنظيم السري,https://diwanegypt.com/product/%d8%a7%d9%84%d8%aa%d9%86%d8%b8%d9%8a%d9%85-%d8%a7%d9%84%d8%b3%d8%b1%d9%8a/,230,,In stock,دار ديوان
المستحيل,https://diwanegypt.com/product/%d8%a7%d9%84%d9%85%d8%b3%d8%aa%d8%ad%d9%8a%d9%84/,200,,In stock,دار ديوان
الإسلام في خندق,https://diwanegypt.com/product/%d8%a7%d9%84%d8%a3%d8%b3%d9%84%d8%a7%d9%85-%d9%81%d9%8a-%d8%ae%d9%86%d8%af%d9%82/,210,,In stock,دار ديوان
المؤامرة الكبرى,https://diwanegypt.com/product/%d8%a7%d9%84%d9%85%d8%a4%d8%a7%d9%85%d8%b1%d8%a9-%d8%a7%d9%84%d9%83%d8%a8%d8%b1%d9%89/,210,,In stock,دار ديوان
زمجرة,https://diwanegypt.com/product/%d8%b2%d9%85%d8%ac%d8%b1%d8%a9/,210,,In stock,دار ديوان
أرض النفاق,https://diwanegypt.com/product/%d8%a3%d8%b1%d8%b6-%d8%a7%d9%84%d9%86%d9%81%d8%a7%d9%82/,350,,In stock,دار ديوان
السقا مات,https://diwanegypt.com/product/%d8%a7%d9%84%d8%b3%d9%82%d8%a7-%d9%85%d8%a7%d8%aa/,390,,In stock,دار ديوان
ميمي شكيب- سيرة أخرى,https://diwanegypt.com/product/%d9%85%d9%8a%d9%85%d9%8a-%d8%b4%d9%83%d9%8a%d8%a8-%d8%b3%d9%8a%d8%b1%d8%a9-%d8%a3%d8%ae%d8%b1%d9%89/,280,,In stock,دار ديوان
طروادة,https://diwanegypt.com/product/%d8%b7%d8%b1%d9%88%d8%a7%d8%af%d8%a9/,450,,In stock,دار ديوان
#باتمان_حلوان,https://diwanegypt.com/product/%d8%a8%d8%a7%d8%aa%d9%85%d8%a7%d9%86_%d8%ad%d9%84%d9%88%d8%a7%d9%86/,550,,In stock,دار ديوان
الحب فوق هضبة الهرم,https://diwanegypt.com/product/%d8%a7%d9%84%d8%ad%d8%a8-%d9%81%d9%88%d9%82-%d9%87%d8%b6%d8%a8%d8%a9-%d8%a7%d9%84%d9%87%d8%b1%d9%85/,350,,In stock,دار ديوان
كلمة السر,https://diwanegypt.com/product/%d9%83%d9%84%d9%85%d8%a9-%d8%a7%d9%84%d8%b3%d8%b1/,200,,In stock,دار ديوان
عصر القرود,https://diwanegypt.com/product/%d8%b9%d8%b5%d8%b1-%d8%a7%d9%84%d9%82%d8%b1%d9%88%d8%af/,165,,In stock,دار ديوان
على سفر,https://diwanegypt.com/product/%d8%b9%d9%84%d9%89-%d8%b3%d9%81%d8%b1/,175,,In stock,دار ديوان
بين الأطلال,https://diwanegypt.com/product/%d8%a8%d9%8a%d9%86-%d8%a7%d9%84%d8%a3%d8%b7%d9%84%d8%a7%d9%84/,350,,In stock,دار ديوان
سواح في دنيا الله,https://diwanegypt.com/product/%d8%b3%d9%88%d8%a7%d8%ad-%d9%81%d9%8a-%d8%af%d9%86%d9%8a%d8%a7-%d8%a7%d9%84%d9%84%d9%87/,210,,In stock,دار ديوان
بحار الحب عند الصوفية,https://diwanegypt.com/product/%d8%a8%d8%ad%d8%a7%d8%b1-%d8%a7%d9%84%d8%ad%d8%a8-%d8%b9%d9%86%d8%af-%d8%a7%d9%84%d8%b5%d9%88%d9%81%d9%8a%d8%a9-2/,400,,In stock,دار ديوان
مذكرات صائم,https://diwanegypt.com/product/%d9%85%d8%b0%d9%83%d8%b1%d8%a7%d8%aa-%d8%b5%d8%a7%d8%a6%d9%85/,230,,In stock,دار ديوان
أفلام غير مشاهدة بدقة,https://diwanegypt.com/product/%d8%a3%d9%81%d9%84%d8%a7%d9%85-%d8%ba%d9%8a%d8%b1-%d9%85%d8%b4%d8%a7%d9%87%d8%af%d8%a9-%d8%a8%d8%af%d9%82%d8%a9/,400,,In stock,دار ديوان
كيف تتفاوض مع أطفالك؟,https://diwanegypt.com/product/%d9%83%d9%8a%d9%81-%d8%aa%d8%aa%d9%81%d8%a7%d9%88%d8%b6-%d9%85%d8%b9-%d8%a3%d8%b7%d9%81%d8%a7%d9%84%d9%83%d8%9f/,350,,In stock,دار ديوان
أيها العالم الجميل، أين أنت؟,https://diwanegypt.com/product/%d8%a3%d9%8a%d9%87%d8%a7-%d8%a7%d9%84%d8%b9%d8%a7%d9%84%d9%85-%d8%a7%d9%84%d8%ac%d9%85%d9%8a%d9%84%d8%8c-%d8%a3%d9%8a%d9%86-%d8%a3%d9%86%d8%aa%d8%9f/,450,,In stock,دار ديوان
الأحلام,https://diwanegypt.com/product/%d8%a7%d9%84%d8%a3%d8%ad%d9%84%d8%a7%d9%85/,200,,In stock,دار ديوان
الرواية المسروقة,https://diwanegypt.com/product/%d8%a7%d9%84%d8%b1%d9%88%d8%a7%d9%8a%d8%a9-%d8%a7%d9%84%d9%85%d8%b3%d8%b1%d9%88%d9%82%d8%a9/,210,,In stock,دار ديوان
كنوز مقابر مصر: عجائب الأمور في شواهد القبور,https://diwanegypt.com/product/%d9%83%d9%86%d9%88%d8%b2-%d9%85%d9%82%d8%a7%d8%a8%d8%b1-%d9%85%d8%b5%d8%b1-%d8%b9%d8%ac%d8%a7%d8%a6%d8%a8-%d8%a7%d9%84%d8%a3%d9%85%d9%88%d8%b1-%d9%81%d9%8a-%d8%b4%d9%88%d8%a7%d9%87%d8%af-%d8%a7%d9%84/,550,,In stock,دار ديوان
حكاية بلا بداية ولا نهاية,https://diwanegypt.com/product/%d8%ad%d9%83%d8%a7%d9%8a%d8%a9-%d8%a8%d9%84%d8%a7-%d8%a8%d8%af%d8%a7%d9%8a%d8%a9-%d9%88%d9%84%d8%a7-%d9%86%d9%87%d8%a7%d9%8a%d8%a9/,300,,In stock,دار ديوان
رأيت فيما يرى النائم,https://diwanegypt.com/product/%d8%b1%d8%a3%d9%8a%d8%aa-%d9%81%d9%8a%d9%85%d8%a7-%d9%8a%d8%b1%d9%89-%d8%a7%d9%84%d9%86%d8%a7%d8%a6%d9%85/,210,,In stock,دار ديوان
السؤال الحائر,https://diwanegypt.com/product/%d8%a7%d9%84%d8%b3%d8%a4%d8%a7%d9%84-%d8%a7%d9%84%d8%ad%d8%a7%d8%a6%d8%b1/,165,,In stock,دار ديوان
التثقيف زمن التأفيف,https://diwanegypt.com/product/%d8%a7%d9%84%d8%aa%d8%ab%d9%82%d9%8a%d9%81-%d8%b2%d9%85%d9%86-%d8%a7%d9%84%d8%aa%d8%a3%d9%81%d9%8a%d9%81/,250,,In stock,دار ديوان
اثنا عشر رجلاً,https://diwanegypt.com/product/%d8%a7%d8%ab%d9%86%d8%a7-%d8%b9%d8%b4%d8%b1-%d8%b1%d8%ac%d9%84%d8%a7%d9%8b/,250,,In stock,دار ديوان
سيرة مولع بالهوانم,https://diwanegypt.com/product/%d8%b3%d9%8a%d8%b1%d8%a9-%d9%85%d9%88%d9%84%d8%b9-%d8%a8%d8%a7%d9%84%d9%87%d9%88%d8%a7%d9%86%d9%85/,175,,In stock,دار ديوان
حوار بين طفل ساذج و قط مثقف,https://diwanegypt.com/product/%d8%ad%d9%88%d8%a7%d8%b1-%d8%a8%d9%8a%d9%86-%d8%b7%d9%81%d9%84-%d8%b3%d8%a7%d8%b0%d8%ac-%d9%88-%d9%82%d8%b7-%d9%85%d8%ab%d9%82%d9%81/,150,,In stock,دار ديوان
كواليس الحب,https://diwanegypt.com/product/%d9%83%d9%88%d8%a7%d9%84%d9%8a%d8%b3-%d8%a7%d9%84%d8%ad%d8%a8/,250,,In stock,دار ديوان
الشيطان يعظ,https://diwanegypt.com/product/%d8%a7%d9%84%d8%b4%d9%8a%d8%b7%d8%a7%d9%86-%d9%8a%d8%b9%d8%b8/,400,,In stock,دار ديوان
أناشيد الإثم والبراءة,https://diwanegypt.com/product/%d8%a3%d9%86%d8%a7%d8%b4%d9%8a%d8%af-%d8%a7%d9%84%d8%a5%d8%ab%d9%85-%d9%88%d8%a7%d9%84%d8%a8%d8%b1%d8%a7%d8%a1%d8%a9/,165,,In stock,دار ديوان
يوم قتل الزعيم,https://diwanegypt.com/product/%d9%8a%d9%88%d9%85-%d9%82%d8%aa%d9%84-%d8%a7%d9%84%d8%b2%d8%b9%d9%8a%d9%85/,165,,In stock,دار ديوان
عصر الحب,https://diwanegypt.com/product/%d8%b9%d8%b5%d8%b1-%d8%a7%d9%84%d8%ad%d8%a8/,210,,In stock,دار ديوان
بيت سيىء السمعة,https://diwanegypt.com/product/%d8%a8%d9%8a%d8%aa-%d8%b3%d9%8a%d9%89%d8%a1-%d8%a7%d9%84%d8%b3%d9%85%d8%b9%d8%a9/,300,,In stock,دار ديوان
صدى النسيان,https://diwanegypt.com/product/%d8%b5%d8%af%d9%89-%d8%a7%d9%84%d9%86%d8%b3%d9%8a%d8%a7%d9%86/,185,,In stock,دار ديوان
محمد,https://diwanegypt.com/product/%d9%85%d8%ad%d9%85%d8%af/,165,,In stock,دار ديوان
إسرائيل البداية والنهاية,https://diwanegypt.com/product/%d8%a5%d8%b3%d8%b1%d8%a7%d8%a6%d9%8a%d9%84-%d8%a7%d9%84%d8%a8%d8%af%d8%a7%d9%8a%d8%a9/,200,,In stock,دار ديوان
ماذا وراء بوابة الموت؟,https://diwanegypt.com/product/%d9%85%d8%a7%d8%b0%d8%a7-%d9%88%d8%b1%d8%a7%d8%a1-%d8%a8%d9%88%d8%a7%d8%a8%d8%a9-%d8%a7%d9%84%d9%85%d9%88%d8%aa%d8%9f/,200,,In stock,دار ديوان
التوراة,https://diwanegypt.com/product/%d8%a7%d9%84%d8%aa%d9%88%d8%b1%d8%a7%d8%a9/,165,,In stock,دار ديوان
ميرامار ( كوميكس),https://diwanegypt.com/product/%d9%85%d9%8a%d8%b1%d8%a7%d9%85%d8%a7%d8%b1-%d9%83%d9%88%d9%85%d9%8a%d9%83%d8%b3/,350,,In stock,دار ديوان
السمان والخريف,https://diwanegypt.com/product/%d8%a7%d9%84%d8%b3%d9%85%d8%a7%d9%86-%d9%88%d8%a7%d9%84%d8%ae%d8%b1%d9%8a%d9%81/,230,,In stock,دار ديوان
كفاح طيبة,https://diwanegypt.com/product/%d9%83%d9%81%d8%a7%d8%ad-%d8%b7%d9%8a%d8%a8%d8%a9/,300,,In stock,دار ديوان
يحدث لأسباب عاطفية,https://diwanegypt.com/product/%d9%8a%d8%ad%d8%af%d8%ab-%d9%84%d8%a3%d8%b3%d8%a8%d8%a7%d8%a8-%d8%b9%d8%a7%d8%b7%d9%81%d9%8a%d8%a9/,150,,In stock,دار ديوان
سيدي الحب,https://diwanegypt.com/product/%d8%b3%d9%8a%d8%af%d9%8a-%d8%a7%d9%84%d8%ad%d8%a8/,290,,In stock,دار ديوان
العائش في الحقيقة,https://diwanegypt.com/product/%d8%a7%d9%84%d8%b9%d8%a7%d8%a6%d8%b4-%d9%81%d9%8a-%d8%a7%d9%84%d8%ad%d9%82%d9%8a%d9%82%d8%a9/,230,,In stock,دار ديوان
العنكبوت,https://diwanegypt.com/product/%d8%a7%d9%84%d8%b9%d9%86%d9%83%d8%a8%d9%88%d8%aa/,165,,In stock,دار ديوان
الأحد عشر – رواية,https://diwanegypt.com/product/%d8%a7%d9%84%d8%a3%d8%ad%d8%af-%d8%b9%d8%b4%d8%b1/,250,,In stock,دار ديوان
الدنيا اللي في بالي,https://diwanegypt.com/product/%d8%a7%d9%84%d8%af%d9%86%d9%8a%d8%a7-%d8%a7%d9%84%d9%84%d9%8a-%d9%81%d9%8a-%d8%a8%d8%a7%d9%84%d9%8a/,150,,In stock,دار ديوان
قصص الحيوان في القرآن,https://diwanegypt.com/product/%d9%82%d8%b5%d8%b5-%d8%a7%d9%84%d8%ad%d9%8a%d9%88%d8%a7%d9%86-%d9%81%d9%8a-%d8%a7%d9%84%d9%82%d8%b1%d8%a2%d9%86/,460,,In stock,دار ديوان
جنون مصري قديم,https://diwanegypt.com/product/%d8%ac%d9%86%d9%88%d9%86-%d9%85%d8%b5%d8%b1%d9%8a-%d9%82%d8%af%d9%8a%d9%85/,290,,In stock,دار ديوان
الأودسّة,https://diwanegypt.com/product/%d8%a7%d9%84%d8%a3%d9%88%d8%af%d8%b3%d9%91%d8%a9/,450,,In stock,دار ديوان
المرايا,https://diwanegypt.com/product/%d8%a7%d9%84%d9%85%d8%b1%d8%a7%d9%8a%d8%a7/,380,,In stock,دار ديوان
الطريق,https://diwanegypt.com/product/%d8%a7%d9%84%d8%b7%d8%b1%d9%8a%d9%82/,230,,In stock,دار ديوان
رادوبيس,https://diwanegypt.com/product/%d8%b1%d8%a7%d8%af%d9%88%d8%a8%d9%8a%d8%b3/,300,,In stock,دار ديوان
لغز الموت,https://diwanegypt.com/product/%d9%84%d8%ba%d8%b2-%d8%a7%d9%84%d9%85%d9%88%d8%aa/,200,,In stock,دار ديوان
بدون فصل أخير,https://diwanegypt.com/product/%d8%a8%d8%af%d9%88%d9%86-%d9%81%d8%b5%d9%84-%d8%a3%d8%ae%d9%8a%d8%b1/,150,,In stock,دار ديوان
اللص والكلاب (كوميكس),https://diwanegypt.com/product/%d8%a7%d9%84%d9%84%d8%b5-%d9%88%d8%a7%d9%84%d9%83%d9%84%d8%a7%d8%a8-%d9%83%d9%88%d9%85%d9%8a%d9%83%d8%b3/,350,,In stock,دار ديوان
نائب عزرائيل,https://diwanegypt.com/product/%d9%86%d8%a7%d8%a6%d8%a8-%d8%b9%d8%b2%d8%b1%d8%a7%d8%a6%d9%8a%d9%84/,180,,In stock,دار ديوان
حكايات حارتنا,https://diwanegypt.com/product/%d8%ad%d9%83%d8%a7%d9%8a%d8%a7%d8%aa-%d8%ad%d8%a7%d8%b1%d8%aa%d9%86%d8%a7/,230,,In stock,دار ديوان
رحلة ابن فطومة,https://diwanegypt.com/product/%d8%b1%d8%ad%d9%84%d8%a9-%d8%a7%d8%a8%d9%86-%d9%81%d8%b7%d9%88%d9%85%d8%a9/,185,,In stock,دار ديوان
قشتمر,https://diwanegypt.com/product/%d9%82%d8%b4%d8%aa%d9%85%d8%b1/,210,,In stock,دار ديوان
لغز الحياة,https://diwanegypt.com/product/%d9%84%d8%ba%d8%b2-%d8%a7%d9%84%d8%ad%d9%8a%d8%a7%d8%a9/,165,,In stock,دار ديوان
الوجود والعدم,https://diwanegypt.com/product/%d8%a7%d9%84%d9%88%d8%ac%d9%88%d8%af-%d9%88%d8%a7%d9%84%d8%b9%d8%af%d9%85/,200,,In stock,دار ديوان
اينشتين والنسبية,https://diwanegypt.com/product/%d8%a7%d9%8a%d9%86%d8%b4%d8%aa%d9%8a%d9%86-%d9%88%d8%a7%d9%84%d9%86%d8%b3%d8%a8%d9%8a%d8%a9/,165,,In stock,دار ديوان
الباقي من الزمن ساعة,https://diwanegypt.com/product/%d8%a7%d9%84%d8%a8%d8%a7%d9%82%d9%8a-%d9%85%d9%86-%d8%a7%d9%84%d8%b2%d9%85%d9%86-%d8%b3%d8%a7%d8%b9%d8%a9/,200,,In stock,دار ديوان
أمام العرش,https://diwanegypt.com/product/%d8%a3%d9%85%d8%a7%d9%85-%d8%a7%d9%84%d8%b9%d8%b1%d8%b4/,230,,In stock,دار ديوان
نوبة حراسة الأحلام,https://diwanegypt.com/product/%d9%86%d9%88%d8%a8%d8%a9-%d8%ad%d8%b1%d8%a7%d8%b3%d8%a9-%d8%a7%d9%84%d8%a3%d8%ad%d9%84%d8%a7%d9%85/,175,,In stock,دار ديوان
كتاب مراد,https://diwanegypt.com/product/%d9%83%d8%aa%d8%a7%d8%a8-%d9%85%d8%b1%d8%a7%d8%af/,1000,,In stock,دار ديوان
حضرة المحترم,https://diwanegypt.com/product/%d8%ad%d8%b6%d8%b1%d8%a9-%d8%a7%d9%84%d9%85%d8%ad%d8%aa%d8%b1%d9%85/,230,,In stock,دار ديوان
الحب تحت المطر,https://diwanegypt.com/product/%d8%a7%d9%84%d8%ad%d8%a8-%d8%aa%d8%ad%d8%aa-%d8%a7%d9%84%d9%85%d8%b7%d8%b1/,230,,In stock,دار ديوان
الشيطان يحكم,https://diwanegypt.com/product/%d8%a7%d9%84%d8%b4%d9%8a%d8%b7%d8%a7%d9%86-%d9%8a%d8%ad%d9%83%d9%85/,210,,In stock,دار ديوان
أحلام ومآسي,https://diwanegypt.com/product/%d8%a3%d8%ad%d9%84%d8%a7%d9%85-%d9%88%d9%85%d8%a2%d8%b3%d9%8a/,150,,In stock,دار ديوان
القاهرة الجديدة,https://diwanegypt.com/product/%d8%a7%d9%84%d9%82%d8%a7%d9%87%d8%b1%d8%a9-%d8%a7%d9%84%d8%ac%d8%af%d9%8a%d8%af%d8%a9/,300,,In stock,دار ديوان
زقاق المدق,https://diwanegypt.com/product/%d8%b2%d9%82%d8%a7%d9%82-%d8%a7%d9%84%d9%85%d8%af%d9%82/,350,,In stock,دار ديوان
أحلام فترة النقاهة,https://diwanegypt.com/product/%d8%a3%d8%ad%d9%84%d8%a7%d9%85-%d9%81%d8%aa%d8%b1%d8%a9-%d8%a7%d9%84%d9%86%d9%82%d8%a7%d9%87%d8%a9/,230,,In stock,دار ديوان
السراب,https://diwanegypt.com/product/%d8%a7%d9%84%d8%b3%d8%b1%d8%a7%d8%a8/,380,,In stock,دار ديوان
حواء آدم,https://diwanegypt.com/product/%d8%ad%d9%88%d8%a7%d8%a1-%d8%a2%d8%af%d9%85/,250,,In stock,دار ديوان
رحلة المراهقة,https://diwanegypt.com/product/%d8%b1%d8%ad%d9%84%d8%a9-%d8%a7%d9%84%d9%85%d8%b1%d8%a7%d9%87%d9%82%d8%a9/,185,,In stock,دار ديوان
خمارة القط الأسود,https://diwanegypt.com/product/%d8%ae%d9%85%d8%a7%d8%b1%d8%a9-%d8%a7%d9%84%d9%82%d8%b7-%d8%a7%d9%84%d8%a3%d8%b3%d9%88%d8%af/,300,,In stock,دار ديوان
تأملات في دنيا الله,https://diwanegypt.com/product/%d8%aa%d8%a3%d9%85%d9%84%d8%a7%d8%aa-%d9%81%d9%8a-%d8%af%d9%86%d9%8a%d8%a7-%d8%a7%d9%84%d9%84%d9%87/,200,,In stock,دار ديوان
علم نفس قرآني جديد,https://diwanegypt.com/product/%d8%b9%d9%84%d9%85-%d9%86%d9%81%d8%b3%d9%8a-%d9%82%d8%b1%d8%a2%d9%86%d9%8a-%d8%ac%d8%af%d9%8a%d8%af/,200,,In stock,دار ديوان
أم كلثوم: من الميلاد إلى الأسطورة,https://diwanegypt.com/product/%d8%a3%d9%85-%d9%83%d9%84%d8%ab%d9%88%d9%85-%d9%85%d9%86-%d8%a7%d9%84%d9%85%d9%8a%d9%84%d8%a7%d8%af-%d8%a5%d9%84%d9%89-%d8%a7%d9%84%d8%a3%d8%b3%d8%b7%d9%88%d8%b1%d8%a9-2/,2000,,In stock,دار ديوان
خان الخليلي,https://diwanegypt.com/product/%d8%ae%d8%a7%d9%86-%d8%a7%d9%84%d8%ae%d9%84%d9%8a%d9%84%d9%8a/,350,,In stock,دار ديوان
الفهامة,https://diwanegypt.com/product/%d8%a7%d9%84%d9%81%d9%87%d8%a7%d9%85%d8%a9/,450,,In stock,دار ديوان
أشعار عماد أبو صالح,https://diwanegypt.com/product/%d8%a3%d8%b4%d8%b9%d8%a7%d8%b1-%d8%b9%d9%85%d8%a7%d8%af-%d8%a3%d8%a8%d9%88-%d8%b5%d8%a7%d9%84%d8%ad/,500,,In stock,دار ديوان
الخروج من غيط العنب,https://diwanegypt.com/product/%d8%a7%d9%84%d8%ae%d8%b1%d9%88%d8%ac-%d9%85%d9%86-%d8%ba%d9%8a%d8%b7-%d8%a7%d9%84%d8%b9%d9%86%d8%a8/,150,,In stock,دار ديوان
عبث الاقدار,https://diwanegypt.com/product/%d8%b9%d8%a8%d8%ab-%d8%a7%d9%84%d8%a7%d9%82%d8%af%d8%a7%d8%b1/,300,,In stock,دار ديوان
الله والإنسان,https://diwanegypt.com/product/%d8%a7%d9%84%d9%84%d9%87-%d9%88%d8%a7%d9%84%d8%a5%d9%86%d8%b3%d8%a7%d9%86/,200,,In stock,دار ديوان
بداية ونهاية,https://diwanegypt.com/product/%d8%a8%d8%af%d8%a7%d9%8a%d8%a9-%d9%88%d9%86%d9%87%d8%a7%d9%8a%d8%a9/,400,,In stock,دار ديوان
عن الأسى والتأسي,https://diwanegypt.com/product/%d8%b9%d9%86-%d8%a7%d9%84%d8%a3%d8%b3%d9%89-%d9%88%d8%a7%d9%84%d8%aa%d8%a3%d8%b3%d9%8a/,450,,In stock,دار ديوان
أصداء السيرة الذاتية,https://diwanegypt.com/product/%d8%a3%d8%b5%d8%af%d8%a7%d8%a1-%d8%a7%d9%84%d8%b3%d9%8a%d8%b1%d8%a9-%d8%a7%d9%84%d8%b0%d8%a7%d8%aa%d9%8a%d8%a9/,210,,In stock,دار ديوان
ميرامار,https://diwanegypt.com/product/%d9%85%d9%8a%d8%b1%d8%a7%d9%85%d8%a7%d8%b1/,300,,In stock,دار ديوان
الكرنك,https://diwanegypt.com/product/%d8%a7%d9%84%d9%83%d8%b1%d9%86%d9%83/,185,,In stock,دار ديوان
يتمنعن وهن الراغبات,https://diwanegypt.com/product/%d9%8a%d8%aa%d9%85%d9%86%d8%b9%d9%86-%d9%88%d9%87%d9%86-%d8%a7%d9%84%d8%b1%d8%a7%d8%ba%d8%a8%d8%a7%d8%aa/,200,,In stock,دار ديوان
55 مشكلة حب,https://diwanegypt.com/product/55-%d9%85%d8%b4%d9%83%d9%84%d8%a9-%d8%ad%d8%a8/,200,,In stock,دار ديوان
الله,https://diwanegypt.com/product/%d8%a7%d9%84%d9%84%d9%87/,165,,In stock,دار ديوان
دنيا الله,https://diwanegypt.com/product/%d8%af%d9%86%d9%8a%d8%a7-%d8%a7%d9%84%d9%84%d9%87/,300,,In stock,دار ديوان
في الحب والحياة,https://diwanegypt.com/product/%d9%81%d9%8a-%d8%a7%d9%84%d8%ad%d8%a8-%d9%88%d8%a7%d9%84%d8%ad%d9%8a%d8%a7%d8%a9/,200,,In stock,دار ديوان
كل دا كان ليه؟,https://diwanegypt.com/product/%d9%83%d9%84-%d8%af%d8%a7-%d9%83%d8%a7%d9%86-%d9%84%d9%8a%d9%87%d8%9f/,500,,In stock,دار ديوان
الفتنة الكبرى ج2: علي وبنوه,https://diwanegypt.com/product/%d8%a7%d9%84%d9%81%d8%aa%d9%86%d8%a9-%d8%a7%d9%84%d9%83%d8%a8%d8%b1%d9%89-%d8%ac2-%d8%b9%d9%84%d9%8a-%d9%88%d8%a8%d9%86%d9%88%d9%87/,260,,In stock,دار ديوان
من أسرار القرآن,https://diwanegypt.com/product/%d9%85%d9%86-%d8%a3%d8%b3%d8%b1%d8%a7%d8%b1-%d8%a7%d9%84%d9%82%d8%b1%d8%a2%d9%86/,200,,In stock,دار ديوان
القرآن كائن حي,https://diwanegypt.com/product/%d8%a7%d9%84%d9%82%d8%b1%d8%a2%d9%86-%d9%83%d8%a7%d8%a6%d9%86-%d8%ad%d9%8a/,200,,In stock,دار ديوان
مذكرات شيكوريل,https://diwanegypt.com/product/%d9%85%d8%b0%d9%83%d8%b1%d8%a7%d8%aa-%d8%b4%d9%8a%d9%83%d9%88%d8%b1%d9%8a%d9%84/,230,,In stock,دار ديوان
الشحاذ,https://diwanegypt.com/product/%d8%a7%d9%84%d8%b4%d8%ad%d8%a7%d8%b0/,230,,In stock,دار ديوان
مستقبل علم المصريات,https://diwanegypt.com/product/%d9%85%d8%b3%d8%aa%d9%82%d8%a8%d9%84-%d8%b9%d9%84%d9%85-%d8%a7%d9%84%d9%85%d8%b5%d8%b1%d9%8a%d8%a7%d8%aa/,300,,In stock,دار ديوان
أنبياء الله الطبعة المبسطة,https://diwanegypt.com/product/%d8%a3%d9%86%d8%a8%d9%8a%d8%a7%d8%a1-%d8%a7%d9%84%d9%84%d9%87-%d8%a7%d9%84%d8%b7%d8%a8%d8%b9%d8%a9-%d8%a7%d9%84%d9%85%d8%a8%d8%b3%d8%b7%d8%a9/,230,,In stock,دار ديوان
أم كلثوم: من الميلاد إلى الأسطورة,https://diwanegypt.com/product/%d8%a3%d9%85-%d9%83%d9%84%d8%ab%d9%88%d9%85-%d9%85%d9%86-%d8%a7%d9%84%d9%85%d9%8a%d9%84%d8%a7%d8%af-%d8%a5%d9%84%d9%89-%d8%a7%d9%84%d8%a3%d8%b3%d8%b7%d9%88%d8%b1%d8%a9/,600,,In stock,دار ديوان
أفراح القبة,https://diwanegypt.com/product/%d8%a3%d9%81%d8%b1%d8%a7%d8%ad-%d8%a7%d9%84%d9%82%d8%a8%d8%a9/,210,,In stock,دار ديوان
الفتنة الكبرى ج1: عثمان,https://diwanegypt.com/product/%d8%a7%d9%84%d9%81%d8%aa%d9%86%d8%a9-%d8%a7%d9%84%d9%83%d8%a8%d8%b1%d9%89-%d8%ac1-%d8%b9%d8%ab%d9%85%d8%a7%d9%86/,230,,In stock,دار ديوان
رأيت الله,https://diwanegypt.com/product/%d8%b1%d8%a3%d9%8a%d8%aa-%d8%a7%d9%84%d9%84%d9%87/,200,,In stock,دار ديوان
كلبي الهرِم كلبي الحبيب,https://diwanegypt.com/product/%d9%83%d9%84%d8%a8%d9%8a-%d8%a7%d9%84%d9%87%d8%b1%d9%90%d9%85-%d9%83%d9%84%d8%a8%d9%8a-%d8%a7%d9%84%d8%ad%d8%a8%d9%8a%d8%a8/,200,,In stock,دار ديوان
الروح والجسد,https://diwanegypt.com/product/%d8%a7%d9%84%d8%b1%d9%88%d8%ad-%d9%88%d8%a7%d9%84%d8%ac%d8%b3%d8%af/,165,,In stock,دار ديوان
قلب الليل,https://diwanegypt.com/product/%d9%82%d9%84%d8%a8-%d8%a7%d9%84%d9%84%d9%8a%d9%84-2/,185,,In stock,دار ديوان
مذبحة القلعة,https://diwanegypt.com/product/%d9%85%d8%b0%d8%a8%d8%ad%d8%a9-%d8%a7%d9%84%d9%82%d9%84%d8%b9%d8%a9/,250,,In stock,دار ديوان
حوار مع صديقى الملحد,https://diwanegypt.com/product/%d8%ad%d9%88%d8%a7%d8%b1-%d9%85%d8%b9-%d8%b5%d8%af%d9%8a%d9%82%d9%89-%d8%a7%d9%84%d9%85%d9%84%d8%ad%d8%af-2/,200,,In stock,دار ديوان
ثرثرة فوق النيل,https://diwanegypt.com/product/%d8%ab%d8%b1%d8%ab%d8%b1%d8%a9-%d9%81%d9%88%d9%82-%d8%a7%d9%84%d9%86%d9%8a%d9%84-2/,230,,In stock,دار ديوان
ليالي ألف ليلة,https://diwanegypt.com/product/%d9%84%d9%8a%d8%a7%d9%84%d9%8a-%d8%a3%d9%84%d9%81-%d9%84%d9%8a%d9%84%d8%a9/,345,,In stock,دار ديوان
اللص والكلاب,https://diwanegypt.com/product/%d8%a7%d9%84%d9%84%d8%b5-%d9%88%d8%a7%d9%84%d9%83%d9%84%d8%a7%d8%a8-2/,185,,In stock,دار ديوان
رحلتي من الشك إلى الايمان,https://diwanegypt.com/product/%d8%b1%d8%ad%d9%84%d8%aa%d9%8a-%d9%85%d9%86-%d8%a7%d9%84%d8%b4%d9%83-%d8%a5%d9%84%d9%89-%d8%a7%d9%84%d8%a7%d9%8a%d9%85%d8%a7%d9%86/,165,,In stock,دار ديوان
السكرية,https://diwanegypt.com/product/%d8%a7%d9%84%d8%b3%d9%83%d8%b1%d9%8a%d8%a9/,380,,In stock,دار ديوان
قصر الشوق,https://diwanegypt.com/product/%d9%82%d8%b5%d8%b1-%d8%a7%d9%84%d8%b4%d9%88%d9%82/,400,,In stock,دار ديوان
حديث الصباح و المساء,https://diwanegypt.com/product/%d8%ad%d8%af%d9%8a%d8%ab-%d8%a7%d9%84%d8%b5%d8%a8%d8%a7%d8%ad-%d9%88-%d8%a7%d9%84%d9%85%d8%b3%d8%a7%d8%a1/,230,,In stock,دار ديوان
أنبياء الله,https://diwanegypt.com/product/%d8%a3%d9%86%d8%a8%d9%8a%d8%a7%d8%a1-%d8%a7%d9%84%d9%84%d9%87/,690,,In stock,دار ديوان
بين القصرين,https://diwanegypt.com/product/%d8%a8%d9%8a%d9%86-%d8%a7%d9%84%d9%82%d8%b5%d8%b1%d9%8a%d9%86/,450,,In stock,دار ديوان
ملحمة الحرافيش,https://diwanegypt.com/product/%d9%85%d9%84%d8%ad%d9%85%d8%a9-%d8%a7%d9%84%d8%ad%d8%b1%d8%a7%d9%81%d9%8a%d8%b4/,450,,In stock,دار ديوان
همس الجنون,https://diwanegypt.com/product/%d9%87%d9%85%d8%b3-%d8%a7%d9%84%d8%ac%d9%86%d9%88%d9%86/,380,,In stock,دار ديوان
أولاد حارتنا,https://diwanegypt.com/product/%d8%a3%d9%88%d9%84%d8%a7%d8%af-%d8%ad%d8%a7%d8%b1%d8%aa%d9%86%d8%a7/,450,,In stock,دار ديوان
